deff,screen,call_site,api,api_addr,function,path,msg_id,format,text_value,font,font_list,flags,x,y,max_width,color,page,args,selector,observed_n,observed_strings,observed_font,observed_flags,observed_xy,observed_font_list,tag,notes
1,S1,0x1000928,text_draw_msg_fit,0x28e48,0x10008a8,0x10343a0>0x1000928,0x1c2,GAME OVER,,,"0x40d22c8=15,12,10,6",2,84,20,83,local palette sp-28: identity,RAM[0x3d530] (dmd_work_page0),[],(attract page 0 (attr_page_table RAM 0x36e10): attr_page_first_pass_only(pass) != 0),22,"[""GAME OVER""]",15,2,"84,20","40d22c8:15,12,10,6,0:maxw=83",observed,English: fit picks font 15; y English: ((font_height(15)@0x10008c0 + (((32 - font_height(15)@0x10008c0) + ((32 - font_height(...)@0x10008c0) >> 31)) >> 1)) - 1) evaluated with fonts.json font heights / fit choices
1,S2,0x1000190,text_draw_str_fit_page,0x29248,0x1000128,0x10343a0>0x1000190,,,stack_buf[sp-60],,"0x40d2268=15,12,10,6",2,84,60,83,none (0),RAM[0x3d52c] (dmd_work_page1),[],(attract page 1 (attr_page_table RAM 0x36e18): always),15,"[""CREDITS 2/3"", ""CREDITS 1/3"", ""CREDITS 1"", ""CREDITS 0"", ""CREDITS 1 1/3"", ""CREDITS 1 2/3""]",12|15,2,"84,60","40d2268:15,12,10,6,0:maxw=83",observed,string source: stack_buffer stack_buf[sp-60]
1,S2,0x10001cc,text_draw_str_page,0x28f34,0x1000128,0x10343a0>0x10001cc,,,stack_buf[sp-60],text_draw_str_fit_page()@0x1000190,"0x40d2268=15,12,10,6",2,84,((font_height(text_draw_str_fit_page()@0x1000190)@0x1000198 + (((32 - font_height(text_draw_str_fit_page()@0x1000190)@0x1000198) + ((32 - font_height(...)@0x1000198) >> 31)) >> 1)) - 1),,none (0),RAM[0x3d52c] (dmd_work_page1),[],(attract page 1 (attr_page_table RAM 0x36e18): always),15,"[""CREDITS 2/3"", ""CREDITS 1/3"", ""CREDITS 1"", ""CREDITS 0"", ""CREDITS 1 1/3"", ""CREDITS 1 2/3""]",12|15,2,"84,19|84,20",,observed,"font chosen at run time by text_draw_str_fit_page at 0x1000190 (list 0x40d2268 [15, 12, 10, 6], max width None); string source: stack_buffer stack_buf[sp-60]"
1,S3,0x100082c,text_draw_str_fit_page,0x29248,0x1000768,0x10343a0>0x100087c>0x100082c,,,stack_buf[sp-96],,"0x40d22b4=15,12,10,6",2,84,12,83,none (0),RAM[0x3d530] (dmd_work_page0),[],"(attract page 2 (attr_page_table RAM 0x36e20): FUN_0002eb68(pass) != 0 AND (FUN_00022b38(stack_buf[sp-96], 1)@0x100077c & 255) != 0) OR (attract page 3 (attr_page_table RAM 0x36e28): FUN_0002eb88(pass) != 0 AND (FUN_00022b38(stack_buf[sp-96], 1)@0x100077c & 255) != 0) OR (attract page 4 (attr_page_table RAM 0x36e30): FUN_0002eba8(pass) != 0 AND (FUN_00022b38(stack_buf[sp-96], 1)@0x100077c & 255) != 0) OR (attract page 5 (attr_page_table RAM 0x36e38): FUN_0002ebc8(pass) != 0 AND (FUN_00022b38(stack_buf[sp-96], 1)@0x100077c & 255) != 0)",15,"[""REPLAY AT""]",15,2,"84,12","40d22b4:15,12,10,6,0:maxw=83",observed,string source: stack_buffer stack_buf[sp-96]
1,S3,0x1000854,text_draw_str_fit_page,0x29248,0x1000768,0x10343a0>0x100087c>0x1000854,,,loop_var@0x10007d8,,"0x40d22b4=15,12,10,6",2,84,26,83,none (0),RAM[0x3d530] (dmd_work_page0),[],"(attract page 2 (attr_page_table RAM 0x36e20): FUN_0002eb68(pass) != 0 AND (FUN_00022b38(stack_buf[sp-96], 1)@0x100077c & 255) != 0) OR (attract page 3 (attr_page_table RAM 0x36e28): FUN_0002eb88(pass) != 0 AND (FUN_00022b38(stack_buf[sp-96], 1)@0x100077c & 255) != 0) OR (attract page 4 (attr_page_table RAM 0x36e30): FUN_0002eba8(pass) != 0 AND (FUN_00022b38(stack_buf[sp-96], 1)@0x100077c & 255) != 0) OR (attract page 5 (attr_page_table RAM 0x36e38): FUN_0002ebc8(pass) != 0 AND (FUN_00022b38(stack_buf[sp-96], 1)@0x100077c & 255) != 0)",15,"[""20,000,000""]",15,2,"84,26","40d22b4:15,12,10,6,0:maxw=83",observed,string source: value loop_var@0x10007d8
1,S4,0x1000610,text_draw_str_fit_page,0x29248,0x100075c,0x10343a0>0x1000610,,,"lang_select([FUN_0001a5c0(1, 0)@0x10005bc + 0x14])@0x10005cc",,"0x40d22a4=12,10,6",2,84,?deep,83,none (0),RAM[0x3d530] (dmd_work_page0),[],"(attract page 6 (attr_page_table RAM 0x36e40): FUN_0002e7a8(pass) != 0 AND FUN_0001a6c8(1, 0)@0x1000578 != 0 AND FUN_0001a5c0(1, 0)@0x10005bc != 0) OR (attract page 7 (attr_page_table RAM 0x36e48): FUN_0002e9b8(pass) != 0 AND FUN_0001a6c8(1, 0)@0x1000578 != 0 AND FUN_0001a5c0(1, 0)@0x10005bc != 0) OR (attract page 8 (attr_page_table RAM 0x36e50): FUN_0002ea24(pass) != 0 AND FUN_0001a6c8(1, 0)@0x1000578 != 0 AND FUN_0001a5c0(1, 0)@0x10005bc != 0) OR (attract page 9 (attr_page_table RAM 0x36e58): FUN_0002ea90(pass) != 0 AND FUN_0001a6c8(1, 0)@0x1000578 != 0 AND FUN_0001a5c0(1, 0)@0x10005bc != 0) OR (attract page 10 (attr_page_table RAM 0x36e60): FUN_0002eafc(pass) != 0 AND FUN_0001a6c8(1, 0)@0x1000578 != 0 AND FUN_0001a5c0(1, 0)@0x10005bc != 0)",33,"[""GRAND CHAMPION"", ""HIGH SCORE #1"", ""HIGH SCORE #2"", ""HIGH SCORE #3"", ""HIGH SCORE #4""]",12|6,2,"84,9","40d22a4:12,10,6,0:maxw=83",observed,"string source: value lang_select([FUN_0001a5c0(1, 0)@0x10005bc + 0x14])@0x10005cc"
1,S5,0x1000658,text_draw_str_page,0x28f34,0x100075c,0x10343a0>0x1000658,,,"FUN_0001a6c8(1, 0)@0x1000578",12,,2,84,?op,,none (0),RAM[0x3d530] (dmd_work_page0),[],"(attract page 6 (attr_page_table RAM 0x36e40): FUN_0002e7a8(pass) != 0 AND FUN_0001a6c8(1, 0)@0x1000578 != 0 AND FUN_0001a5c0(1, 0)@0x10005bc == 0) OR (attract page 7 (attr_page_table RAM 0x36e48): FUN_0002e9b8(pass) != 0 AND FUN_0001a6c8(1, 0)@0x1000578 != 0 AND FUN_0001a5c0(1, 0)@0x10005bc == 0) OR (attract page 8 (attr_page_table RAM 0x36e50): FUN_0002ea24(pass) != 0 AND FUN_0001a6c8(1, 0)@0x1000578 != 0 AND FUN_0001a5c0(1, 0)@0x10005bc == 0) OR (attract page 9 (attr_page_table RAM 0x36e58): FUN_0002ea90(pass) != 0 AND FUN_0001a6c8(1, 0)@0x1000578 != 0 AND FUN_0001a5c0(1, 0)@0x10005bc == 0) OR (attract page 10 (attr_page_table RAM 0x36e60): FUN_0002eafc(pass) != 0 AND FUN_0001a6c8(1, 0)@0x1000578 != 0 AND FUN_0001a5c0(1, 0)@0x10005bc == 0)",33,"[""G S"", ""L R"", ""J R"", ""D T"", ""P P""]",12,2,"84,19",,observed,"string source: value FUN_0001a6c8(1, 0)@0x1000578"
1,S6,0x10006ac,text_draw_str_page,0x28f34,0x100075c,0x10343a0>0x10006ac,,,stack_buf[sp-96],12,,2,84,?op,,none (0),RAM[0x3d530] (dmd_work_page0),[],"(attract page 6 (attr_page_table RAM 0x36e40): FUN_0002e7a8(pass) != 0 AND FUN_0001a6c8(1, 0)@0x1000578 != 0 AND FUN_0001a5c0(1, 0)@0x10005bc != 0 AND [FUN_0001a5c0(1, 0)@0x10005bc + 0x10] != 0) OR (attract page 7 (attr_page_table RAM 0x36e48): FUN_0002e9b8(pass) != 0 AND FUN_0001a6c8(1, 0)@0x1000578 != 0 AND FUN_0001a5c0(1, 0)@0x10005bc != 0 AND [FUN_0001a5c0(1, 0)@0x10005bc + 0x10] != 0) OR (attract page 8 (attr_page_table RAM 0x36e50): FUN_0002ea24(pass) != 0 AND FUN_0001a6c8(1, 0)@0x1000578 != 0 AND FUN_0001a5c0(1, 0)@0x10005bc != 0 AND [FUN_0001a5c0(1, 0)@0x10005bc + 0x10] != 0) OR (attract page 9 (attr_page_table RAM 0x36e58): FUN_0002ea90(pass) != 0 AND FUN_0001a6c8(1, 0)@0x1000578 != 0 AND FUN_0001a5c0(1, 0)@0x10005bc != 0 AND [FUN_0001a5c0(1, 0)@0x10005bc + 0x10] != 0) OR (attract page 10 (attr_page_table RAM 0x36e60): FUN_0002eafc(pass) != 0 AND FUN_0001a6c8(1, 0)@0x1000578 != 0 AND FUN_0001a5c0(1, 0)@0x10005bc != 0 AND [FUN_0001a5c0(1, 0)@0x10005bc + 0x10] != 0)",0,,,,,,code,string source: stack_buffer stack_buf[sp-96]
1,S7,0x1000710,text_printf_msg,0x28d5c,0x100075c,0x10343a0>0x1000710,,,RAM[0x36f5e].u16,12,,2,84,?op,,none (0),RAM[0x3d530] (dmd_work_page0),[],"(attract page 6 (attr_page_table RAM 0x36e40): FUN_0002e7a8(pass) != 0 AND FUN_0001a6c8(1, 0)@0x1000578 != 0) OR (attract page 7 (attr_page_table RAM 0x36e48): FUN_0002e9b8(pass) != 0 AND FUN_0001a6c8(1, 0)@0x1000578 != 0) OR (attract page 8 (attr_page_table RAM 0x36e50): FUN_0002ea24(pass) != 0 AND FUN_0001a6c8(1, 0)@0x1000578 != 0) OR (attract page 9 (attr_page_table RAM 0x36e58): FUN_0002ea90(pass) != 0 AND FUN_0001a6c8(1, 0)@0x1000578 != 0) OR (attract page 10 (attr_page_table RAM 0x36e60): FUN_0002eafc(pass) != 0 AND FUN_0001a6c8(1, 0)@0x1000578 != 0)",33,"[""75,000,000"", ""55,000,000"", ""40,000,000"", ""30,000,000"", ""25,000,000""]",12,2,"84,29",,observed,
1,S8,0x2f1b0,text_draw_msg,0x28ca8,0x2f120,0x10343a0>0x2f1b0,0x49f,PRIZE POOL:,,12,,2,64,13,,none (0),RAM[0x3d530] (dmd_work_page0),[],(attract page 11 (attr_page_table RAM 0x36e68): FUN_0002f0e8(pass) != 0 AND tournament_get_type()@0x2f128 == 4 AND tournament_get()@0x2f134 != 0),0,,,,,,code,y English: ((((0x55555556 *hi* (28 - (font_height(...)@0x2f148 << 1))) - ((28 - (font_height(...)@0x2f148 << 1)) >> 31)) + font_height(12)@0x2f148) + 1) evaluated with fonts.json font heights / fit choices
1,S8,0x2f1e8,text_draw_str_page,0x28f34,0x2f120,0x10343a0>0x2f1e8,,,"FUN_00025a7c(tournament_get()@0x2f134, stack_buf[sp-64])@0x2f1bc",12,,2,64,25,,none (0),RAM[0x3d530] (dmd_work_page0),[],(attract page 11 (attr_page_table RAM 0x36e68): FUN_0002f0e8(pass) != 0 AND tournament_get_type()@0x2f128 == 4 AND tournament_get()@0x2f134 != 0),0,,,,,,code,"string source: value FUN_00025a7c(tournament_get()@0x2f134, stack_buf[sp-64])@0x2f1bc; y English: (((((0x55555556 *hi* (28 - (... << ...))) - ((28 - (... << ...)) >> 31)) + font_height(12)@0x2f148) << 1) + 1) evaluated with fonts.json font heights / fit choices"
1,S9,0x2f404,text_draw_msg_fit,0x28e48,0x2f260,0x10343a0>0x2f404,,,loop_var@0x2f398,,"0x40d89bc=12,10",2,64,13,128,none (0),RAM[0x3d530] (dmd_work_page0),[],"(attract page 12 (attr_page_table RAM 0x36e70): FUN_0002f248(pass) != 0 AND tournament_get()@0x2f268 != 0 AND [tournament_get()@0x2f268 + 0x124] == 4 AND (FUN_0000cf9c(stack_buf[sp-48], ([tournament_get()@0x2f268 + 0xfc] + [tournament_get()@0x2f268 + 0x10c]), ([tournament_get()@0x2f268 + 0x100] + [tournament_get()@0x2f268 + 0x110]))@0x2f310 & 255) != 0)",0,,,,,,code,y English: ((((0x55555556 *hi* (28 - (font_height(...)@0x2f39c << 1))) - ((28 - (font_height(...)@0x2f39c << 1)) >> 31)) + font_height(12)@0x2f39c) + 1) evaluated with fonts.json font heights / fit choices
1,S9,0x2f448,text_printf_msg,0x28d5c,0x2f260,0x10343a0>0x2f448,,,(loop_var@0x2f398 + 1),12,,2,64,25,,none (0),RAM[0x3d530] (dmd_work_page0),[],"(attract page 12 (attr_page_table RAM 0x36e70): FUN_0002f248(pass) != 0 AND tournament_get()@0x2f268 != 0 AND [tournament_get()@0x2f268 + 0x124] == 4 AND (FUN_0000cf9c(stack_buf[sp-48], ([tournament_get()@0x2f268 + 0xfc] + [tournament_get()@0x2f268 + 0x10c]), ([tournament_get()@0x2f268 + 0x100] + [tournament_get()@0x2f268 + 0x110]))@0x2f310 & 255) != 0)",0,,,,,,code,y English: (((((0x55555556 *hi* (28 - (... << ...))) - ((28 - (... << ...)) >> 31)) + font_height(12)@0x2f39c) << 1) + 1) evaluated with fonts.json font heights / fit choices
1,S10,0x2f05c,text_draw_msg,0x28ca8,0x2efe8,0x10343a0>0x2f05c,0x49d,TOURNAMENT,,12,,2,64,13,,none (0),RAM[0x3d530] (dmd_work_page0),[],(attract page 13 (attr_page_table RAM 0x36e78): FUN_0002efd0(pass) != 0),0,,,,,,code,y English: ((((0x55555556 *hi* (28 - (font_height(...)@0x2eff4 << 1))) - ((28 - (font_height(...)@0x2eff4 << 1)) >> 31)) + font_height(12)@0x2eff4) + 1) evaluated with fonts.json font heights / fit choices
1,S10,0x2f088,text_draw_msg,0x28ca8,0x2efe8,0x10343a0>0x2f088,0x49e,LEADERS:,,12,,2,64,25,,none (0),RAM[0x3d530] (dmd_work_page0),[],(attract page 13 (attr_page_table RAM 0x36e78): FUN_0002efd0(pass) != 0),0,,,,,,code,y English: (((((0x55555556 *hi* (28 - (... << ...))) - ((28 - (... << ...)) >> 31)) + font_height(12)@0x2eff4) << 1) + 1) evaluated with fonts.json font heights / fit choices
1,S11,0x30ac4,text_draw_str_page,0x28f34,0x308e8,0x10343a0>0x2ee8c>0x30ac4,0x4b7,BUMP 'N' WIN,,2,,2,64,7,,none (0),RAM[0x3d530] (dmd_work_page0),[],(attract page 14 (attr_page_table RAM 0x36e80): FUN_0002ee44(pass) != 0 AND tournament_get()@0x2ee7c != 0) OR (attract page 15 (attr_page_table RAM 0x36e88): FUN_0002ee90(pass) != 0 AND tournament_get()@0x2eecc != 0) OR (attract page 16 (attr_page_table RAM 0x36e90): FUN_0002eee0(pass) != 0 AND tournament_get()@0x2ef1c != 0) OR (attract page 17 (attr_page_table RAM 0x36e98): FUN_0002ef30(pass) != 0 AND tournament_get()@0x2ef6c != 0) OR (attract page 18 (attr_page_table RAM 0x36ea0): FUN_0002ef80(pass) != 0 AND tournament_get()@0x2efbc != 0) OR (attract page 22 (attr_page_table RAM 0x36ec0): FUN_0002f6b4(pass) != 0 AND [FUN_00025598()@0x2f6e0 + 0x2c] != 1 AND FUN_00025598()@0x2f6e0 != 0) OR (attract page 23 (attr_page_table RAM 0x36ec8): FUN_0002f714(pass) != 0 AND [FUN_00025598()@0x2f744 + 0x2c] != 1 AND FUN_00025598()@0x2f744 != 0) OR (attract page 24 (attr_page_table RAM 0x36ed0): FUN_0002f778(pass) != 0 AND [FUN_00025598()@0x2f7a8 + 0x2c] != 1 AND FUN_00025598()@0x2f7a8 != 0) OR (attract page 25 (attr_page_table RAM 0x36ed8): FUN_0002f7dc(pass) != 0 AND [FUN_00025598()@0x2f80c + 0x2c] != 1 AND FUN_00025598()@0x2f80c != 0) OR (attract page 26 (attr_page_table RAM 0x36ee0): FUN_0002f840(pass) != 0 AND [FUN_00025598()@0x2f870 + 0x2c] != 1 AND FUN_00025598()@0x2f870 != 0),0,,,,,,code,string source: strcpy stack_buf[sp-92]; y English: (font_height(2)@0x30984 + 2) evaluated with fonts.json font heights / fit choices
1,S11,0x30af4,text_draw_str_page,0x28f34,0x308e8,0x10343a0>0x2ee8c>0x30af4,,,(tournament_get()@0x2ee7c + 52),14,,2,64,19,,none (0),RAM[0x3d530] (dmd_work_page0),[],(attract page 14 (attr_page_table RAM 0x36e80): FUN_0002ee44(pass) != 0 AND tournament_get()@0x2ee7c != 0) OR (attract page 15 (attr_page_table RAM 0x36e88): FUN_0002ee90(pass) != 0 AND tournament_get()@0x2eecc != 0) OR (attract page 16 (attr_page_table RAM 0x36e90): FUN_0002eee0(pass) != 0 AND tournament_get()@0x2ef1c != 0) OR (attract page 17 (attr_page_table RAM 0x36e98): FUN_0002ef30(pass) != 0 AND tournament_get()@0x2ef6c != 0) OR (attract page 18 (attr_page_table RAM 0x36ea0): FUN_0002ef80(pass) != 0 AND tournament_get()@0x2efbc != 0) OR (attract page 22 (attr_page_table RAM 0x36ec0): FUN_0002f6b4(pass) != 0 AND [FUN_00025598()@0x2f6e0 + 0x2c] != 1 AND FUN_00025598()@0x2f6e0 != 0) OR (attract page 23 (attr_page_table RAM 0x36ec8): FUN_0002f714(pass) != 0 AND [FUN_00025598()@0x2f744 + 0x2c] != 1 AND FUN_00025598()@0x2f744 != 0) OR (attract page 24 (attr_page_table RAM 0x36ed0): FUN_0002f778(pass) != 0 AND [FUN_00025598()@0x2f7a8 + 0x2c] != 1 AND FUN_00025598()@0x2f7a8 != 0) OR (attract page 25 (attr_page_table RAM 0x36ed8): FUN_0002f7dc(pass) != 0 AND [FUN_00025598()@0x2f80c + 0x2c] != 1 AND FUN_00025598()@0x2f80c != 0) OR (attract page 26 (attr_page_table RAM 0x36ee0): FUN_0002f840(pass) != 0 AND [FUN_00025598()@0x2f870 + 0x2c] != 1 AND FUN_00025598()@0x2f870 != 0),0,,,,,,code,string source: value (tournament_get()@0x2ee7c + 52); y English: ((font_height(2)@0x30984 + font_height(14)@0x30990) + 4) evaluated with fonts.json font heights / fit choices
1,S11,0x30b34,text_draw_str_page,0x28f34,0x308e8,0x10343a0>0x2ee8c>0x30b34,,,"FUN_000259bc(tournament_get()@0x2ee7c, stack_buf[sp-124], ((0x51eb851f *hi* ((0x51eb851f *hi* (FUN_0002596c(..., ..., ...)@0x30934 * [... + 0x11c])) >> 5)) >> 5), ?op)@0x30b14",12,,2,64,28,,none (0),RAM[0x3d530] (dmd_work_page0),[],(attract page 14 (attr_page_table RAM 0x36e80): FUN_0002ee44(pass) != 0 AND tournament_get()@0x2ee7c != 0) OR (attract page 15 (attr_page_table RAM 0x36e88): FUN_0002ee90(pass) != 0 AND tournament_get()@0x2eecc != 0) OR (attract page 16 (attr_page_table RAM 0x36e90): FUN_0002eee0(pass) != 0 AND tournament_get()@0x2ef1c != 0) OR (attract page 17 (attr_page_table RAM 0x36e98): FUN_0002ef30(pass) != 0 AND tournament_get()@0x2ef6c != 0) OR (attract page 18 (attr_page_table RAM 0x36ea0): FUN_0002ef80(pass) != 0 AND tournament_get()@0x2efbc != 0) OR (attract page 22 (attr_page_table RAM 0x36ec0): FUN_0002f6b4(pass) != 0 AND [FUN_00025598()@0x2f6e0 + 0x2c] != 1 AND FUN_00025598()@0x2f6e0 != 0) OR (attract page 23 (attr_page_table RAM 0x36ec8): FUN_0002f714(pass) != 0 AND [FUN_00025598()@0x2f744 + 0x2c] != 1 AND FUN_00025598()@0x2f744 != 0) OR (attract page 24 (attr_page_table RAM 0x36ed0): FUN_0002f778(pass) != 0 AND [FUN_00025598()@0x2f7a8 + 0x2c] != 1 AND FUN_00025598()@0x2f7a8 != 0) OR (attract page 25 (attr_page_table RAM 0x36ed8): FUN_0002f7dc(pass) != 0 AND [FUN_00025598()@0x2f80c + 0x2c] != 1 AND FUN_00025598()@0x2f80c != 0) OR (attract page 26 (attr_page_table RAM 0x36ee0): FUN_0002f840(pass) != 0 AND [FUN_00025598()@0x2f870 + 0x2c] != 1 AND FUN_00025598()@0x2f870 != 0),0,,,,,,code,"string source: value FUN_000259bc(tournament_get()@0x2ee7c, stack_buf[sp-124], ((0x51eb851f *hi* ((0x51eb851f *hi* (FUN_0002596c(..., ..., ...)@0x30934 * [... + 0x11c])) >> 5)) >> 5), ?op)@0x30b14"
1,S11,0x30b7c,text_printf_msg,0x28d5c,0x308e8,0x10343a0>0x2ee8c>0x30b7c,0x4b6,%d%P1/ST/ND/RD/TH/% PLACE,,12,,2,64,28,,none (0),RAM[0x3d530] (dmd_work_page0),"[{""order"": 1, ""conversion"": ""%d"", ""source"": ""1"", ""constant"": 1}, {""order"": 2, ""conversion"": ""%P1/ST/ND/RD/TH/%"", ""source"": ""1"", ""constant"": 1}]",(attract page 14 (attr_page_table RAM 0x36e80): FUN_0002ee44(pass) != 0 AND tournament_get()@0x2ee7c != 0) OR (attract page 15 (attr_page_table RAM 0x36e88): FUN_0002ee90(pass) != 0 AND tournament_get()@0x2eecc != 0) OR (attract page 16 (attr_page_table RAM 0x36e90): FUN_0002eee0(pass) != 0 AND tournament_get()@0x2ef1c != 0) OR (attract page 17 (attr_page_table RAM 0x36e98): FUN_0002ef30(pass) != 0 AND tournament_get()@0x2ef6c != 0) OR (attract page 18 (attr_page_table RAM 0x36ea0): FUN_0002ef80(pass) != 0 AND tournament_get()@0x2efbc != 0) OR (attract page 22 (attr_page_table RAM 0x36ec0): FUN_0002f6b4(pass) != 0 AND [FUN_00025598()@0x2f6e0 + 0x2c] != 1 AND FUN_00025598()@0x2f6e0 != 0) OR (attract page 23 (attr_page_table RAM 0x36ec8): FUN_0002f714(pass) != 0 AND [FUN_00025598()@0x2f744 + 0x2c] != 1 AND FUN_00025598()@0x2f744 != 0) OR (attract page 24 (attr_page_table RAM 0x36ed0): FUN_0002f778(pass) != 0 AND [FUN_00025598()@0x2f7a8 + 0x2c] != 1 AND FUN_00025598()@0x2f7a8 != 0) OR (attract page 25 (attr_page_table RAM 0x36ed8): FUN_0002f7dc(pass) != 0 AND [FUN_00025598()@0x2f80c + 0x2c] != 1 AND FUN_00025598()@0x2f80c != 0) OR (attract page 26 (attr_page_table RAM 0x36ee0): FUN_0002f840(pass) != 0 AND [FUN_00025598()@0x2f870 + 0x2c] != 1 AND FUN_00025598()@0x2f870 != 0),0,,,,,,code,
1,S11,0x30bbc,text_printf_msg,0x28d5c,0x308e8,0x10343a0>0x2ee8c>0x30bbc,,,RAM[0x36f5e].u16,12,,2,64,28,,none (0),RAM[0x3d530] (dmd_work_page0),[],(attract page 14 (attr_page_table RAM 0x36e80): FUN_0002ee44(pass) != 0 AND tournament_get()@0x2ee7c != 0) OR (attract page 15 (attr_page_table RAM 0x36e88): FUN_0002ee90(pass) != 0 AND tournament_get()@0x2eecc != 0) OR (attract page 16 (attr_page_table RAM 0x36e90): FUN_0002eee0(pass) != 0 AND tournament_get()@0x2ef1c != 0) OR (attract page 17 (attr_page_table RAM 0x36e98): FUN_0002ef30(pass) != 0 AND tournament_get()@0x2ef6c != 0) OR (attract page 18 (attr_page_table RAM 0x36ea0): FUN_0002ef80(pass) != 0 AND tournament_get()@0x2efbc != 0) OR (attract page 22 (attr_page_table RAM 0x36ec0): FUN_0002f6b4(pass) != 0 AND [FUN_00025598()@0x2f6e0 + 0x2c] != 1 AND FUN_00025598()@0x2f6e0 != 0) OR (attract page 23 (attr_page_table RAM 0x36ec8): FUN_0002f714(pass) != 0 AND [FUN_00025598()@0x2f744 + 0x2c] != 1 AND FUN_00025598()@0x2f744 != 0) OR (attract page 24 (attr_page_table RAM 0x36ed0): FUN_0002f778(pass) != 0 AND [FUN_00025598()@0x2f7a8 + 0x2c] != 1 AND FUN_00025598()@0x2f7a8 != 0) OR (attract page 25 (attr_page_table RAM 0x36ed8): FUN_0002f7dc(pass) != 0 AND [FUN_00025598()@0x2f80c + 0x2c] != 1 AND FUN_00025598()@0x2f80c != 0) OR (attract page 26 (attr_page_table RAM 0x36ee0): FUN_0002f840(pass) != 0 AND [FUN_00025598()@0x2f870 + 0x2c] != 1 AND FUN_00025598()@0x2f870 != 0),0,,,,,,code,
1,S12,0x2eda4,text_draw_msg,0x28ca8,0x2ed24,0x10343a0>0x2eda4,0x4a0,BUMP 'N' WIN SCORE,,12,,2,64,12,,none (0),RAM[0x3d530] (dmd_work_page0),[],(attract page 19 (attr_page_table RAM 0x36ea8): FUN_0002ecec(pass) != 0 AND tournament_get()@0x2ed2c != 0),0,,,,,,code,y English: ((font_height(12)@0x2ed40 + ((0x55555556 *hi* (28 - (font_height(...)@0x2ed40 + font_height(...)@0x2ed4c))) - ((28 - (font_height(...)@0x2ed40 + font_height(...)@0x2ed4c)) >> 31))) + 1) evaluated with fonts.json font heights / fit choices
1,S12,0x2ede0,text_printf_msg,0x28d5c,0x2ed24,0x10343a0>0x2ede0,,,RAM[0x36f5e].u16,15,,2,64,?deep,,none (0),RAM[0x3d530] (dmd_work_page0),[],(attract page 19 (attr_page_table RAM 0x36ea8): FUN_0002ecec(pass) != 0 AND tournament_get()@0x2ed2c != 0),0,,,,,,code,
1,S13,0x2f5e8,text_draw_str_page,0x28f34,0x2f4e8,0x10343a0>0x2f5e8,0x4ac,TOP SCORE WINS,,"font_fit_str(stack_buf[sp-160], 0x40d89c8, 128)@0x2f57c","0x40d89c8=12,10",2,64,"((font_height(font_fit_str(stack_buf[sp-160], 0x40d89c8, 128)@0x2f57c)@0x2f584 + ((0x55555556 *hi* (28 - (font_height(...)@0x2f584 + font_height(...)@0x2f590))) - ((28 - (font_height(...)@0x2f584 + font_height(...)@0x2f590)) >> 31))) + 1)",,none (0),RAM[0x3d530] (dmd_work_page0),[],(attract page 20 (attr_page_table RAM 0x36eb0): FUN_0002f4b4(pass) != 0 AND tournament_get()@0x2f4f0 != 0),0,,,,,,code,"font chosen at run time by font_fit_str at 0x2f57c (list 0x40d89c8 [12, 10], max width 128); string source: strcpy stack_buf[sp-160]"
1,S13,0x2f674,text_printf_msg,0x28d5c,0x2f4e8,0x10343a0>0x2f674,0x4ae|0x4af,CASH PRIZE%P1//S/%|PRIZE%P1//S/%,,15,,2,64,?deep,,none (0),RAM[0x3d52c] (dmd_work_page1),"[{""order"": 1, ""conversion"": ""%P1//S/%"", ""source"": ""[tournament_get()@0x2f4f0 + 0x31].u8""}]",(attract page 20 (attr_page_table RAM 0x36eb0): FUN_0002f4b4(pass) != 0 AND tournament_get()@0x2f4f0 != 0),0,,,,,,code,
1,S14,0x2f948,text_printf_msg,0x28d5c,0x2f8b8,0x10343a0>0x2f948,0x4b4|0x4b5,PREVIOUS WINNER%P0///S/%:|CURRENT WINNER%P0///S/%:,,12,,2,64,19,,none (0),RAM[0x3d530] (dmd_work_page0),"[{""order"": 1, ""conversion"": ""%P0///S/%"", ""source"": ""[FUN_00025598()@0x2f8c0 + 0x31].u8""}]",(attract page 21 (attr_page_table RAM 0x36eb8): FUN_0002f8a4(pass) != 0 AND FUN_00025598()@0x2f8c0 != 0),0,,,,,,code,y English: ((font_height(12)@0x2f8d0 + (((28 - font_height(12)@0x2f8d0) + ((28 - font_height(...)@0x2f8d0) >> 31)) >> 1)) + 1) evaluated with fonts.json font heights / fit choices
1,S15,0x10004e8,text_draw_msg,0x28ca8,0x1000468,0x10343a0>0x10004e8,0x343,LEARN MORE ABOUT,,0,,2,84,?deep,,none (0),RAM[0x3d530] (dmd_work_page0),[],(attract page 29 (attr_page_table RAM 0x36ef8): always),3,"[""LEARN MORE ABOUT""]",0,2,"84,8",,observed,"font by language 0-4: [[0], [0], [0], [0], [0]]"
1,S15,0x1000510,text_draw_msg,0x28ca8,0x1000468,0x10343a0>0x1000510,0x344,STERN PINBALL AT,,0,,2,84,?op,,none (0),RAM[0x3d530] (dmd_work_page0),[],(attract page 29 (attr_page_table RAM 0x36ef8): always),3,"[""STERN PINBALL AT""]",0,2,"84,17",,observed,"font by language 0-4: [[0], [0], [0], [0], [0]]"
1,S15,0x100053c,text_draw_msg,0x28ca8,0x1000468,0x10343a0>0x100053c,0x345,WWW.STERNPINBALL.COM,,0,,2,84,?op,,none (0),RAM[0x3d530] (dmd_work_page0),[],(attract page 29 (attr_page_table RAM 0x36ef8): always),3,"[""WWW.STERNPINBALL.COM""]",0,2,"84,26",,observed,"font by language 0-4: [[0], [0], [0], [0], [0]]"
1,S16,0x32d68,text_draw_msg,0x28ca8,0x32d04,0x10343a0>0x32d68,,,FUN_0000ccc8(?stk-part)@0x32d40,12,,2,64,13,,none (0),RAM[0x3d530] (dmd_work_page0),[],(attract page 30 (attr_page_table RAM 0x36f00): FUN_00032cfc(pass) != 0 AND (FUN_0000d244(stack_buf[sp-72])@0x32d14 & 255) != 0),0,,,,,,code,
1,S16,0x32dd8,text_draw_str_page,0x28f34,0x32d04,0x10343a0>0x32dd8,,"%s %02d, %04d %02d:%02d:%02d",stack_buf[sp-64],12,,2,64,25,,none (0),RAM[0x3d530] (dmd_work_page0),"[{""order"": 1, ""conversion"": ""%s"", ""source"": ""msg_get(FUN_0000cd08(?stk-part)@0x32d70)@0x32d7c"", ""function"": ""0xa58c"", ""name"": ""msg_get""}, {""order"": 2, ""conversion"": ""%02d"", ""source"": ""?stk-part""}, {""order"": 3, ""conversion"": ""%04d"", ""source"": ""?stk-part""}, {""order"": 4, ""conversion"": ""%02d"", ""source"": ""?stk-part""}, {""order"": 5, ""conversion"": ""%02d"", ""source"": ""?stk-part""}, {""order"": 6, ""conversion"": ""%02d"", ""source"": ""?stk-part""}]",(attract page 30 (attr_page_table RAM 0x36f00): FUN_00032cfc(pass) != 0 AND (FUN_0000d244(stack_buf[sp-72])@0x32d14 & 255) != 0),0,,,,,,code,string source: sprintf stack_buf[sp-64]
1,S17,0x32e28,text_draw_msg,0x28ca8,0x32d04,0x10343a0>0x32e28,0x212,CLOCK NOT SET,,12,,2,64,19,,none (0),RAM[0x3d530] (dmd_work_page0),[],(attract page 30 (attr_page_table RAM 0x36f00): FUN_00032cfc(pass) != 0 AND (FUN_0000d244(stack_buf[sp-72])@0x32d14 & 255) == 0),0,,,,,,code,
1,S18,0x1000428,text_draw_str_page,0x28f34,0x1000308,0x10343a0>0x1000428,,,"one of {stack_buf[sp-104], (stack_buf[sp-104] + (strlen(one of {stack_buf[sp-104], (stack_buf[sp-104] + (... + ...)), (one of {..., ...} + (... + ...)), (one of {..., ..., ...} + (... + ...)), ?deep})@0x1000438 + 1)), (one of {stack_buf[sp-104], (stack_buf[sp-104] + (strlen(one of {..., ..., ..., ..., ...})@0x1000438 + 1))} + (strlen(one of {stack_buf[sp-104], (stack_buf[sp-104] + (... + ...)), (one of {..., ...} + (... + ...)), (one of {..., ..., ...} + (... + ...)), ?deep})@0x1000438 + 1)), (one of {stack_buf[sp-104], (stack_buf[sp-104] + (strlen(one of {..., ..., ..., ..., ...})@0x1000438 + 1)), (one of {stack_buf[sp-104], (stack_buf[sp-104] + (... + ...))} + (strlen(one of {..., ..., ..., ..., ...})@0x1000438 + 1))} + (strlen(one of {stack_buf[sp-104], (stack_buf[sp-104] + (... + ...)), (one of {..., ...} + (... + ...)), (one of {..., ..., ...} + (... + ...)), ?deep})@0x1000438 + 1)), ?deep}",[loop_var@0x1000400 + 0x0],,2,84,"one of {((__udivsi3((30 - (stack[sp-36] * font_height(...)@0x10003ac)), (stack[sp-36] + 1))@0x10003c8 + font_height([loop_var@0x10003a8 + 0x0])@0x10003ac) + 1), (((__udivsi3((30 - (... * ...)), (stack[sp-36] + 1))@0x10003c8 + font_height([loop_var@0x10003a8 + 0x0])@0x10003ac) + 1) + (__udivsi3((30 - (stack[sp-36] * font_height(...)@0x10003ac)), (stack[sp-36] + 1))@0x10003c8 + font_height([loop_var@0x10003a8 + 0x0])@0x10003ac)), (one of {((__udivsi3((... - ...), (... + ...))@0x10003c8 + font_height([... + 0x0])@0x10003ac) + 1), (((__udivsi3(..., ...)@0x10003c8 + font_height(...)@0x10003ac) + 1) + (__udivsi3((... - ...), (... + ...))@0x10003c8 + font_height([... + 0x0])@0x10003ac))} + (__udivsi3((30 - (stack[sp-36] * font_height(...)@0x10003ac)), (stack[sp-36] + 1))@0x10003c8 + font_height([loop_var@0x10003a8 + 0x0])@0x10003ac)), (one of {((__udivsi3((... - ...), (... + ...))@0x10003c8 + font_height([... + 0x0])@0x10003ac) + 1), (((__udivsi3(..., ...)@0x10003c8 + font_height(...)@0x10003ac) + 1) + (__udivsi3((... - ...), (... + ...))@0x10003c8 + font_height([... + 0x0])@0x10003ac)), (one of {((... + ...) + 1), ((... + ...) + (... + ...))} + (__udivsi3((... - ...), (... + ...))@0x10003c8 + font_height([... + 0x0])@0x10003ac))} + (__udivsi3((30 - (stack[sp-36] * font_height(...)@0x10003ac)), (stack[sp-36] + 1))@0x10003c8 + font_height([loop_var@0x10003a8 + 0x0])@0x10003ac)), ?deep}",,none (0),RAM[0x3d530] (dmd_work_page0),[],"(attract page 31 (attr_page_table RAM 0x36f08): FUN_010002dc(pass) != 0 AND (FUN_00005948(stack_buf[sp-104], FUN_00005858()@0x1000314)@0x1000320 & 255) != 0)",6,"[""PARTICIPATE IN"", ""LOCAL TOURNAMENTS!""]",2,2,"84,12|84,23",,observed,"string source: value one of {stack_buf[sp-104], (stack_buf[sp-104] + (strlen(one of {stack_buf[sp-104], (stack_buf[sp-104] + (... + ...)), (one of {..., ...} + (... + ...)), (one of {..., ..., ...} + (... + ...)), ?deep})@0x1000438 + 1)), (one of {stack_buf[sp-104], (stack_buf[sp-104] + (strlen(one of {..., ..., ..., ..., ...})@0x1000438 + 1))} + (strlen(one of {stack_buf[sp-104], (stack_buf[sp-104] + (... + ...)), (one of {..., ...} + (... + ...)), (one of {..., ..., ...} + (... + ...)), ?deep})@0x1000438 + 1)), (one of {stack_buf[sp-104], (stack_buf[sp-104] + (strlen(one of {..., ..., ..., ..., ...})@0x1000438 + 1)), (one of {stack_buf[sp-104], (stack_buf[sp-104] + (... + ...))} + (strlen(one of {..., ..., ..., ..., ...})@0x1000438 + 1))} + (strlen(one of {stack_buf[sp-104], (stack_buf[sp-104] + (... + ...)), (one of {..., ...} + (... + ...)), (one of {..., ..., ...} + (... + ...)), ?deep})@0x1000438 + 1)), ?deep}"
2,S1,0x1038208,text_draw_msg_fit,0x28e48,0x103815c,0x1038208,0x97,USE -/+ TO ADJUST VOLUME,,,0x40d9194=2,2,64,31,128,none (0),RAM[0x3d530] (dmd_work_page0),[],,52,"[""USE -/+ TO ADJUST VOLUME""]",2,2,"64,31","40d9194:2,0:maxw=128",observed,English: fit picks font 2
2,S1,0x103823c,text_printf_msg,0x28d5c,0x103815c,0x103823c,0x96,VOLUME %d,,12,,2,64,10,,none (0),RAM[0x3d530] (dmd_work_page0),"[{""order"": 1, ""conversion"": ""%d"", ""source"": ""(FUN_0002d3d0()@0x103820c & 255)""}]",,52,"[""VOLUME 40""]",12,2,"64,10",,observed,
3,S1,0x1037b10,text_printf_msg,0x28d5c,0x1037a6c,0x1037b10,0x231,TECHNICIAN ALERT - (%d/%d),,2,,2,64,4,,none (0),RAM[0x3d530] (dmd_work_page0),"[{""order"": 1, ""conversion"": ""%d"", ""source"": ""one of {loop_var@0x1037ad0, 0}""}, {""order"": 2, ""conversion"": ""%d"", ""source"": ""one of {FUN_0000f098()@0x1037ab0, FUN_0000f098()@0x1037d04}""}]",,0,,,,,,code,
3,S2,0x1037b4c,text_draw_msg,0x28ca8,0x1037a6c,0x1037b4c,0x232,NO,,8,,2,64,14,,none (0),RAM[0x3d530] (dmd_work_page0),[],"(FUN_0000f0f0(stack_buf[sp-164], loop_var@0x1037ad0)@0x1037b1c == 0)",0,,,,,,code,
3,S2,0x1037b74,text_draw_msg,0x28ca8,0x1037a6c,0x1037b74,0x233,TECHNICIAN ALERTS,,8,,2,64,23,,none (0),RAM[0x3d530] (dmd_work_page0),[],"(FUN_0000f0f0(stack_buf[sp-164], loop_var@0x1037ad0)@0x1037b1c == 0)",0,,,,,,code,
3,S3,0xf20c,text_draw_str_page,0x28f34,0xf178,0x1037b94>0xf20c,,,stack_buf[sp-88],[loop_var@0xf1e8 + 0x0].u16,,2,64,[loop_var@0xf1e8 + 0x4],,none (0),RAM[0x3d530] (dmd_work_page0),[],"(FUN_0000f0f0(stack_buf[sp-164], loop_var@0x1037ad0)@0x1037b1c != 0 AND [FUN_0000f0f0(stack_buf[sp-164], loop_var@0x1037ad0)@0x1037b1c + 0x0].u8 != 0)",0,,,,,,code,string source: stack_buffer stack_buf[sp-88]
3,S1,0x1037bcc,text_draw_msg_fit,0x28e48,0x1037a6c,0x1037bcc,,,"one of {564, FUN_0000f2b8(one of {FUN_0000f090()@0x1037aa8, FUN_0000f090()@0x1037cfc, loop_var@0x1037ad0, FUN_0000f098()@0x1037d04})@0x1037b9c}",,0x40d917c=2,2,64,31,0,none (0),RAM[0x3d530] (dmd_work_page0),[],,0,,,,,,code,
3,S4,0x1037c0c,text_draw_msg,0x28ca8,0x1037a6c,0x1037c0c,0x235|0x236,NO MORE ALERTS|USE -/+ TO VIEW OTHER ALERTS,,0,,2,64,31,,none (0),RAM[0x3d530] (dmd_work_page0),[],"(FUN_0000f0f0(stack_buf[sp-164], loop_var@0x1037ad0)@0x1037b1c != 0 AND FUN_0000f2b8(one of {FUN_0000f090()@0x1037aa8, FUN_0000f090()@0x1037cfc, loop_var@0x1037ad0, FUN_0000f098()@0x1037d04})@0x1037b9c == 0)",0,,,,,,code,
3,S1,0x1037c44,text_printf_str_page,0x29174,0x1037a6c,0x1037c44,,%s,0x40d9178,2,,2,64,5,,"one of {ROM palette 0x1 = [240, 159, 229, 24, 240, 159, 229, 24, 240, 159, 229, 24, 240, 159, 229, 24], none (0)}",RAM[0x3d530] (dmd_work_page0),"[{""order"": 1, ""conversion"": ""%s"", ""source"": ""RAM[0x36f28]"", ""ram_addr"": ""0x36f28"", ""name"": null}]",,763,"[""TRON L.E.""]",2,2,"64,5",,observed,string source: rom_string
3,S1,0x1037c74,text_draw_str_page,0x28f34,0x1037a6c,0x1037c74,,,stack_buf[sp-164],2,,1,1|0,11,,"one of {ROM palette 0x1 = [240, 159, 229, 24, 240, 159, 229, 24, 240, 159, 229, 24, 240, 159, 229, 24], none (0)}",RAM[0x3d530] (dmd_work_page0),[],,763,"[""V1.74""]",2,1,"0,11",,observed,string source: stack_buffer stack_buf[sp-164]
3,S1,0x1037cac,text_draw_str_page,0x28f34,0x1037a6c,0x1037cac,,,stack_buf[sp-144],2,,2,64,11,,"one of {ROM palette 0x1 = [240, 159, 229, 24, 240, 159, 229, 24, 240, 159, 229, 24, 240, 159, 229, 24], none (0)}",RAM[0x3d530] (dmd_work_page0),[],,763,"[""SYS. 1.63""]",2,2,"64,11",,observed,string source: stack_buffer stack_buf[sp-144]
3,S1,0x1037ce4,text_draw_str_page,0x28f34,0x1037a6c,0x1037ce4,,,stack_buf[sp-124],2,,4,127,11,,"one of {ROM palette 0x1 = [240, 159, 229, 24, 240, 159, 229, 24, 240, 159, 229, 24, 240, 159, 229, 24], none (0)}",RAM[0x3d530] (dmd_work_page0),[],,763,"[""HDW. 1""]",2,4,"127,11",,observed,string source: stack_buffer stack_buf[sp-124]
3,S5,0x1037a04,text_draw_str_fit_page,0x29248,0x1037994,0x1037cf0>0x1037a04,,%s%s,stack_buf[sp-60],,"0x40d9188=15,12",2,64,23,128,none (0),RAM[0x3d530] (dmd_work_page0),"[{""order"": 1, ""conversion"": ""%s"", ""source"": ""msg_get(174)@0x10379ac"", ""function"": ""0xa58c"", ""name"": ""msg_get""}, {""order"": 2, ""conversion"": ""%s"", ""source"": ""one of {0x40d9170, 0x40d9174}""}]",,763,"[""SERVICE MENU""]",15,2,"64,23","40d9188:15,12,0:maxw=128",observed,string source: sprintf stack_buf[sp-60]
3,S5,0x1037a44,text_draw_msg_fit,0x28e48,0x1037994,0x1037cf0>0x1037a44,0xb0|0xaf,PRESS 'SELECT' TO CONTINUE|USE -/+ TO VIEW TECH. ALERTS,,,0x40d917c=2,2,64,30,0,none (0),RAM[0x3d530] (dmd_work_page0),[],,763,"[""PRESS 'SELECT' TO CONTINUE""]",2,2,"64,30","40d917c:2,0:maxw=0",observed,
3,S6,0x1037744,text_draw_msg,0x28ca8,0x1037588,0x1037f88>0x1037744,,,?stk-part,2,,2,64,30,,none (0),RAM[0x3d530] (dmd_work_page0),[],"(array_elem(0x36df8, [(stack_buf[sp-96] + (loop_var@0x10375d4 << 1)) + 0x0].u16)@0x10375e0 != 0 AND FUN_0000f754(RAM[0x37304].u16, stack_buf[sp-96])@0x10375ac > 0 AND 0 < FUN_0000f754(RAM[0x37304].u16, stack_buf[sp-96])@0x10375ac AND array_elem(0x36df8, [(stack_buf[sp-96] + (loop_var@0x103765c << 1)) + 0x0].u16)@0x103766c != 0 AND (event_post(91, stack_buf[sp-132])@0x10376e4 & 255) != 0)",0,,,,,,code,
3,S7,0x1037914,text_draw_msg,0x28ca8,0x1037588,0x1037f88>0x1037914,,,?stk-part,2,,2,64,30,,none (0),RAM[0x3d530] (dmd_work_page0),[],"(array_elem(0x36df8, [(stack_buf[sp-96] + (loop_var@0x10375d4 << 1)) + 0x0].u16)@0x10375e0 != 0 AND FUN_0000f754(RAM[0x37304].u16, stack_buf[sp-96])@0x10375ac > 0 AND array_elem(0x36df8, [(stack_buf[sp-96] + (loop_var@0x103781c << 1)) + 0x0].u16)@0x103782c != 0 AND (event_post(91, stack_buf[sp-132])@0x10378b4 & 255) != 0)",0,,,,,,code,
4,S1,0x1036f80,text_draw_msg,0x28ca8,0x1036f1c,0x1036f80,0x1ba,50V / 20V DISABLED,,8,,2,64,9,,local palette sp-36: identity; levels 1..15 -> 15; levels 1..15 -> 6,RAM[0x3d530] (dmd_work_page0),[],,1,"[""50V / 20V DISABLED""]",8,2,"64,9",,observed,
4,S2,0x1036eb8,text_draw_msg,0x28ca8,0x1036e6c,0x1036f88>0x1036eb8,0x1bb,CLOSE COIN DOOR,,2,0x40d9150=2,2,64,16,,local palette sp-36,RAM[0x3d530] (dmd_work_page0),[],,2,"[""CLOSE COIN DOOR""]",2,2,"64,16",,observed,"font chosen at run time by font_fit_msgs at 0x1036e88 (list 0x40d9150 [2], max width 128, English choice 2)"
4,S2,0x1036edc,text_draw_msg,0x28ca8,0x1036e6c,0x1036f88>0x1036edc,0x1bc,OR PULL INTERLOCK SWITCH,,2,0x40d9150=2,2,64,22,,local palette sp-36,RAM[0x3d530] (dmd_work_page0),[],,2,"[""OR PULL INTERLOCK SWITCH""]",2,2,"64,22",,observed,"font chosen at run time by font_fit_msgs at 0x1036e88 (list 0x40d9150 [2], max width 128, English choice 2)"
4,S2,0x1036f00,text_draw_msg,0x28ca8,0x1036e6c,0x1036f88>0x1036f00,0x1bd,TO RESTORE POWER,,2,0x40d9150=2,2,64,28,,local palette sp-36,RAM[0x3d530] (dmd_work_page0),[],,2,"[""TO RESTORE POWER""]",2,2,"64,28",,observed,"font chosen at run time by font_fit_msgs at 0x1036e88 (list 0x40d9150 [2], max width 128, English choice 2)"
4,S1,0x1037010,text_draw_msg,0x28ca8,0x1036f1c,0x1037010,0x1ba,50V / 20V DISABLED,,8,,2,64,9,,local palette sp-36: identity; levels 1..15 -> 15; levels 1..15 -> 6,RAM[0x3d530] (dmd_work_page0),[],,0,,,,,,code,
5,S1,0x1037120,text_printf_str_page,0x29174,0x103703c,0x1037120,,%s,0x40d9158,8|2,,2,64,9|5,,none (0),RAM[0x3d530] (dmd_work_page0),"[{""order"": 1, ""conversion"": ""%s"", ""source"": ""RAM[0x36f28]"", ""ram_addr"": ""0x36f28"", ""name"": null}]",,1375,"[""TRON L.E.""]",8,2,"64,9",,observed,string source: rom_string
5,S1,0x1037194,text_draw_str_page,0x28f34,0x103703c,0x1037194,,,loop_var@0x1037178,8|2,,1,0,19|12,,none (0),RAM[0x3d530] (dmd_work_page0),[],,1375,"[""U.S.A.""]",8,1,"0,19",,observed,string source: value loop_var@0x1037178
5,S1,0x10371c4,text_draw_str_page,0x28f34,0x103703c,0x10371c4,,,stack_buf[sp-52],8|2,,4,127,19|12,,none (0),RAM[0x3d530] (dmd_work_page0),[],,1375,"[""V1.74""]",8,4,"127,19",,observed,string source: stack_buffer stack_buf[sp-52]
5,S1,0x1037260,text_draw_msg,0x28ca8,0x103703c,0x1037260,,,loop_var@0x1037258,2,,2,64,21,,loop_var@0x1037258,RAM[0x3d530] (dmd_work_page0),[],,0,,,,,,code,
5,S2,0x10372a0,text_draw_msg,0x28ca8,0x103703c,0x10372a0,0x1c1|0x1c0,VERIFICATION FAILED|VERIFICATION SUCCESSFUL,,2,,2,64,21,,none (0),RAM[0x3d530] (dmd_work_page0),[],(RAM[0x36f38] != 0),0,,,,,,code,
5,S3,0x10373fc,text_draw_str_page,0x28f34,0x103703c,0x10373fc,,,stack_buf[sp-116],8|2,,2,64,29|30,,none (0),RAM[0x3d530] (dmd_work_page0),[],"((FUN_0003432c()@0x1037054 & 255) != 0 AND text_width(stack_buf[sp-116], 8)@0x1037390 <=u 128)",1375,"[""ENGLISH""]",8,2,"64,29",,observed,string source: stack_buffer stack_buf[sp-116]
6,S1,0x103753c,text_printf_msg,0x28d5c,0x10374f4,0x103753c,0x248,%06d,,8,,2,64,12,,none (0),RAM[0x3d530] (dmd_work_page0),"[{""order"": 1, ""conversion"": ""%06d"", ""source"": ""stack[sp-24]""}]",,1,"[""000000""]",8,2,"64,12",,observed,
6,S1,0x103756c,text_printf_msg,0x28d5c,0x10374f4,0x103756c,0x249,%d HZ,,8,,2,64,25,,none (0),RAM[0x3d530] (dmd_work_page0),"[{""order"": 1, ""conversion"": ""%d"", ""source"": ""stack[sp-20]""}]",,1,"[""0 HZ""]",8,2,"64,25",,observed,
7,S1,0x1036c50,text_draw_msg,0x28ca8,0x1036c14,0x1036c50,0x24a,THIS MACHINE WILL NOT,,2,,2,64,7,,none (0),RAM[0x3d530] (dmd_work_page0),[],,1,"[""THIS MACHINE WILL NOT""]",2,2,"64,7",,observed,
7,S1,0x1036c74,text_draw_msg,0x28ca8,0x1036c14,0x1036c74,0x24b,OPERATE IN THIS COUNTRY,,2,,2,64,14,,none (0),RAM[0x3d530] (dmd_work_page0),[],,1,"[""OPERATE IN THIS COUNTRY""]",2,2,"64,14",,observed,
7,S1,0x1036c98,text_draw_msg,0x28ca8,0x1036c14,0x1036c98,0x24c,PLEASE,,2,,2,64,21,,none (0),RAM[0x3d530] (dmd_work_page0),[],,1,"[""PLEASE""]",2,2,"64,21",,observed,
7,S1,0x1036cc0,text_draw_msg,0x28ca8,0x1036c14,0x1036cc0,0x24d,CONTACT YOUR DISTRIBUTOR,,2,,2,64,28,,none (0),RAM[0x3d530] (dmd_work_page0),[],,1,"[""CONTACT YOUR DISTRIBUTOR""]",2,2,"64,28",,observed,
8,S1,0x1036ddc,text_draw_msg,0x28ca8,0x1036da0,0x1036ddc,0x24e,THIS GAME HAS A,,2,,2,64,7,,none (0),RAM[0x3d530] (dmd_work_page0),[],,1,"[""THIS GAME HAS A""]",2,2,"64,7",,observed,
8,S1,0x1036e00,text_draw_msg,0x28ca8,0x1036da0,0x1036e00,0x24f,HARDWARE/SOFTWARE,,2,,2,64,14,,none (0),RAM[0x3d530] (dmd_work_page0),[],,1,"[""HARDWARE/SOFTWARE""]",2,2,"64,14",,observed,
8,S1,0x1036e24,text_draw_msg,0x28ca8,0x1036da0,0x1036e24,0x250,MISMATCH,,2,,2,64,21,,none (0),RAM[0x3d530] (dmd_work_page0),[],,1,"[""MISMATCH""]",2,2,"64,21",,observed,
8,S1,0x1036e4c,text_draw_msg,0x28ca8,0x1036da0,0x1036e4c,0x251,PLEASE CONTACT STERN PINBALL,,2,,2,64,28,,none (0),RAM[0x3d530] (dmd_work_page0),[],,1,"[""PLEASE CONTACT STERN PINBALL""]",2,2,"64,28",,observed,
9,S1,0x1036d80,text_printf_str_page,0x29174,0x1036ce0,0x1036d80,,%u/%u - %u,0x40d913c,15,,2,64,21,,none (0),RAM[0x3d530] (dmd_work_page0),"[{""order"": 1, ""conversion"": ""%u"", ""source"": ""loop_var@0x1036d44""}, {""order"": 2, ""conversion"": ""%u"", ""source"": ""loop_var@0x1036d44""}, {""order"": 3, ""conversion"": ""%u"", ""source"": ""FUN_00005b08()@0x1036cf0"", ""function"": ""0x5b08"", ""name"": ""FUN_00005b08""}]",,1,"[""0/10 - 10""]",15,2,"64,21",,observed,string source: rom_string
10,S1,0x10000a0,text_draw_str_page,0x28f34,0x1000000,0x10000a0,,,stack_buf[sp-68],10,"0x40d225c=15,10",2,84,12,,none (0),RAM[0x3d52c] (dmd_work_page1),[],,196,"[""CREDITS 1 1/3"", ""CREDITS 1 2/3"", ""CREDITS 2"", ""CREDITS 1"", ""CREDITS 2 1/3"", ""CREDITS 2/3"", """", ""CREDITS 2 2/3"", ""CREDITS 3"", ""CREDITS 1/3"", ""CREDITS 3 1/2"", ""CREDITS 4""]",10,2,"84,12",,observed,"font chosen at run time by font_fit_msgs at 0x1000024 (list 0x40d225c [15, 10], max width 83, English choice 10); string source: stack_buffer stack_buf[sp-68]; y English: ((((0x55555556 *hi* (32 - (font_height(...)@0x100002c << 1))) - ((32 - (font_height(...)@0x100002c << 1)) >> 31)) + font_height(font_fit_msgs(0x40d2254, 0x40d225c, 83)@0x1000024)@0x100002c) - 1) evaluated with fonts.json font heights / fit choices"
10,S1,0x10000ec,text_draw_msg,0x28ca8,0x1000000,0x10000ec,0x2fd|0x2fe,PRESS START|INSERT COINS,,10,"0x40d225c=15,10",2,84,?deep,,loop_var@0x10000ac,RAM[0x3d52c] (dmd_work_page1),[],,118,"[""PRESS START"", ""INSERT COINS""]",10,2,"84,25",,observed,"font chosen at run time by font_fit_msgs at 0x1000024 (list 0x40d225c [15, 10], max width 83, English choice 10)"
11,S1,0x1034610,text_draw_msg,0x28ca8,0x10345bc,0x1034610,0x30d,LOCATING PINBALLS,,12,"0x40d89ec=12,10",2,64,13,,none (0),RAM[0x3d530] (dmd_work_page0),[],,115,"[""LOCATING PINBALLS""]",12,2,"64,13",,observed,"font chosen at run time by font_fit_msgs at 0x10345e4 (list 0x40d89ec [12, 10], max width 128, English choice 12)"
11,S1,0x1034638,text_draw_msg,0x28ca8,0x10345bc,0x1034638,0x30e,PLEASE WAIT...,,12,"0x40d89ec=12,10",2,64,25,,none (0),RAM[0x3d530] (dmd_work_page0),[],,115,"[""PLEASE WAIT...""]",12,2,"64,25",,observed,"font chosen at run time by font_fit_msgs at 0x10345e4 (list 0x40d89ec [12, 10], max width 128, English choice 12)"
12,S1,0x1035174,text_draw_msg,0x28ca8,0x10350e8,0x1035174,0x36a,OPERATOR ALERT!,,8,"0x40d8a60=8,6",2,64,9|10,,none (0),RAM[0x3d530] (dmd_work_page0),[],"(array_elem(0x36d44, task+0x30.u16)@0x1035100 != 0)",1,"[""OPERATOR ALERT!""]",8,2,"64,9",,observed,"font chosen at run time by font_fit_msgs at 0x1035118 (list 0x40d8a60 [8, 6], max width 128, English choice 8); y English: (one of {((32 - (font_height(8)@0x1035124 + (font_height(...)@0x1035124 << 1))) >> 2), (((32 - (font_height(...)@0x1035124 + (... << ...))) + 3) >> 2)} + font_height(8)@0x1035124) evaluated with fonts.json font heights / fit choices"
12,S1,0x10351b0,text_printf_msg,0x28d5c,0x10350e8,0x10351b0,0x36b,%s,,6,,2,64,?op,,none (0),RAM[0x3d530] (dmd_work_page0),"[{""order"": 1, ""conversion"": ""%s"", ""source"": ""lang_select([array_elem(0x36d44, task+0x30.u16)@0x1035100 + 0x1c])@0x1035184"", ""function"": ""0xa440"", ""name"": ""lang_select""}]","(array_elem(0x36d44, task+0x30.u16)@0x1035100 != 0)",1,"[""INVALID""]",6,2,"64,18",,observed,
12,S1,0x10351e0,text_draw_msg,0x28ca8,0x10350e8,0x10351e0,0x36c,DEVICE MALFUNCTION,,8,"0x40d8a60=8,6",2,64,?op,,none (0),RAM[0x3d530] (dmd_work_page0),[],"(array_elem(0x36d44, task+0x30.u16)@0x1035100 != 0)",1,"[""DEVICE MALFUNCTION""]",8,2,"64,27",,observed,"font chosen at run time by font_fit_msgs at 0x1035118 (list 0x40d8a60 [8, 6], max width 128, English choice 8)"
13,S1,0x1035248,text_draw_msg,0x28ca8,0x103520c,0x1035248,0x30f,PINBALL MISSING,,12,,2,64,13,,none (0),RAM[0x3d530] (dmd_work_page0),[],,1,"[""PINBALL MISSING""]",12,2,"64,13",,observed,
13,S1,0x103526c,text_draw_msg,0x28ca8,0x103520c,0x103526c,0x310,PLEASE WAIT...,,12,,2,64,25,,none (0),RAM[0x3d530] (dmd_work_page0),[],,1,"[""PLEASE WAIT...""]",12,2,"64,25",,observed,
14,S1,0x1035640,text_draw_str_page,0x28f34,0x10355cc,0x10344e0>0x1035878>0x1035640,,,stack_buf[sp-104],2,,2,64,30,,none (0),RAM[0x3d52c] (dmd_work_page1),[],((RAM[0x37274].u16 (gf_state) & 16) != 0),0,,,,,,code,string source: stack_buffer stack_buf[sp-104]
14,S2,0x10356c0,text_printf_str_page,0x29174,0x10355cc,0x10344e0>0x1035878>0x10356c0,,,"FUN_0000a5d0(1227, 5)@0x1035670",0,,2,64,30,,none (0),RAM[0x3d530] (dmd_work_page0),[],((RAM[0x37274].u16 (gf_state) & 16) == 0 AND (task_running(17)@0x1035658 & 255) != 0),0,,,,,,code,"string source: value FUN_0000a5d0(1227, 5)@0x1035670"
14,S3,0x1035718,text_printf_msg,0x28d5c,0x10355cc,0x10344e0>0x1035878>0x1035718,0x4cc,%s SELECTED,,0,,2,64,30,,none (0),RAM[0x3d530] (dmd_work_page0),"[{""order"": 1, ""conversion"": ""%s"", ""source"": ""msg_get(FUN_0000a498(5)@0x10356d4)@0x10356e0"", ""function"": ""0xa58c"", ""name"": ""msg_get""}]",((RAM[0x37274].u16 (gf_state) & 16) == 0 AND (task_running(17)@0x1035658 & 255) == 0),0,,,,,,code,
14,S4,0x1035438,text_draw_str_page,0x28f34,0x10353b0,0x10344e0>0x1035878>0x103572c>0x1035438,,,stack_buf[sp-80],2,,2,64,30,,none (0),RAM[0x3d530] (dmd_work_page0),[],"((FUN_000249e4(stack_buf[sp-80], (current_player()@0x10353c0 & 255))@0x10353d0 & 255) != 0)",0,,,,,,code,string source: stack_buffer stack_buf[sp-80]
14,S5,0x10354e8,text_draw_str_page,0x28f34,0x1035450,0x10344e0>0x1035878>0x103573c>0x10354e8,,,stack_buf[sp-84],2,,2,64,30,,none (0),RAM[0x3d530] (dmd_work_page0),[],"((FUN_010353b0()@0x103572c & 255) == 0 AND (FUN_000252a0((current_player()@0x103545c & 255))@0x1035464 & 255) == 0 AND (FUN_00022b38(stack_buf[sp-84], loop_var@0x1035478)@0x1035480 & 255) != 0)",0,,,,,,code,string source: stack_buffer stack_buf[sp-84]
14,S6,0x103558c,text_draw_str_page,0x28f34,0x103550c,0x10344e0>0x1035878>0x1035750>0x103558c,,,stack_buf[sp-44],2,,1,"((0x55555556 *hi* ((128 - text_width(stack_buf[sp-80], 2)@0x103554c) - text_width(stack_buf[sp-44], 2)@0x1035528)) - (((128 - text_width(stack_buf[sp-80], 2)@0x103554c) - text_width(stack_buf[sp-44], 2)@0x1035528) >> 31))",30,,none (0),RAM[0x3d52c] (dmd_work_page1),[],,2,"[""BALL 1""]",2,1,"16,30|20,30",,observed,string source: stack_buffer stack_buf[sp-44]
14,S6,0x10355b0,text_draw_str_page,0x28f34,0x103550c,0x10344e0>0x1035878>0x1035750>0x10355b0,,,stack_buf[sp-80],2,,4,"(127 - ((0x55555556 *hi* ((128 - text_width(stack_buf[sp-80], 2)@0x103554c) - text_width(stack_buf[sp-44], 2)@0x1035528)) - (((128 - text_width(stack_buf[sp-80], 2)@0x103554c) - text_width(stack_buf[sp-44], 2)@0x1035528) >> 31)))",30,,none (0),RAM[0x3d52c] (dmd_work_page1),[],,2,"[""CREDITS 2/3"", ""CREDITS 1""]",2,4,"107,30|111,30",,observed,string source: stack_buffer stack_buf[sp-80]
14,S7,0x1035844,text_draw_str_page,0x28f34,0x10355cc,0x10344e0>0x1035878>0x1035844,,,stack_buf[sp-68],[loop_var@0x1035800 + 0x4].u16,,[loop_var@0x1035800 + 0x6].u8,[loop_var@0x1035800 + 0x8],[loop_var@0x1035800 + 0xc],,none (0),RAM[0x3d52c] (dmd_work_page1),[],(1 <=u (num_players()@0x1035764 & 255)),2,"[""00""]",26,2,"64,21",,observed,string source: sprintf stack_buf[sp-68]
15,S1,0x10000a0,text_draw_str_page,0x28f34,0x1000000,0x10000a0,,,stack_buf[sp-68],10,"0x40d225c=15,10",2,84,12,,none (0),RAM[0x3d52c] (dmd_work_page1),[],,13,"[""""]",10,2,"84,12",,observed,"font chosen at run time by font_fit_msgs at 0x1000024 (list 0x40d225c [15, 10], max width 83, English choice 10); string source: stack_buffer stack_buf[sp-68]; y English: ((((0x55555556 *hi* (32 - (font_height(...)@0x100002c << 1))) - ((32 - (font_height(...)@0x100002c << 1)) >> 31)) + font_height(font_fit_msgs(0x40d2254, 0x40d225c, 83)@0x1000024)@0x100002c) - 1) evaluated with fonts.json font heights / fit choices"
15,S1,0x10000ec,text_draw_msg,0x28ca8,0x1000000,0x10000ec,0x2fd|0x2fe,PRESS START|INSERT COINS,,10,"0x40d225c=15,10",2,84,?deep,,loop_var@0x10000ac,RAM[0x3d52c] (dmd_work_page1),[],,7,"[""INSERT COINS""]",10,2,"84,25",,observed,"font chosen at run time by font_fit_msgs at 0x1000024 (list 0x40d225c [15, 10], max width 83, English choice 10)"
16,S1,0x1035f80,text_draw_msg,0x28ca8,0x1035e48,0x1035f80,0x4b2,TOURNAMENT GAME,,loop_var@0x1035f14,,2,64,((((0x55555556 *hi* (30 - (font_height(...)@0x1035ee8 << 1))) - ((30 - (font_height(...)@0x1035ee8 << 1)) >> 31)) + font_height(loop_var@0x1035ed8)@0x1035ee8) << 1),,none (0),RAM[0x3d530] (dmd_work_page0),[],(tournament_get()@0x1035e50 != 0),32,"[""TOURNAMENT GAME""]",15,2,"64,26",,observed,
16,S1,0x1035fc0,text_printf_msg,0x28d5c,0x1035e48,0x1035fc0,0x4b1,CREDIT%P1//S/% FOR A,,loop_var@0x1035f8c,,1,"((((128 - msg_printf_width(1200, [(... << ...) + 0x40d8a6c].u16, [tournament_get()@0x1035e50 + 0x30].u8, [tournament_get()@0x1035e50 + 0x30].u8)@0x1035e90) >> 1) + msg_printf_width(1200, [(loop_var@0x1035e70 << 1) + 0x40d8a6c].u16, [tournament_get()@0x1035e50 + 0x30].u8, [tournament_get()@0x1035e50 + 0x30].u8)@0x1035e90) - msg_printf_width(1201, [(loop_var@0x1035e70 << 1) + 0x40d8a6c].u16, [tournament_get()@0x1035e50 + 0x30].u8, ?clobbered)@0x1035ea8)",((((0x55555556 *hi* (30 - (font_height(...)@0x1035ee8 << 1))) - ((30 - (font_height(...)@0x1035ee8 << 1)) >> 31)) + font_height(loop_var@0x1035ed8)@0x1035ee8) + 1),,none (0),RAM[0x3d530] (dmd_work_page0),"[{""order"": 1, ""conversion"": ""%P1//S/%"", ""source"": ""[tournament_get()@0x1035e50 + 0x30].u8""}]",(tournament_get()@0x1035e50 != 0),16,"[""CREDITS FOR A""]",15,1,"21,14",,observed,
16,S1,0x1036008,text_printf_msg,0x28d5c,0x1035e48,0x1036008,0x4b0,%d CREDIT%P1//S/% FOR A,,loop_var@0x1035fdc,,1,"((128 - msg_printf_width(1200, [(loop_var@0x1035e70 << 1) + 0x40d8a6c].u16, [tournament_get()@0x1035e50 + 0x30].u8, [tournament_get()@0x1035e50 + 0x30].u8)@0x1035e90) >> 1)",((((0x55555556 *hi* (30 - (font_height(...)@0x1035ee8 << 1))) - ((30 - (font_height(...)@0x1035ee8 << 1)) >> 31)) + font_height(loop_var@0x1035ed8)@0x1035ee8) + 1),,"one of {(loop_var@0x1035f14 & 1), ROM palette 0x1 = [240, 159, 229, 24, 240, 159, 229, 24, 240, 159, 229, 24, 240, 159, 229, 24], none (0)}",RAM[0x3d530] (dmd_work_page0),"[{""order"": 1, ""conversion"": ""%d"", ""source"": ""[tournament_get()@0x1035e50 + 0x30].u8""}, {""order"": 2, ""conversion"": ""%P1//S/%"", ""source"": ""[tournament_get()@0x1035e50 + 0x30].u8""}]",(tournament_get()@0x1035e50 != 0),16,"[""0 CREDITS FOR A""]",15,1,"7,14",,observed,
17,S1,0x10000a0,text_draw_str_page,0x28f34,0x1000000,0x10000a0,,,stack_buf[sp-68],10,"0x40d225c=15,10",2,84,12,,none (0),RAM[0x3d52c] (dmd_work_page1),[],,13,"[""""]",10,2,"84,12",,observed,"font chosen at run time by font_fit_msgs at 0x1000024 (list 0x40d225c [15, 10], max width 83, English choice 10); string source: stack_buffer stack_buf[sp-68]; y English: ((((0x55555556 *hi* (32 - (font_height(...)@0x100002c << 1))) - ((32 - (font_height(...)@0x100002c << 1)) >> 31)) + font_height(font_fit_msgs(0x40d2254, 0x40d225c, 83)@0x1000024)@0x100002c) - 1) evaluated with fonts.json font heights / fit choices"
17,S1,0x10000ec,text_draw_msg,0x28ca8,0x1000000,0x10000ec,0x2fd|0x2fe,PRESS START|INSERT COINS,,10,"0x40d225c=15,10",2,84,?deep,,loop_var@0x10000ac,RAM[0x3d52c] (dmd_work_page1),[],,7,"[""INSERT COINS""]",10,2,"84,25",,observed,"font chosen at run time by font_fit_msgs at 0x1000024 (list 0x40d225c [15, 10], max width 83, English choice 10)"
18,S1,0x10360ac,text_draw_str_fit_page,0x29248,0x1036030,0x10360ac,,,"one of {msg_get(1203)@0x1036054, RAM[0x36f28]}",,"0x40d8a74=10,2",2,64,8,128,none (0),RAM[0x3d530] (dmd_work_page0),[],,1,"[""BUMP 'N' WIN""]",10,2,"64,8","40d8a74:10,2,0:maxw=128",observed,"string source: value one of {msg_get(1203)@0x1036054, RAM[0x36f28]}"
18,S2,0x103618c,text_draw_msg,0x28ca8,0x1036030,0x103618c,0x4a0,BUMP 'N' WIN SCORE,,12,,2,64,12,,none (0),RAM[0x3d530] (dmd_work_page0),[],(task+0x30 == 0 AND tournament_get()@0x1036108 != 0),1,"[""BUMP 'N' WIN SCORE""]",12,2,"64,12",,observed,y English: ((((0x55555556 *hi* (28 - (font_height(...)@0x103611c + font_height(...)@0x1036128))) - ((28 - (font_height(...)@0x103611c + font_height(...)@0x1036128)) >> 31)) + font_height(12)@0x103611c) + 1) evaluated with fonts.json font heights / fit choices
18,S2,0x10361d0,text_printf_msg,0x28d5c,0x1036030,0x10361d0,,,RAM[0x36f5e].u16,15,,2,64,25,,none (0),RAM[0x3d530] (dmd_work_page0),[],(task+0x30 == 0 AND tournament_get()@0x1036108 != 0),1,"[""00""]",15,2,"64,25",,observed,y English: (((font_height(12)@0x103611c + font_height(15)@0x1036128) + (((0x55555556 *hi* (28 - (... + ...))) - ((28 - (... + ...)) >> 31)) << 1)) + 1) evaluated with fonts.json font heights / fit choices
19,S1,0x1023994,text_printf_msg,0x28d5c,0x1023940,0x1023ad0>0x1023994,0x4e4,"%,02lu",,"[FUN_01022f5c(FUN_000233c8()@0x1023950, 0)@0x102395c + 0x4]",,2,84,"[FUN_01022f5c(FUN_000233c8()@0x1023950, 0)@0x102395c + 0x8]",,none (0),RAM[0x3d530] (dmd_work_page0),"[{""order"": 1, ""conversion"": ""%,02lu"", ""source"": ""FUN_000233c8()@0x1023950"", ""function"": ""0x233c8"", ""name"": ""FUN_000233c8""}]",,17935,"[""00"", ""150,000"", ""2,000,000"", ""200,000,000"", ""241,280"", ""14,209,370"", ""13,610,320"", ""196,610"", ""239,190"", ""1,161,210"", ""14,010,910"", ""587,350""]",17|22|24|26,2,"84,18|84,21",,observed,"font and y from the score size table FUN_01022f5c(score, 0): RAM 0x370ac[0] -> ROM 0x40d3484, 20-byte records {u32 min score, u32 font, u32 y, u32 band_top, u32 band_bottom}, first record (in order) with min <= current player's score (FUN_000233c8 = gf_scores[current_player-1]): >=100,000,000 font 22 y 18; >=1,000,000 font 17 y 18; >=100,000 font 24 y 21; else font 26 y 21 (fallback record 0x40d34c0 = font 26 y 21); tables 1/2 (0x40d34d4, 0x40d3524) serve the other FUN_01022f5c callers; observed with gf_scores[0] 0x21109e4 poked: 150,000 -> font 24 y 21, 2,000,000 -> font 17 y 18, 200,000,000 -> font 22 y 18, 0 -> font 26 y 21 (downstream SCORE_FIT [26,23,21,19] / rows [21,21,18,16] is wrong)"
19,S2,0x10236f0,text_draw_str_page,0x28f34,0x1023670,0x1023b10>0x10236f0,,,stack_buf[sp-84],0,,2,84,30,,none (0),RAM[0x3d530] (dmd_work_page0),[],"((FUN_000249e4(stack_buf[sp-84], (current_player()@0x1023684 & 255))@0x1023694 & 255) != 0)",0,,,,,,code,string source: stack_buffer stack_buf[sp-84]
19,S3,0x1023834,text_draw_str_page,0x28f34,0x10237a0,0x1023b24>0x1023834,,,stack_buf[sp-92],0,,2,84,30,,none (0),RAM[0x3d530] (dmd_work_page0),[],"((FUN_01023670(RAM[0x3d530] (dmd_work_page0))@0x1023b10 & 255) == 0 AND (FUN_000252a0((current_player()@0x10237b0 & 255))@0x10237b8 & 255) == 0 AND (FUN_01023704(stack_buf[sp-92], loop_var@0x10237d0)@0x10237d8 & 255) != 0)",764,"[""REPLAY AT 20,000,000""]",0,2,"84,30",,observed,string source: stack_buffer stack_buf[sp-92]
19,S4,0x1023618,text_printf_msg,0x28d5c,0x10235d8,0x1023b40>0x1023618,0x300,BALL %d,,0,,1,42,30,,none (0),RAM[0x3d530] (dmd_work_page0),"[{""order"": 1, ""conversion"": ""%d"", ""source"": ""(FUN_00021404()@0x10235e4 & 255)""}]",,17171,"[""BALL 1"", ""BALL 2""]",0,1,"42,30",,observed,
19,S5,0x1023664,text_draw_str_page,0x28f34,0x1023624,0x1023b48>0x1023664,,,stack_buf[sp-64],0,,4,127,30,,none (0),RAM[0x3d530] (dmd_work_page0),[],,17171,"[""CREDITS 2/3"", ""CREDITS 1/3"", ""CREDITS 1"", ""CREDITS 3"", ""CREDITS 2"", ""CREDITS 1 1/3"", ""CREDITS 1 2/3""]",0,4,"127,30",,observed,string source: stack_buffer stack_buf[sp-64]
20,S1,0x103455c,text_draw_msg,0x28ca8,0x10344f4,0x103455c,0x30b,BALL SAVED,,15,,2,64,15,,none (0),RAM[0x3d530] (dmd_work_page0),[],,49,"[""BALL SAVED""]",15,2,"64,15",,observed,
20,S1,0x1034588,text_draw_msg,0x28ca8,0x10344f4,0x1034588,0x30c,KEEP SHOOTING,,2,,2,64,25,,loop_var@0x1034568,RAM[0x3d530] (dmd_work_page0),[],,25,"[""KEEP SHOOTING""]",2,2,"64,25",,observed,
21,S1,0x1035d90,text_draw_msg,0x28ca8,0x1035d40,0x1035d90,0x2fc,TILT,,15,,2,64,20,,none (0),RAM[0x3d530] (dmd_work_page0),[],,3,"[""TILT""]",15,2,"64,20",,observed,y English: ((font_height(15)@0x1035d4c + (((32 - font_height(15)@0x1035d4c) + ((32 - font_height(...)@0x1035d4c) >> 31)) >> 1)) - 1) evaluated with fonts.json font heights / fit choices
23,S1,0x1035e10,text_draw_msg,0x28ca8,0x1035db8,0x1035e10,0x2fb,DANGER,,15,,2,64,20,,none (0),RAM[0x3d530] (dmd_work_page0),[],,1,"[""DANGER""]",15,2,"64,20",,observed,y English: ((font_height(15)@0x1035dc4 + (((32 - font_height(15)@0x1035dc4) + ((32 - font_height(...)@0x1035dc4) >> 31)) >> 1)) - 1) evaluated with fonts.json font heights / fit choices
24,S1,0x1035d20,text_draw_msg,0x28ca8,0x1035ccc,0x1035d20,0x30a,SLAM TILT,,15,,2,64,20,,none (0),RAM[0x3d530] (dmd_work_page0),[],,1,"[""SLAM TILT""]",15,2,"64,20",,observed,y English: ((font_height(15)@0x1035cd8 + (((32 - font_height(15)@0x1035cd8) + ((32 - font_height(...)@0x1035cd8) >> 31)) >> 1)) - 1) evaluated with fonts.json font heights / fit choices
25,S1,0x1000f0c,text_draw_msg,0x28ca8,0x1000e7c,0x10013ac>0x1000f0c,0x306,BONUS,,15,,2,84,13,,none (0),RAM[0x3d52c] (dmd_work_page1),[],,5,"[""BONUS""]",15,2,"84,13",,observed,
25,S1,0x1000f38,text_printf_msg,0x28d5c,0x1000e7c,0x10013ac>0x1000f38,0x4e4,"%,02lu",,15,,2,84,26,,none (0),RAM[0x3d52c] (dmd_work_page1),"[{""order"": 1, ""conversion"": ""%,02lu"", ""source"": ""ROM[0x21115e0 + (((current_player()@0x1000ec4 & 255) - 1) << 2)]""}]",,5,"[""50,000""]",15,2,"84,26",,observed,
25,S2,0x1000ff4,text_draw_msg,0x28ca8,0x1000e7c,0x10013ac>0x1000ff4,,,FUN_01015f40()@0x1000fc8,2,,2,84,8,,none (0),RAM[0x3d52c] (dmd_work_page1),[],(bonus_item_value(loop_var@0x1000f48)@0x1000f64 != 0),15,"[""FLYNN"", ""GEM"", ""LIGHT CYCLE"", ""RECOGNIZER"", ""TRON""]",2,2,"84,8",,observed,
25,S2,0x1001024,text_printf_msg,0x28d5c,0x1000e7c,0x10013ac>0x1001024,0x60f,"+%,02lu",,2,,2,84,14,,none (0),RAM[0x3d52c] (dmd_work_page1),"[{""order"": 1, ""conversion"": ""%,02lu"", ""source"": ""bonus_item_value(loop_var@0x1000f48)@0x1000f64"", ""function"": ""0x1015f7c"", ""name"": ""bonus_item_value""}]",(bonus_item_value(loop_var@0x1000f48)@0x1000f64 != 0),15,"[""+250,000"", ""+50,000""]",2,2,"84,14",,observed,
25,S2,0x1001054,text_printf_msg,0x28d5c,0x1000e7c,0x10013ac>0x1001054,0x4e4,"%,02lu",,15,,2,84,26,,none (0),RAM[0x3d52c] (dmd_work_page1),"[{""order"": 1, ""conversion"": ""%,02lu"", ""source"": ""loop_var@0x1000fac""}]",(bonus_item_value(loop_var@0x1000f48)@0x1000f64 != 0),15,"[""300,000"", ""550,000"", ""600,000"", ""850,000"", ""900,000""]",15,2,"84,26",,observed,
25,S3,0x10010f4,text_draw_msg,0x28ca8,0x1000e7c,0x10013ac>0x10010f4,0x610,SEA OF SIMULATION,,2,,2,84,8,,none (0),RAM[0x3d52c] (dmd_work_page1),[],(bonus_sos_value()@0x1001090 != 0),0,,,,,,code,
25,S3,0x1001124,text_printf_msg,0x28d5c,0x1000e7c,0x10013ac>0x1001124,0x611,"+%,02lu",,2,,2,84,14,,none (0),RAM[0x3d52c] (dmd_work_page1),"[{""order"": 1, ""conversion"": ""%,02lu"", ""source"": ""bonus_sos_value()@0x1001090"", ""function"": ""0x1000cb0"", ""name"": ""bonus_sos_value""}]",(bonus_sos_value()@0x1001090 != 0),0,,,,,,code,
25,S3,0x1001154,text_printf_msg,0x28d5c,0x1000e7c,0x10013ac>0x1001154,0x4e4,"%,02lu",,15,,2,84,26,,none (0),RAM[0x3d52c] (dmd_work_page1),"[{""order"": 1, ""conversion"": ""%,02lu"", ""source"": ""?deep""}]",(bonus_sos_value()@0x1001090 != 0),0,,,,,,code,
25,S4,0x10011d8,text_draw_msg,0x28ca8,0x1000e7c,0x10013ac>0x10011d8,0x612,PORTAL,,2,,2,84,8,,none (0),RAM[0x3d52c] (dmd_work_page1),[],(bonus_portal_value()@0x1001174 != 0),0,,,,,,code,
25,S4,0x1001208,text_printf_msg,0x28d5c,0x1000e7c,0x10013ac>0x1001208,0x613,"+%,02lu",,2,,2,84,14,,none (0),RAM[0x3d52c] (dmd_work_page1),"[{""order"": 1, ""conversion"": ""%,02lu"", ""source"": ""bonus_portal_value()@0x1001174"", ""function"": ""0x1000cd4"", ""name"": ""bonus_portal_value""}]",(bonus_portal_value()@0x1001174 != 0),0,,,,,,code,
25,S4,0x1001238,text_printf_msg,0x28d5c,0x1000e7c,0x10013ac>0x1001238,0x4e4,"%,02lu",,15,,2,84,26,,none (0),RAM[0x3d52c] (dmd_work_page1),"[{""order"": 1, ""conversion"": ""%,02lu"", ""source"": ""?deep""}]",(bonus_portal_value()@0x1001174 != 0),0,,,,,,code,
25,S1,0x1001300,text_printf_msg,0x28d5c,0x1000e7c,0x10013ac>0x1001300,0x614,%dX,,12,,2,84,12,,none (0),RAM[0x3d52c] (dmd_work_page1),"[{""order"": 1, ""conversion"": ""%d"", ""source"": ""loop_var@0x10012a8""}]",,13,"[""2X"", ""3X"", ""4X"", ""5X"", ""6X"", ""7X"", ""8X""]",12,2,"84,12",,observed,
25,S1,0x1001334,text_printf_msg,0x28d5c,0x1000e7c,0x10013ac>0x1001334,0x4e4,"%,02lu",,15,,2,84,26,,none (0),RAM[0x3d52c] (dmd_work_page1),"[{""order"": 1, ""conversion"": ""%,02lu"", ""source"": ""loop_var@0x10012a8""}]",,13,"[""1,800,000"", ""2,700,000"", ""3,600,000"", ""4,500,000"", ""5,400,000"", ""6,300,000"", ""7,200,000""]",15,2,"84,26",,observed,
25,S5,0x1000dd4,text_draw_msg,0x28ca8,0x1000d78,0x1001450>0x1000dd4,0x616,TOTAL BONUS,,12,,2,84,12,,none (0),RAM[0x3d52c] (dmd_work_page1),[],,215,"[""TOTAL BONUS""]",12,2,"84,12",,observed,
25,S5,0x1000e00,text_printf_msg,0x28d5c,0x1000d78,0x1001450>0x1000e00,0x4e4,"%,02lu",,15,,2,84,26,,none (0),RAM[0x3d52c] (dmd_work_page1),"[{""order"": 1, ""conversion"": ""%,02lu"", ""source"": ""bonus_total()@0x1001448"", ""function"": ""0x1000cf8"", ""name"": ""bonus_total""}]",,215,"[""50,000"", ""6,300,000"", ""7,200,000"", ""900,000""]",15,2,"84,26",,observed,
26,S1,0x10125b4,text_printf_msg,0x28d5c,0x101254c,0x10125b4,0x2ff,PLAYER %d,,12,,2,84,13,,none (0),RAM[0x3d52c] (dmd_work_page1),"[{""order"": 1, ""conversion"": ""%d"", ""source"": ""task+0x30.u8"", ""task_field"": ""0x30"", ""meaning"": ""deff task block parameter (written by the code that started the deff)""}]",,17,"[""PLAYER 0""]",12,2,"84,13",,observed,
26,S1,0x10125d8,text_draw_msg,0x28ca8,0x101254c,0x10125d8,0x308,SHOOT AGAIN,,12,,2,84,25,,none (0),RAM[0x3d52c] (dmd_work_page1),[],,17,"[""SHOOT AGAIN""]",12,2,"84,25",,observed,
27,S1,0x2fd3c,text_draw_msg_fit,0x28e48,0x2fcc0,0x10350c4>0x2fd3c,0x309,INSTANT INFO,,,"0x40d89d8=15,12",2,64,20,118,none (0),RAM[0x3d530] (dmd_work_page0),[],(indirect table entry 0),2,"[""INSTANT INFO""]",15,2,"64,20","40d89d8:15,12,0:maxw=118",observed,"English: fit picks font 15; y English: (20 - (((font_height(15)@0x2fcec - font_height(font_fit_msgs(0x40d89d4, 0x40d89d8, 118)@0x2fcdc)@0x2fce0) + ((font_height(15)@0x2fcec - font_height(font_fit_msgs(..., ..., ...)@0x2fcdc)@0x2fce0) >> 31)) >> 1)) evaluated with fonts.json font heights / fit choices"
27,S2,0x2f9e8,text_draw_str_page,0x28f34,0x2f9a0,0x10350c4>0x2f9e8,,,stack_buf[sp-40],12,,2,64,13,,none (0),RAM[0x3d530] (dmd_work_page0),[],(indirect table entry 1),0,,,,,,code,string source: stack_buffer stack_buf[sp-40]
27,S2,0x2fa20,text_draw_str_page,0x28f34,0x2f9a0,0x10350c4>0x2fa20,,,stack_buf[sp-76],12,,2,64,25,,none (0),RAM[0x3d530] (dmd_work_page0),[],(indirect table entry 1),0,,,,,,code,string source: stack_buffer stack_buf[sp-76]
27,S3,0x1014cc8,text_printf_msg,0x28d5c,0x1014c6c,0x10350c4>0x1014cc8,0x6e6,%u,,12,,2,64,10,,none (0),RAM[0x3d530] (dmd_work_page0),"[{""order"": 1, ""conversion"": ""%u"", ""source"": ""gem_loops_to_start()@0x1014c80"", ""function"": ""0x10139b8"", ""name"": ""gem_loops_to_start""}]",(indirect table entry 2 AND (gem_qualify_enabled()@0x1014c74 & 255) != 0 AND gem_loops_to_start()@0x1014c80 > 0),0,,,,,,code,
27,S3,0x1014cf0,text_printf_msg,0x28d5c,0x1014c6c,0x10350c4>0x1014cf0,0x6e7,RIGHT INNER LOOP SHOT%P1//S/%,,2,,2,64,16,,none (0),RAM[0x3d530] (dmd_work_page0),"[{""order"": 1, ""conversion"": ""%P1//S/%"", ""source"": ""gem_loops_to_start()@0x1014c80"", ""function"": ""0x10139b8"", ""name"": ""gem_loops_to_start""}]",(indirect table entry 2 AND (gem_qualify_enabled()@0x1014c74 & 255) != 0 AND gem_loops_to_start()@0x1014c80 > 0),0,,,,,,code,
27,S3,0x1014d14,text_draw_msg,0x28ca8,0x1014c6c,0x10350c4>0x1014d14,0x6e8,TO START,,2,,2,64,22,,none (0),RAM[0x3d530] (dmd_work_page0),[],(indirect table entry 2 AND (gem_qualify_enabled()@0x1014c74 & 255) != 0 AND gem_loops_to_start()@0x1014c80 > 0),0,,,,,,code,
27,S3,0x1014d38,text_draw_msg,0x28ca8,0x1014c6c,0x10350c4>0x1014d38,0x6e9,"""FOLLOW GEM""",,2,,2,64,28,,none (0),RAM[0x3d530] (dmd_work_page0),[],(indirect table entry 2 AND (gem_qualify_enabled()@0x1014c74 & 255) != 0 AND gem_loops_to_start()@0x1014c80 > 0),0,,,,,,code,
27,S4,0x1017704,text_draw_msg,0x28ca8,0x101768c,0x10350c4>0x1017704,0x6ee,"""TERMINATE CLU""",,12,,2,64,13,,none (0),RAM[0x3d530] (dmd_work_page0),[],"(indirect table entry 3 AND (vuk_lit_item_test(16)@0x1017698 & 255) != 0 AND (clu_start_allowed((items_all_lit()@0x10176a4 & 255), (items_all_collected()@0x10176b0 & 255))@0x10176c0 & 255) != 0)",0,,,,,,code,
27,S4,0x1017728,text_draw_msg,0x28ca8,0x101768c,0x10350c4>0x1017728,0x6ef,LIT,,12,,2,64,25,,none (0),RAM[0x3d530] (dmd_work_page0),[],"(indirect table entry 3 AND (vuk_lit_item_test(16)@0x1017698 & 255) != 0 AND (clu_start_allowed((items_all_lit()@0x10176a4 & 255), (items_all_collected()@0x10176b0 & 255))@0x10176c0 & 255) != 0)",0,,,,,,code,
27,S5,0x1017790,text_printf_msg,0x28d5c,0x101768c,0x10350c4>0x1017790,0x6ea,%u,,12,,2,64,10,,none (0),RAM[0x3d530] (dmd_work_page0),"[{""order"": 1, ""conversion"": ""%u"", ""source"": ""FUN_01016a68()@0x1017748"", ""function"": ""0x1016a68"", ""name"": ""FUN_01016a68""}]",(indirect table entry 3 AND (clu_lanes_active()@0x101773c & 255) != 0 AND FUN_01016a68()@0x1017748 > 0),0,,,,,,code,
27,S5,0x10177b8,text_printf_msg,0x28d5c,0x101768c,0x10350c4>0x10177b8,0x6eb,CLU LANE COMPLETION%P1//S/%,,2,,2,64,16,,none (0),RAM[0x3d530] (dmd_work_page0),"[{""order"": 1, ""conversion"": ""%P1//S/%"", ""source"": ""FUN_01016a68()@0x1017748"", ""function"": ""0x1016a68"", ""name"": ""FUN_01016a68""}]",(indirect table entry 3 AND (clu_lanes_active()@0x101773c & 255) != 0 AND FUN_01016a68()@0x1017748 > 0),0,,,,,,code,
27,S5,0x10177dc,text_draw_msg,0x28ca8,0x101768c,0x10350c4>0x10177dc,0x6ec,TO LIGHT,,2,,2,64,22,,none (0),RAM[0x3d530] (dmd_work_page0),[],(indirect table entry 3 AND (clu_lanes_active()@0x101773c & 255) != 0 AND FUN_01016a68()@0x1017748 > 0),0,,,,,,code,
27,S5,0x1017800,text_draw_msg,0x28ca8,0x101768c,0x10350c4>0x1017800,0x6ed,"""TERMINATE CLU""",,2,,2,64,28,,none (0),RAM[0x3d530] (dmd_work_page0),[],(indirect table entry 3 AND (clu_lanes_active()@0x101773c & 255) != 0 AND FUN_01016a68()@0x1017748 > 0),0,,,,,,code,
27,S6,0x1034188,text_printf_msg,0x28d5c,0x1034130,0x10350c4>0x1034188,0x6f0,%u,,12,,2,64,10,,none (0),RAM[0x3d530] (dmd_work_page0),"[{""order"": 1, ""conversion"": ""%u"", ""source"": ""zuse_completions_to_start()@0x1034144"", ""function"": ""0x10336c8"", ""name"": ""zuse_completions_to_start""}]",(indirect table entry 4 AND (zuse_qualify_enabled()@0x1034138 & 255) != 0 AND zuse_completions_to_start()@0x1034144 != 0),0,,,,,,code,
27,S6,0x10341b4,text_printf_msg,0x28d5c,0x1034130,0x10350c4>0x10341b4,0x6f1,ZUSE TARGET COMPLETION%P1//S/%,,2,,2,64,16,,none (0),RAM[0x3d530] (dmd_work_page0),"[{""order"": 1, ""conversion"": ""%P1//S/%"", ""source"": ""zuse_completions_to_start()@0x1034144"", ""function"": ""0x10336c8"", ""name"": ""zuse_completions_to_start""}]",(indirect table entry 4 AND (zuse_qualify_enabled()@0x1034138 & 255) != 0 AND zuse_completions_to_start()@0x1034144 != 0),0,,,,,,code,
27,S6,0x10341d8,text_draw_msg,0x28ca8,0x1034130,0x10350c4>0x10341d8,0x6f2,TO START,,2,,2,64,22,,none (0),RAM[0x3d530] (dmd_work_page0),[],(indirect table entry 4 AND (zuse_qualify_enabled()@0x1034138 & 255) != 0 AND zuse_completions_to_start()@0x1034144 != 0),0,,,,,,code,
27,S6,0x10341fc,text_draw_msg,0x28ca8,0x1034130,0x10350c4>0x10341fc,0x6f3,"""ZUSE FAST SCORING""",,2,,2,64,28,,none (0),RAM[0x3d530] (dmd_work_page0),[],(indirect table entry 4 AND (zuse_qualify_enabled()@0x1034138 & 255) != 0 AND zuse_completions_to_start()@0x1034144 != 0),0,,,,,,code,
27,S7,0x101f928,text_draw_msg,0x28ca8,0x101f8e0,0x10350c4>0x101f928,0x6fa,"""QUORRA MULTIBALL""",,12,,2,64,12,,none (0),RAM[0x3d530] (dmd_work_page0),[],(indirect table entry 5 AND (quorra_mb_running()@0x101f8e8 & 255) != 0),0,,,,,,code,
27,S7,0x101f954,text_printf_msg,0x28d5c,0x101f8e0,0x10350c4>0x101f954,0x6fb,"JACKPOT=%,02lu",,0,,2,64,19,,none (0),RAM[0x3d530] (dmd_work_page0),"[{""order"": 1, ""conversion"": ""%,02lu"", ""source"": ""RAM[0x3b374] (quorra_jackpot)"", ""ram_addr"": ""0x3b374"", ""name"": ""quorra_jackpot"", ""meaning"": ""current jackpot value (cap 500000)""}]",(indirect table entry 5 AND (quorra_mb_running()@0x101f8e8 & 255) != 0),0,,,,,,code,
27,S7,0x101f980,text_printf_msg,0x28d5c,0x101f8e0,0x10350c4>0x101f980,0x6fc,"SUPER JACKPOT=%,02lu",,0,,2,64,26,,none (0),RAM[0x3d530] (dmd_work_page0),"[{""order"": 1, ""conversion"": ""%,02lu"", ""source"": ""RAM[0x3b378] (quorra_super)"", ""ram_addr"": ""0x3b378"", ""name"": ""quorra_super"", ""meaning"": ""current super jackpot value""}]",(indirect table entry 5 AND (quorra_mb_running()@0x101f8e8 & 255) != 0),0,,,,,,code,
27,S8,0x101f9fc,text_draw_msg,0x28ca8,0x101f8e0,0x10350c4>0x101f9fc,0x6f8,"""QUORRA MULTIBALL""",,12,,2,64,13,,none (0),RAM[0x3d530] (dmd_work_page0),[],"(indirect table entry 5 AND (quorra_mb_running()@0x101f8e8 & 255) == 0 AND (vuk_lit_item_test(2)@0x101f994 & 255) != 0 AND (quorra_can_start((items_all_lit()@0x101f9a0 & 255), (items_all_collected()@0x101f9ac & 255))@0x101f9bc & 255) != 0)",0,,,,,,code,
27,S8,0x101fa20,text_draw_msg,0x28ca8,0x101f8e0,0x10350c4>0x101fa20,0x6f9,LIT,,12,,2,64,25,,none (0),RAM[0x3d530] (dmd_work_page0),[],"(indirect table entry 5 AND (quorra_mb_running()@0x101f8e8 & 255) == 0 AND (vuk_lit_item_test(2)@0x101f994 & 255) != 0 AND (quorra_can_start((items_all_lit()@0x101f9a0 & 255), (items_all_collected()@0x101f9ac & 255))@0x101f9bc & 255) != 0)",0,,,,,,code,
27,S9,0x101fa90,text_printf_msg,0x28d5c,0x101f8e0,0x10350c4>0x101fa90,0x6f4,%u,,12,,2,64,10,,none (0),RAM[0x3d530] (dmd_work_page0),"[{""order"": 1, ""conversion"": ""%u"", ""source"": ""quorra_shots_to_light()@0x101fa48"", ""function"": ""0x101cddc"", ""name"": ""quorra_shots_to_light""}]",(indirect table entry 5 AND (quorra_mb_running()@0x101f8e8 & 255) == 0 AND (quorra_progress_allowed()@0x101fa3c & 255) != 0 AND quorra_shots_to_light()@0x101fa48 > 0),0,,,,,,code,
27,S9,0x101fab8,text_printf_msg,0x28d5c,0x101f8e0,0x10350c4>0x101fab8,0x6f5,LEFT INNER LOOP SHOT%P1//S/%,,2,,2,64,16,,none (0),RAM[0x3d530] (dmd_work_page0),"[{""order"": 1, ""conversion"": ""%P1//S/%"", ""source"": ""quorra_shots_to_light()@0x101fa48"", ""function"": ""0x101cddc"", ""name"": ""quorra_shots_to_light""}]",(indirect table entry 5 AND (quorra_mb_running()@0x101f8e8 & 255) == 0 AND (quorra_progress_allowed()@0x101fa3c & 255) != 0 AND quorra_shots_to_light()@0x101fa48 > 0),0,,,,,,code,
27,S9,0x101fadc,text_draw_msg,0x28ca8,0x101f8e0,0x10350c4>0x101fadc,0x6f6,TO LIGHT,,2,,2,64,22,,none (0),RAM[0x3d530] (dmd_work_page0),[],(indirect table entry 5 AND (quorra_mb_running()@0x101f8e8 & 255) == 0 AND (quorra_progress_allowed()@0x101fa3c & 255) != 0 AND quorra_shots_to_light()@0x101fa48 > 0),0,,,,,,code,
27,S9,0x101fb00,text_draw_msg,0x28ca8,0x101f8e0,0x10350c4>0x101fb00,0x6f7,"""QUORRA MULTIBALL""",,2,,2,64,28,,none (0),RAM[0x3d530] (dmd_work_page0),[],(indirect table entry 5 AND (quorra_mb_running()@0x101f8e8 & 255) == 0 AND (quorra_progress_allowed()@0x101fa3c & 255) != 0 AND quorra_shots_to_light()@0x101fa48 > 0),0,,,,,,code,
27,S10,0x1021df8,text_printf_msg,0x28d5c,0x1021d9c,0x10350c4>0x1021df8,0x701,%u,,12,,2,64,10,,none (0),RAM[0x3d530] (dmd_work_page0),"[{""order"": 1, ""conversion"": ""%u"", ""source"": ""dbattle_disc_shots_to_start_display()@0x1021db0"", ""function"": ""0x1020b14"", ""name"": ""dbattle_disc_shots_to_start_display""}]",(indirect table entry 6 AND (dbattle_can_progress()@0x1021da4 & 255) != 0 AND dbattle_disc_shots_to_start_display()@0x1021db0 > 0),0,,,,,,code,
27,S10,0x1021e20,text_printf_msg,0x28d5c,0x1021d9c,0x10350c4>0x1021e20,0x702,DISC SHOT%P1//S/%,,2,,2,64,16,,none (0),RAM[0x3d530] (dmd_work_page0),"[{""order"": 1, ""conversion"": ""%P1//S/%"", ""source"": ""dbattle_disc_shots_to_start_display()@0x1021db0"", ""function"": ""0x1020b14"", ""name"": ""dbattle_disc_shots_to_start_display""}]",(indirect table entry 6 AND (dbattle_can_progress()@0x1021da4 & 255) != 0 AND dbattle_disc_shots_to_start_display()@0x1021db0 > 0),0,,,,,,code,
27,S10,0x1021e44,text_draw_msg,0x28ca8,0x1021d9c,0x10350c4>0x1021e44,0x703,TO START,,2,,2,64,22,,none (0),RAM[0x3d530] (dmd_work_page0),[],(indirect table entry 6 AND (dbattle_can_progress()@0x1021da4 & 255) != 0 AND dbattle_disc_shots_to_start_display()@0x1021db0 > 0),0,,,,,,code,
27,S10,0x1021e68,text_draw_msg,0x28ca8,0x1021d9c,0x10350c4>0x1021e68,0x704,"""DISC MULTIBALL""",,2,,2,64,28,,none (0),RAM[0x3d530] (dmd_work_page0),[],(indirect table entry 6 AND (dbattle_can_progress()@0x1021da4 & 255) != 0 AND dbattle_disc_shots_to_start_display()@0x1021db0 > 0),0,,,,,,code,
27,S11,0x1021ecc,text_printf_msg,0x28d5c,0x1021d9c,0x10350c4>0x1021ecc,0x6fd,%u,,12,,2,64,10,,none (0),RAM[0x3d530] (dmd_work_page0),"[{""order"": 1, ""conversion"": ""%u"", ""source"": ""recog_hits_still_needed()@0x1021e88"", ""function"": ""0x101ff5c"", ""name"": ""recog_hits_still_needed""}]",(indirect table entry 6 AND (dbattle_can_progress()@0x1021da4 & 255) == 0 AND (recog_targets_count_active()@0x1021e7c & 255) != 0 AND recog_hits_still_needed()@0x1021e88 > 0),0,,,,,,code,
27,S11,0x1021ef4,text_printf_msg,0x28d5c,0x1021d9c,0x10350c4>0x1021ef4,0x6fe,RECOGNIZER HIT%P1//S/%,,2,,2,64,16,,none (0),RAM[0x3d530] (dmd_work_page0),"[{""order"": 1, ""conversion"": ""%P1//S/%"", ""source"": ""recog_hits_still_needed()@0x1021e88"", ""function"": ""0x101ff5c"", ""name"": ""recog_hits_still_needed""}]",(indirect table entry 6 AND (dbattle_can_progress()@0x1021da4 & 255) == 0 AND (recog_targets_count_active()@0x1021e7c & 255) != 0 AND recog_hits_still_needed()@0x1021e88 > 0),0,,,,,,code,
27,S11,0x1021f18,text_draw_msg,0x28ca8,0x1021d9c,0x10350c4>0x1021f18,0x6ff,TO START,,2,,2,64,22,,none (0),RAM[0x3d530] (dmd_work_page0),[],(indirect table entry 6 AND (dbattle_can_progress()@0x1021da4 & 255) == 0 AND (recog_targets_count_active()@0x1021e7c & 255) != 0 AND recog_hits_still_needed()@0x1021e88 > 0),0,,,,,,code,
27,S11,0x1021f3c,text_draw_msg,0x28ca8,0x1021d9c,0x10350c4>0x1021f3c,0x700,"""DISC BATTLE""",,2,,2,64,28,,none (0),RAM[0x3d530] (dmd_work_page0),[],(indirect table entry 6 AND (dbattle_can_progress()@0x1021da4 & 255) == 0 AND (recog_targets_count_active()@0x1021e7c & 255) != 0 AND recog_hits_still_needed()@0x1021e88 > 0),0,,,,,,code,
27,S12,0x1001bbc,text_draw_msg,0x28ca8,0x1001b54,0x10350c4>0x1001bbc,0x307,TOTAL BONUS,,12,,2,64,13,,none (0),RAM[0x3d530] (dmd_work_page0),[],"(indirect table entry 7 AND (event_post(22, stack_buf[sp-28])@0x1001b7c & 255) != 0)",0,,,,,,code,
27,S12,0x1001be8,text_printf_msg,0x28d5c,0x1001b54,0x10350c4>0x1001be8,,,RAM[0x36f5e].u16,12,,2,64,25,,none (0),RAM[0x3d530] (dmd_work_page0),[],"(indirect table entry 7 AND (event_post(22, stack_buf[sp-28])@0x1001b7c & 255) != 0)",0,,,,,,code,
28,S1,0x101269c,text_draw_msg,0x28ca8,0x1012640,0x101269c,,,((task+0x30 + 828) + 3),12,,2,84,20,,none (0),RAM[0x3d52c] (dmd_work_page1),[],,50,"[""REPLAY""]",12,2,"84,20",,observed,
29,S1,0x101271c,text_draw_msg,0x28ca8,0x10126d4,0x101271c,0x4a1,BUMP 'N' WIN,,12,,2,84,20,,none (0),RAM[0x3d52c] (dmd_work_page1),[],,25,"[""BUMP 'N' WIN""]",12,2,"84,20",,observed,
30,S1,0x1012a64,text_printf_msg,0x28d5c,0x1012994,0x1012a64,0x708,%u,,39,,2,54,20,,"one of {local palette sp-48: identity, none (0)}",RAM[0x3d52c] (dmd_work_page1),"[{""order"": 1, ""conversion"": ""%u"", ""source"": ""task+0x34"", ""task_field"": ""0x34"", ""meaning"": ""deff task block parameter (written by the code that started the deff)""}]",,41,"[""0""]",39,2,"54,20",,observed,
30,S1,0x1012aa0,text_printf_msg,0x28d5c,0x1012994,0x1012aa0,0x709,TICKET%P1//S/%,,37,,2,100,20,,"one of {local palette sp-48: identity, none (0)}",RAM[0x3d52c] (dmd_work_page1),"[{""order"": 1, ""conversion"": ""%P1//S/%"", ""source"": ""task+0x34"", ""task_field"": ""0x34"", ""meaning"": ""deff task block parameter (written by the code that started the deff)""}]",,41,"[""TICKETS""]",37,2,"100,20",,observed,
31,S1,0x1034db4,text_printf_msg,0x28d5c,0x1034d34,0x1034db4,0x346,PLAYER %d,,15,"0x40d8a3c=15,12",2,64,13,,none (0),RAM[0x3d530] (dmd_work_page0),"[{""order"": 1, ""conversion"": ""%d"", ""source"": ""task+0x30.u8"", ""task_field"": ""0x30"", ""meaning"": ""deff task block parameter (written by the code that started the deff)""}]",,1,"[""PLAYER 0""]",15,2,"64,13",,observed,"font chosen at run time by font_fit_msgs at 0x1034d48 (list 0x40d8a3c [15, 12], max width 128, English choice 15); y English: ((((0x55555556 *hi* (32 - (font_height(...)@0x1034d50 << 1))) - ((32 - (font_height(...)@0x1034d50 << 1)) >> 31)) + font_height(font_fit_msgs(0x40d8a34, 0x40d8a3c, 128)@0x1034d48)@0x1034d50) - 1) evaluated with fonts.json font heights / fit choices"
31,S1,0x1034de4,text_draw_msg,0x28ca8,0x1034d34,0x1034de4,0x347,ENTER INITIALS,,15,"0x40d8a3c=15,12",2,64,?deep,,none (0),RAM[0x3d530] (dmd_work_page0),[],,1,"[""ENTER INITIALS""]",15,2,"64,27",,observed,"font chosen at run time by font_fit_msgs at 0x1034d48 (list 0x40d8a3c [15, 12], max width 128, English choice 15)"
31,S1,0x1034e10,text_draw_msg,0x28ca8,0x1034d34,0x1034e10,0x347,ENTER INITIALS,,15,"0x40d8a3c=15,12",2,64,?deep,,none (0),RAM[0x3d530] (dmd_work_page0),[],,1,"[""ENTER INITIALS""]",15,2,"64,27",,observed,"font chosen at run time by font_fit_msgs at 0x1034d48 (list 0x40d8a3c [15, 12], max width 128, English choice 15)"
32,S1,0x1034820,text_printf_msg_fit,0x28eb0,0x10346e8,0x1034820,0x348,PLAYER %d - ENTER INITIALS,,,0x40d89f8=2,2,64,4,128,none (0),RAM[0x3d530] (dmd_work_page0),"[{""order"": 1, ""conversion"": ""%d"", ""source"": ""task+0x30.u8"", ""task_field"": ""0x30"", ""meaning"": ""deff task block parameter (written by the code that started the deff)""}]","(RAM[0x3e344].u8 == 0 AND RAM[0x3e340].u8 == 0 AND (FUN_00007404(stack_buf[sp-56], 1)@0x10349f4 & 255) != 0 AND (FUN_00007404(stack_buf[sp-56], 2)@0x1034a68 & 255) != 0)",679,"[""PLAYER 0 - ENTER INITIALS""]",2,2,"64,4","40d89f8:2,0:maxw=128",observed,
32,S2,0x103485c,text_draw_str_fit_page,0x29248,0x10346e8,0x103485c,,,lang_select([task+0x34 + 0x14])@0x103483c,,"0x40d8a24=4,2",2,64,10,128,none (0),RAM[0x3d530] (dmd_work_page0),[],(task+0x34 != 0),0,,,,,,code,string source: value lang_select([task+0x34 + 0x14])@0x103483c
32,S3,0x10348a4,text_printf_msg,0x28d5c,0x10346e8,0x10348a4,0x349,%u,,2,,1,0,21,,none (0),RAM[0x3d530] (dmd_work_page0),"[{""order"": 1, ""conversion"": ""%u"", ""source"": ""RAM[0x3e344].u8"", ""ram_addr"": ""0x3e344"", ""name"": null}]",(RAM[0x3e340].u8 != 0),0,,,,,,code,
32,S3,0x10348d8,text_printf_msg,0x28d5c,0x10346e8,0x10348d8,0x349,%u,,2,,4,127,21,,none (0),RAM[0x3d530] (dmd_work_page0),"[{""order"": 1, ""conversion"": ""%u"", ""source"": ""RAM[0x3e344].u8"", ""ram_addr"": ""0x3e344"", ""name"": null}]",(RAM[0x3e340].u8 != 0),0,,,,,,code,
32,S4,0x1034900,text_draw_str_page,0x28f34,0x10346e8,0x1034900,,,stack[sp-52],14,,1,((((129 - (task+0x3c.u8 + (task+0x3c.u8 << 2))) - task+0x3c.u8) + (((129 - (task+0x3c.u8 + (... << ...))) - task+0x3c.u8) >> 31)) >> 1),21,,none (0),RAM[0x3d530] (dmd_work_page0),[],,679,"[""""]",14,1,"64,21",,observed,string source: value stack[sp-52]
32,S5,0x33cb8,text_draw_str_page,0x28f34,0x33be8,0x1034940>0x33cb8,,,stack_buf[sp-36],?op,,1,"one of {(((128 - text_width(stack_buf[sp-36], ?op)@0x33c54) + ((128 - text_width(stack_buf[sp-36], ?op)@0x33c54) >> 31)) >> 1), ?deep}",30,,none (0),RAM[0x3d530] (dmd_work_page0),[],,4074,"[""I"", ""D"", ""L"", ""A"", ""V""]",8,1,"11,30|17,30|23,30|29,30|5,30|61,30",,observed,string source: stack_buffer stack_buf[sp-36]
32,S5,0x33e18,text_draw_str_page,0x28f34,0x33be8,0x1034940>0x33e18,,,stack_buf[sp-36],?op,,1,loop_var@0x33df0,30,,none (0),RAM[0x3d530] (dmd_work_page0),[],,4074,"[""N"", ""V"", ""A"", ""L"", ""I"", ""D""]",8,1,"68,30|74,30|80,30|86,30|92,30|98,30",,observed,string source: stack_buffer stack_buf[sp-36]
33,S1,0x1034ffc,text_printf_msg,0x28d5c,0x1034f88,0x1034ffc,,,((task+0x38.u16 + 848) + 3),2,,2,64,6,,none (0),RAM[0x3d530] (dmd_work_page0),[],(task+0x3c != 0),0,,,,,,code,
33,S2,0x1035040,text_printf_msg,0x28d5c,0x1034f88,0x1035040,0x352,PLAYER %d,,2,,2,64,6,,none (0),RAM[0x3d530] (dmd_work_page0),"[{""order"": 1, ""conversion"": ""%d"", ""source"": ""task+0x30.u8"", ""task_field"": ""0x30"", ""meaning"": ""deff task block parameter (written by the code that started the deff)""}]",(task+0x3c == 0),1,"[""PLAYER 0""]",2,2,"64,6",,observed,
33,S3,0x1034ebc,text_draw_str_fit_page,0x29248,0x1034e78,0x1035048>0x1034ebc,,,lang_select([task+0x34 + 0x14])@0x1034e88,,"0x40d8a48=4,2",2,64,12,128,none (0),RAM[0x3d530] (dmd_work_page0),[],,2,"[""""]",4,2,"64,12","40d8a48:4,2,0:maxw=128",observed,string source: value lang_select([task+0x34 + 0x14])@0x1034e88
33,S3,0x1034edc,text_draw_str_page,0x28f34,0x1034e78,0x1035048>0x1034edc,,,[task+0x34 + 0x0],15,,2,64,23,,none (0),RAM[0x3d530] (dmd_work_page0),[],,2,"[""""]",15,2,"64,23",,observed,string source: value [task+0x34 + 0x0]
33,S4,0x1034f2c,text_draw_str_page,0x28f34,0x1034e78,0x1035048>0x1034f2c,,,stack_buf[sp-88],4,,2,64,29,,none (0),RAM[0x3d530] (dmd_work_page0),[],(task+0x34 != 0 AND [task+0x34 + 0x10] != 0),0,,,,,,code,string source: stack_buffer stack_buf[sp-88]
33,S3,0x1034f74,text_printf_msg,0x28d5c,0x1034e78,0x1035048>0x1034f74,,,RAM[0x36f5e].u16,4,,2,64,29,,none (0),RAM[0x3d530] (dmd_work_page0),[],,2,"[""00""]",4,2,"64,29",,observed,
34,S1,0x1036af4,text_draw_msg,0x28ca8,0x1036a5c,0x1036af4,0x4a2,"SORRY,",,12,"0x40d8abc=12,10,2",2,64,?deep,,none (0),RAM[0x3d530] (dmd_work_page0),[],,1,"[""SORRY,""]",12,2,"64,9",,observed,"font chosen at run time by font_fit_msgs at 0x1036a78 (list 0x40d8abc [12, 10, 2], max width 128, English choice 12)"
34,S1,0x1036b24,text_draw_msg,0x28ca8,0x1036a5c,0x1036b24,0x4a3,YOU DID NOT QUALIFY,,12,"0x40d8abc=12,10,2",2,64,?op,,none (0),RAM[0x3d530] (dmd_work_page0),[],,1,"[""YOU DID NOT QUALIFY""]",12,2,"64,19",,observed,"font chosen at run time by font_fit_msgs at 0x1036a78 (list 0x40d8abc [12, 10, 2], max width 128, English choice 12)"
34,S1,0x1036b54,text_draw_msg,0x28ca8,0x1036a5c,0x1036b54,0x4a4,PLEASE TRY AGAIN!,,12,"0x40d8abc=12,10,2",2,64,?op,,none (0),RAM[0x3d530] (dmd_work_page0),[],,1,"[""PLEASE TRY AGAIN!""]",12,2,"64,29",,observed,"font chosen at run time by font_fit_msgs at 0x1036a78 (list 0x40d8abc [12, 10, 2], max width 128, English choice 12)"
34,S1,0x1036bac,text_draw_msg,0x28ca8,0x1036a5c,0x1036bac,0x4a2,"SORRY,",,12,"0x40d8abc=12,10,2",2,64,?deep,,none (0),RAM[0x3d530] (dmd_work_page0),[],,1,"[""SORRY,""]",12,2,"64,9",,observed,"font chosen at run time by font_fit_msgs at 0x1036a78 (list 0x40d8abc [12, 10, 2], max width 128, English choice 12)"
34,S1,0x1036bd4,text_draw_msg,0x28ca8,0x1036a5c,0x1036bd4,0x4a3,YOU DID NOT QUALIFY,,12,"0x40d8abc=12,10,2",2,64,?op,,none (0),RAM[0x3d530] (dmd_work_page0),[],,1,"[""YOU DID NOT QUALIFY""]",12,2,"64,19",,observed,"font chosen at run time by font_fit_msgs at 0x1036a78 (list 0x40d8abc [12, 10, 2], max width 128, English choice 12)"
35,S1,0x10362a0,text_draw_msg_fit,0x28e48,0x1036244,0x10362a0,0x4a6,YOU QUALIFIED!,,,"0x40d8a80=12,10,2",2,64,24,116,none (0),RAM[0x3d530] (dmd_work_page0),[],,1,"[""YOU QUALIFIED!""]",12,2,"64,24","40d8a80:12,10,2,0:maxw=116",observed,English: fit picks font 12
35,S1,0x10362d8,text_printf_msg,0x28d5c,0x1036244,0x10362d8,0x4a5,PLAYER %d,,12,"0x40d8a80=12,10,2",2,64,14,,none (0),RAM[0x3d530] (dmd_work_page0),"[{""order"": 1, ""conversion"": ""%d"", ""source"": ""task+0x30.u8"", ""task_field"": ""0x30"", ""meaning"": ""deff task block parameter (written by the code that started the deff)""}]",,1,"[""PLAYER 0""]",12,2,"64,14",,observed,"font chosen at run time by text_draw_msg_fit at 0x10362a0 (list 0x40d8a80 [12, 10, 2], max width None, English choice 12)"
35,S1,0x103631c,text_draw_msg,0x28ca8,0x1036244,0x103631c,0x4a6,YOU QUALIFIED!,,12,"0x40d8a80=12,10,2",2,64,24,,none (0),RAM[0x3d530] (dmd_work_page0),[],,1,"[""YOU QUALIFIED!""]",12,2,"64,24",,observed,"font chosen at run time by text_draw_msg_fit at 0x10362a0 (list 0x40d8a80 [12, 10, 2], max width None, English choice 12)"
36,S1,0x10365b8,text_printf_msg,0x28d5c,0x103649c,0x10365b8,,,[task+0x30 + 0x1c].u16,2,,2,64,4,,none (0),RAM[0x3d530] (dmd_work_page0),[],,678,"[""INVALID""]",2,2,"64,4",,observed,
36,S1,0x10365e8,text_printf_msg,0x28d5c,0x103649c,0x10365e8,0x4a9,%P1/FIRST/SECOND/THIRD/FOURTH/FIFTH//% PLACE,,2,,2,64,10,,none (0),RAM[0x3d530] (dmd_work_page0),"[{""order"": 1, ""conversion"": ""%P1/FIRST/SECOND/THIRD/FOURTH/FIFTH//%"", ""source"": ""[task+0x30 + 0x18]""}]",,678,"["" PLACE""]",2,2,"64,10",,observed,
36,S1,0x1036628,text_draw_str_page,0x28f34,0x103649c,0x1036628,,,stack_buf[sp-76],14,,1,?deep,21,,none (0),RAM[0x3d530] (dmd_work_page0),[],,678,"[""Q???X???d???h???t???""]",14,1,"64,21",,observed,string source: stack_buffer stack_buf[sp-76]
36,S2,0x33cb8,text_draw_str_page,0x28f34,0x33be8,0x1036664>0x33cb8,,,stack_buf[sp-36],?op,,1,"one of {(((128 - text_width(stack_buf[sp-36], ?op)@0x33c54) + ((128 - text_width(stack_buf[sp-36], ?op)@0x33c54) >> 31)) >> 1), ?deep}",30,,none (0),RAM[0x3d530] (dmd_work_page0),[],,4068,"[""I"", ""D"", ""L"", ""A"", ""V""]",8,1,"11,30|17,30|23,30|29,30|5,30|61,30",,observed,string source: stack_buffer stack_buf[sp-36]
36,S2,0x33e18,text_draw_str_page,0x28f34,0x33be8,0x1036664>0x33e18,,,stack_buf[sp-36],?op,,1,loop_var@0x33df0,30,,none (0),RAM[0x3d530] (dmd_work_page0),[],,4068,"[""N"", ""V"", ""A"", ""L"", ""I"", ""D""]",8,1,"68,30|74,30|80,30|86,30|92,30|98,30",,observed,string source: stack_buffer stack_buf[sp-36]
37,S1,0x1036980,text_printf_msg,0x28d5c,0x1036934,0x10369f4>0x1036980,0x4aa,PLAYER %d,,12,,2,64,15,,none (0),RAM[0x3d530] (dmd_work_page0),"[{""order"": 1, ""conversion"": ""%d"", ""source"": ""task+0x30.u8"", ""task_field"": ""0x30"", ""meaning"": ""deff task block parameter (written by the code that started the deff)""}]",,2,"[""PLAYER 0""]",12,2,"64,15",,observed,
37,S1,0x10369a8,text_printf_msg,0x28d5c,0x1036934,0x10369f4>0x10369a8,0x4ab,YOU ARE IN %P1/1ST/2ND/3RD/4TH/5TH//% PLACE!,,2,,2,64,23,,none (0),RAM[0x3d530] (dmd_work_page0),"[{""order"": 1, ""conversion"": ""%P1/1ST/2ND/3RD/4TH/5TH//%"", ""source"": ""task+0x38"", ""task_field"": ""0x38"", ""meaning"": ""deff task block parameter (written by the code that started the deff)""}]",,2,"[""YOU ARE IN  PLACE!""]",2,2,"64,23",,observed,
38,S1,0x102ccfc,text_printf_msg,0x28d5c,0x102cc48,0x102cec8>0x102ccfc,0x4e4,"%,02lu",,0,,4,38,"one of {((loop_var@0x102ccb4 << 3) - 3), 21}",,local palette sp-48: identity; levels 1..15 -> 2,RAM[0x3d530].u16 (dmd_work_page0),"[{""order"": 1, ""conversion"": ""%,02lu"", ""source"": ""FUN_000233e8(loop_var@0x102ccb4)@0x102ccb8"", ""function"": ""0x233e8"", ""name"": ""FUN_000233e8""}]",(1 <=u ((num_players()@0x102ce3c & 255) & 255)) OR (0 != ((random_below(10)@0x102cf54 + (random_below(10)@0x102cf54 << 2)) << 1) AND 1 <=u (num_players()@0x102ce3c & 255) AND task+0x30.u8 != 0 AND 1 <=u ((num_players()@0x102ce3c & 255) & 255)),155,"[""00""]",0,4,"38,5",,observed,
38,S1,0x102cd7c,text_printf_msg,0x28d5c,0x102cc48,0x102cec8>0x102cd7c,0x4e4,"%,02lu",,0,,4,38,loop_var@0x102cd68,,none (0),RAM[0x3d530].u16 (dmd_work_page0),"[{""order"": 1, ""conversion"": ""%,02lu"", ""source"": ""?deep""}]",(1 <=u ((num_players()@0x102ce3c & 255) & 255)) OR (0 != ((random_below(10)@0x102cf54 + (random_below(10)@0x102cf54 << 2)) << 1) AND 1 <=u (num_players()@0x102ce3c & 255) AND task+0x30.u8 != 0 AND 1 <=u ((num_players()@0x102ce3c & 255) & 255)),13,"[""00""]",0,4,"38,5",,observed,
38,S2,0x102cf4c,text_draw_msg,0x28ca8,0x102cdd8,0x102cf4c,0x6b3,MATCH,,37,,4,127,7,,local palette sp-48: identity,RAM[0x3d530] (dmd_work_page0),[],,60,"[""MATCH""]",37,4,"127,7",,observed,"font by language 0-4: [[37], [39], [39], [33], [33]]; y English: (font_height(ROM[0x40d3ce0 + (language_get()@0x102ce1c << 2)])@0x102ce2c - 2) evaluated with fonts.json font heights / fit choices"
38,S2,0x102cfac,text_printf_msg,0x28d5c,0x102cdd8,0x102cfac,0x6b2,"%,02lu",,30,,2,84,23,,local palette sp-48: identity,RAM[0x3d530] (dmd_work_page0),"[{""order"": 1, ""conversion"": ""%,02lu"", ""source"": ""task+0x34"", ""task_field"": ""0x34"", ""meaning"": ""deff task block parameter (written by the code that started the deff)""}]",,2,"[""00"", ""30""]",30,2,"84,23",,observed,
38,S3,0x102d09c,text_printf_msg,0x28d5c,0x102cdd8,0x102d09c,0x6b2,"%,02lu",,30,,2,84,23,,local palette sp-48: identity,RAM[0x3d530] (dmd_work_page0),"[{""order"": 1, ""conversion"": ""%,02lu"", ""source"": ""task+0x34"", ""task_field"": ""0x34"", ""meaning"": ""deff task block parameter (written by the code that started the deff)""}]",(0 != ((random_below(10)@0x102cf54 + (random_below(10)@0x102cf54 << 2)) << 1) AND 1 <=u (num_players()@0x102ce3c & 255) AND task+0x30.u8 != 0),13,"[""30""]",30,2,"84,23",,observed,
39,S1,0x10352f0,text_draw_msg,0x28ca8,0x1035288,0x10352f0,0x4dd,COMPETITION MODE,,12,,2,64,11,,none (0),RAM[0x3d530] (dmd_work_page0),[],,6,"[""COMPETITION MODE""]",12,2,"64,11",,observed,
39,S1,0x1035314,text_draw_msg,0x28ca8,0x1035288,0x1035314,0x4de,READY,,12,,2,64,20,,none (0),RAM[0x3d530] (dmd_work_page0),[],,6,"[""READY""]",12,2,"64,20",,observed,
39,S1,0x1035338,text_draw_msg,0x28ca8,0x1035288,0x1035338,0x4df,PRESS START NOW,,2,,2,64,27,,none (0),RAM[0x3d530] (dmd_work_page0),[],,6,"[""PRESS START NOW""]",2,2,"64,27",,observed,
39,S1,0x103535c,text_printf_msg,0x28d5c,0x1035288,0x103535c,0x4e0,%d,,12,,1,2,29,,none (0),RAM[0x3d530] (dmd_work_page0),"[{""order"": 1, ""conversion"": ""%d"", ""source"": ""loop_var@0x10352a8""}]",,6,"[""5"", ""4"", ""3"", ""2"", ""1"", ""0""]",12,1,"2,29",,observed,
39,S1,0x1035380,text_printf_msg,0x28d5c,0x1035288,0x1035380,0x4e0,%d,,12,,4,125,29,,none (0),RAM[0x3d530] (dmd_work_page0),"[{""order"": 1, ""conversion"": ""%d"", ""source"": ""loop_var@0x10352a8""}]",,6,"[""5"", ""4"", ""3"", ""2"", ""1"", ""0""]",12,4,"125,29",,observed,
40,S1,0x100f678,text_printf_msg,0x28d5c,0x100f604,0x100f678,0x2ff,PLAYER %d,,12,,2,84,13,,none (0),RAM[0x3d52c] (dmd_work_page1),"[{""order"": 1, ""conversion"": ""%d"", ""source"": ""task+0x30.u8"", ""task_field"": ""0x30"", ""meaning"": ""deff task block parameter (written by the code that started the deff)""}]",,64,"[""PLAYER 1"", ""PLAYER 0""]",12,2,"84,13",,observed,
40,S1,0x100f6b0,text_draw_msg_fit,0x28e48,0x100f604,0x100f6b0,0x547,YOU'RE UP,,,"0x40d2aa4=15,12,10,8,4",2,84,25,85,loop_var@0x100f684,RAM[0x3d52c] (dmd_work_page1),[],,34,"[""YOU'RE UP""]",15,2,"84,25","40d2aa4:15,12,10,8,4,0:maxw=85",observed,English: fit picks font 15
41,S1,0x1029cdc,text_draw_msg,0x28ca8,0x1029c74,0x1029cdc,0x543,LEFT SPINNER =,,2,,2,84,7,,none (0),RAM[0x3d52c] (dmd_work_page1),[],,7,"[""LEFT SPINNER =""]",2,2,"84,7",,observed,
41,S1,0x1029d0c,text_printf_msg,0x28d5c,0x1029c74,0x1029d0c,0x544,"%,02lu",,2,,2,84,15,,none (0),RAM[0x3d52c] (dmd_work_page1),"[{""order"": 1, ""conversion"": ""%,02lu"", ""source"": ""RAM[0x3b710] (lspin_last)"", ""ram_addr"": ""0x3b710"", ""name"": ""lspin_last"", ""meaning"": ""last left spin points""}]",,7,"[""20,000"", ""00""]",2,2,"84,15",,observed,
41,S1,0x1029d4c,text_printf_msg,0x28d5c,0x1029c74,0x1029d4c,0x4e4,"%,02lu",,15,,2,84,28,,none (0),RAM[0x3d52c] (dmd_work_page1),"[{""order"": 1, ""conversion"": ""%,02lu"", ""source"": ""RAM[0x3b714] (lspin_total)"", ""ram_addr"": ""0x3b714"", ""name"": ""lspin_total"", ""meaning"": ""left spin points this session (deff 41)""}]",,7,"[""20,000"", ""40,000"", ""60,000"", ""00""]",15,2,"84,28",,observed,
42,S1,0x102a040,text_draw_msg,0x28ca8,0x1029fd8,0x102a040,0x545,RIGHT SPINNER =,,2,,2,84,7,,none (0),RAM[0x3d52c] (dmd_work_page1),[],,22,"[""RIGHT SPINNER =""]",2,2,"84,7",,observed,
42,S1,0x102a070,text_printf_msg,0x28d5c,0x1029fd8,0x102a070,0x546,"%,02lu",,2,,2,84,15,,none (0),RAM[0x3d52c] (dmd_work_page1),"[{""order"": 1, ""conversion"": ""%,02lu"", ""source"": ""RAM[0x3b71c] (rspin_last)"", ""ram_addr"": ""0x3b71c"", ""name"": ""rspin_last"", ""meaning"": ""last right spin points""}]",,22,"[""10,000"", ""20,000"", ""00""]",2,2,"84,15",,observed,
42,S1,0x102a0b0,text_printf_msg,0x28d5c,0x1029fd8,0x102a0b0,0x4e4,"%,02lu",,15,,2,84,28,,none (0),RAM[0x3d52c] (dmd_work_page1),"[{""order"": 1, ""conversion"": ""%,02lu"", ""source"": ""RAM[0x3b720] (rspin_total)"", ""ram_addr"": ""0x3b720"", ""name"": ""rspin_total"", ""meaning"": ""right spin points this session (deff 42)""}]",,22,"[""10,000"", ""20,000"", ""30,000"", ""40,000"", ""60,000"", ""00""]",15,2,"84,28",,observed,
43,S1,0x101c6b4,text_printf_msg,0x28d5c,0x101c65c,0x101c6b4,0x548,%d MORE,,15,,2,84,11,,none (0),RAM[0x3d52c] (dmd_work_page1),"[{""order"": 1, ""conversion"": ""%d"", ""source"": ""one of {RAM[0x211179c + ((current_player()@0x101c748 & 255) - 1)].u8, loop_var@0x101c780}""}]",,305,"[""25 MORE"", ""22 MORE"", ""21 MORE"", ""17 MORE"", ""13 MORE"", ""16 MORE"", ""19 MORE"", ""12 MORE"", ""23 MORE"", ""24 MORE"", ""0 MORE""]",15,2,"84,11",,observed,
43,S1,0x101c6d8,text_draw_msg,0x28ca8,0x101c65c,0x101c6d8,0x549,POP BUMPERS =,,2,,2,84,17,,none (0),RAM[0x3d52c] (dmd_work_page1),[],,305,"[""POP BUMPERS =""]",2,2,"84,17",,observed,
43,S1,0x101c708,text_printf_msg,0x28d5c,0x101c65c,0x101c708,0x54a,"%,02lu",,2,,2,84,23,,none (0),RAM[0x3d52c] (dmd_work_page1),"[{""order"": 1, ""conversion"": ""%,02lu"", ""source"": ""task+0x3c"", ""task_field"": ""0x3c"", ""meaning"": ""deff task block parameter (written by the code that started the deff)""}]",,305,"[""10,000"", ""00"", ""30,000""]",2,2,"84,23",,observed,
43,S1,0x101c738,text_printf_msg,0x28d5c,0x101c65c,0x101c738,0x4e4,"%,02lu",,4,,2,84,29,,none (0),RAM[0x3d52c] (dmd_work_page1),"[{""order"": 1, ""conversion"": ""%,02lu"", ""source"": ""FUN_000233c8()@0x101c70c"", ""function"": ""0x233c8"", ""name"": ""FUN_000233c8""}]",,305,"[""00"", ""14,426,450"", ""28,258,180"", ""25,376,720"", ""28,270,080"", ""134,560"", ""14,283,850"", ""58,430"", ""26,550"", ""16,380"", ""14,023,600"", ""14,021,080""]",4,2,"84,29",,observed,
44,S1,0x101c868,text_printf_msg,0x28d5c,0x101c800,0x101c868,0x54c,LEVEL %d COMPLETED,,2,,2,84,10,,none (0),RAM[0x3d52c] (dmd_work_page1),"[{""order"": 1, ""conversion"": ""%d"", ""source"": ""task+0x30.u8"", ""task_field"": ""0x30"", ""meaning"": ""deff task block parameter (written by the code that started the deff)""}]",,26,"[""LEVEL 0 COMPLETED""]",2,2,"84,10",,observed,"font by language 0-4: [[2], [2], [2], [2], [0]]"
44,S1,0x101c8a0,text_printf_msg,0x28d5c,0x101c800,0x101c8a0,0x4e4,"%,02lu",,15,,2,84,25,,none (0),RAM[0x3d52c] (dmd_work_page1),"[{""order"": 1, ""conversion"": ""%,02lu"", ""source"": ""task+0x34"", ""task_field"": ""0x34"", ""meaning"": ""deff task block parameter (written by the code that started the deff)""}]",,26,"[""00""]",15,2,"84,25",,observed,
45,S1,0x102d6b4,text_draw_msg,0x28ca8,0x102d644,0x102de68>0x102d6b4,0x550,LIGHT CYCLE MAZE,,2,,2,64,7,,none (0),RAM[0x3d530] (dmd_work_page0),[],((FUN_0102e608()@0x102ddd0 & 255) != 0 AND (game_flag_test(33)@0x102dde0 & 255) == 0 AND RAM[0x2111854 + ((current_player()@0x102dd88 & 255) - 1)].u8 <=u 2),0,,,,,,code,
45,S1,0x102d6dc,text_draw_msg,0x28ca8,0x102d644,0x102de68>0x102d6dc,0x566,LEFT FLIPPER MOVES,,2,,2,64,14,,none (0),RAM[0x3d530] (dmd_work_page0),[],((FUN_0102e608()@0x102ddd0 & 255) != 0 AND (game_flag_test(33)@0x102dde0 & 255) == 0 AND RAM[0x2111854 + ((current_player()@0x102dd88 & 255) - 1)].u8 <=u 2),0,,,,,,code,
45,S1,0x102d700,text_draw_msg,0x28ca8,0x102d644,0x102de68>0x102d700,0x567,RIGHT FLIPPER TURNS,,2,,2,64,21,,none (0),RAM[0x3d530] (dmd_work_page0),[],((FUN_0102e608()@0x102ddd0 & 255) != 0 AND (game_flag_test(33)@0x102dde0 & 255) == 0 AND RAM[0x2111854 + ((current_player()@0x102dd88 & 255) - 1)].u8 <=u 2),0,,,,,,code,
45,S1,0x102d724,text_draw_msg,0x28ca8,0x102d644,0x102de68>0x102d724,0x568,FINISH BEFORE TIME RUNS OUT,,2,,2,64,28,,none (0),RAM[0x3d530] (dmd_work_page0),[],((FUN_0102e608()@0x102ddd0 & 255) != 0 AND (game_flag_test(33)@0x102dde0 & 255) == 0 AND RAM[0x2111854 + ((current_player()@0x102dd88 & 255) - 1)].u8 <=u 2),0,,,,,,code,
45,S2,0x102df14,text_printf_msg,0x28d5c,0x102dd50,0x102df14,0x565,%d,,2,,1,[loop_var@0x102deb4 + 0x10],[loop_var@0x102deb4 + 0x14],,none (0),RAM[0x3d530] (dmd_work_page0),"[{""order"": 1, ""conversion"": ""%d"", ""source"": ""loop_var@0x102deb4""}]",((FUN_0102e608()@0x102e434 & 255) != 0 AND (game_flag_test(33)@0x102e444 & 255) == 0 AND RAM[0x2111854 + ((current_player()@0x102dd88 & 255) - 1)].u8 <=u 2),0,,,,,,code,
45,S2,0x102df44,text_draw_msg,0x28ca8,0x102dd50,0x102df44,0x564,END,,2,,[loop_var@0x102deb4 + 0x28].u8,[loop_var@0x102deb4 + 0x18],[loop_var@0x102deb4 + 0x1c],,none (0),RAM[0x3d530] (dmd_work_page0),[],((FUN_0102e608()@0x102e434 & 255) != 0 AND (game_flag_test(33)@0x102e444 & 255) == 0 AND RAM[0x2111854 + ((current_player()@0x102dd88 & 255) - 1)].u8 <=u 2),0,,,,,,code,
45,S2,0x102dfac,text_draw_msg,0x28ca8,0x102dd50,0x102dfac,,,[loop_var@0x102df84 + 0x4].u16,2,,[loop_var@0x102df84 + 0x18].u8,[loop_var@0x102df84 + 0x8],[loop_var@0x102df84 + 0xc],,loop_var@0x102df84,RAM[0x3d530] (dmd_work_page0),[],((FUN_0102e608()@0x102e434 & 255) != 0 AND (game_flag_test(33)@0x102e444 & 255) == 0 AND RAM[0x2111854 + ((current_player()@0x102dd88 & 255) - 1)].u8 <=u 2),0,,,,,,code,
45,S3,0x102d8fc,text_draw_msg,0x28ca8,0x102d860,0x102e23c>0x102dc6c>0x102d8fc,0x552,LIGHT CYCLE MAZE AWARD,,2,,2,64,7,,none (0),RAM[0x3d530] (dmd_work_page0),[],"((FUN_0102e608()@0x102e434 & 255) != 0 AND (game_flag_test(33)@0x102e444 & 255) == 0 AND RAM[0x2111854 + ((current_player()@0x102dd88 & 255) - 1)].u8 <=u 2 AND RAM[0x370fc].u8 != 0 AND (FUN_0102d294(loop_var@0x102e08c, loop_var@0x102e08c)@0x102e094 & 255) != 0 AND (game_flag_test(33)@0x102e1bc & 255) == 0 AND (FUN_0102d2ec()@0x102e214 & 255) != 0 AND ROM[0x40d3da4 + ?deep] != 0 AND [ROM[0x40d3da4 + ?deep] + 0x0] != 0) OR (RAM[0x2111854 + ((current_player()@0x102dd88 & 255) - 1)].u8 <=u 2 AND RAM[0x370fc].u8 != 0 AND (FUN_0102d294(loop_var@0x102e08c, loop_var@0x102e08c)@0x102e094 & 255) != 0 AND (game_flag_test(33)@0x102e1bc & 255) == 0 AND ROM[0x40d3da4 + ?deep] != 0 AND [ROM[0x40d3da4 + ?deep] + 0x0] != 0)",0,,,,,,code,
45,S4,0x102d974,text_draw_msg,0x28ca8,0x102d860,0x102e23c>0x102dc6c>0x102d974,0x56c,EXTRA BALL IS LIT,,14,,2,64,21,,none (0),RAM[0x3d530] (dmd_work_page0),[],"((FUN_0102e608()@0x102e434 & 255) != 0 AND (game_flag_test(33)@0x102e444 & 255) == 0 AND RAM[0x2111854 + ((current_player()@0x102dd88 & 255) - 1)].u8 <=u 2 AND RAM[0x370fc].u8 != 0 AND (FUN_0102d294(loop_var@0x102e08c, loop_var@0x102e08c)@0x102e094 & 255) != 0 AND (game_flag_test(33)@0x102e1bc & 255) == 0 AND (FUN_0102d2ec()@0x102e214 & 255) != 0 AND ROM[0x40d3da4 + ?deep] != 0 AND [ROM[0x40d3da4 + ?deep] + 0x0] != 0 AND [loop_var@0x102dc64 + 0x0].u8 == 1) OR (RAM[0x2111854 + ((current_player()@0x102dd88 & 255) - 1)].u8 <=u 2 AND RAM[0x370fc].u8 != 0 AND (FUN_0102d294(loop_var@0x102e08c, loop_var@0x102e08c)@0x102e094 & 255) != 0 AND (game_flag_test(33)@0x102e1bc & 255) == 0 AND ROM[0x40d3da4 + ?deep] != 0 AND [ROM[0x40d3da4 + ?deep] + 0x0] != 0 AND [loop_var@0x102dc64 + 0x0].u8 == 1)",0,,,,,,code,
45,S5,0x102d9ac,text_printf_msg,0x28d5c,0x102d860,0x102e23c>0x102dc6c>0x102d9ac,0x4e4,"%,02lu",,15,,2,64,21,,none (0),RAM[0x3d530] (dmd_work_page0),"[{""order"": 1, ""conversion"": ""%,02lu"", ""source"": ""loop_var@0x102dc64""}]","((FUN_0102e608()@0x102e434 & 255) != 0 AND (game_flag_test(33)@0x102e444 & 255) == 0 AND RAM[0x2111854 + ((current_player()@0x102dd88 & 255) - 1)].u8 <=u 2 AND RAM[0x370fc].u8 != 0 AND (FUN_0102d294(loop_var@0x102e08c, loop_var@0x102e08c)@0x102e094 & 255) != 0 AND (game_flag_test(33)@0x102e1bc & 255) == 0 AND (FUN_0102d2ec()@0x102e214 & 255) != 0 AND ROM[0x40d3da4 + ?deep] != 0 AND [ROM[0x40d3da4 + ?deep] + 0x0] != 0 AND [loop_var@0x102dc64 + 0x0].u8 == one of {2, 3, 4}) OR (RAM[0x2111854 + ((current_player()@0x102dd88 & 255) - 1)].u8 <=u 2 AND RAM[0x370fc].u8 != 0 AND (FUN_0102d294(loop_var@0x102e08c, loop_var@0x102e08c)@0x102e094 & 255) != 0 AND (game_flag_test(33)@0x102e1bc & 255) == 0 AND ROM[0x40d3da4 + ?deep] != 0 AND [ROM[0x40d3da4 + ?deep] + 0x0] != 0 AND [loop_var@0x102dc64 + 0x0].u8 == one of {2, 3, 4})",0,,,,,,code,
45,S3,0x102d9f0,text_printf_msg,0x28d5c,0x102d860,0x102e23c>0x102dc6c>0x102d9f0,0x554,%s COLLECTED,,14,,2,64,21,,none (0),RAM[0x3d530] (dmd_work_page0),"[{""order"": 1, ""conversion"": ""%s"", ""source"": ""[(stack_buf[sp-52] + (([loop_var@0x102dc64 + 0x0].u8 - 5) << 2)) + 0x0]""}]","((FUN_0102e608()@0x102e434 & 255) != 0 AND (game_flag_test(33)@0x102e444 & 255) == 0 AND RAM[0x2111854 + ((current_player()@0x102dd88 & 255) - 1)].u8 <=u 2 AND RAM[0x370fc].u8 != 0 AND (FUN_0102d294(loop_var@0x102e08c, loop_var@0x102e08c)@0x102e094 & 255) != 0 AND (game_flag_test(33)@0x102e1bc & 255) == 0 AND (FUN_0102d2ec()@0x102e214 & 255) != 0 AND ROM[0x40d3da4 + ?deep] != 0 AND [ROM[0x40d3da4 + ?deep] + 0x0] != 0) OR (RAM[0x2111854 + ((current_player()@0x102dd88 & 255) - 1)].u8 <=u 2 AND RAM[0x370fc].u8 != 0 AND (FUN_0102d294(loop_var@0x102e08c, loop_var@0x102e08c)@0x102e094 & 255) != 0 AND (game_flag_test(33)@0x102e1bc & 255) == 0 AND ROM[0x40d3da4 + ?deep] != 0 AND [ROM[0x40d3da4 + ?deep] + 0x0] != 0)",0,,,,,,code,
45,S6,0x102da30,text_draw_msg,0x28ca8,0x102d860,0x102e23c>0x102dc6c>0x102da30,0x55a,QUIT,,14,,2,64,21,,none (0),RAM[0x3d530] (dmd_work_page0),[],"((FUN_0102e608()@0x102e434 & 255) != 0 AND (game_flag_test(33)@0x102e444 & 255) == 0 AND RAM[0x2111854 + ((current_player()@0x102dd88 & 255) - 1)].u8 <=u 2 AND RAM[0x370fc].u8 != 0 AND (FUN_0102d294(loop_var@0x102e08c, loop_var@0x102e08c)@0x102e094 & 255) != 0 AND (game_flag_test(33)@0x102e1bc & 255) == 0 AND (FUN_0102d2ec()@0x102e214 & 255) != 0 AND ROM[0x40d3da4 + ?deep] != 0 AND [ROM[0x40d3da4 + ?deep] + 0x0] != 0 AND [loop_var@0x102dc64 + 0x0].u8 == 14) OR (RAM[0x2111854 + ((current_player()@0x102dd88 & 255) - 1)].u8 <=u 2 AND RAM[0x370fc].u8 != 0 AND (FUN_0102d294(loop_var@0x102e08c, loop_var@0x102e08c)@0x102e094 & 255) != 0 AND (game_flag_test(33)@0x102e1bc & 255) == 0 AND ROM[0x40d3da4 + ?deep] != 0 AND [ROM[0x40d3da4 + ?deep] + 0x0] != 0 AND [loop_var@0x102dc64 + 0x0].u8 == 14)",0,,,,,,code,
45,S7,0x102d7dc,text_draw_msg,0x28ca8,0x102d764,0x102e294>0x102d7dc,0x550,LIGHT CYCLE MAZE,,2,,2,64,7,,none (0),RAM[0x3d530] (dmd_work_page0),[],"((FUN_0102e608()@0x102e434 & 255) != 0 AND (game_flag_test(33)@0x102e444 & 255) == 0 AND RAM[0x2111854 + ((current_player()@0x102dd88 & 255) - 1)].u8 <=u 2 AND RAM[0x370fc].u8 != 0 AND (FUN_0102d294(loop_var@0x102e08c, loop_var@0x102e08c)@0x102e094 & 255) != 0 AND (game_flag_test(33)@0x102e1bc & 255) == 0 AND (FUN_0102d2ec()@0x102e214 & 255) != 0)",0,,,,,,code,
45,S7,0x102d808,text_printf_msg,0x28d5c,0x102d764,0x102e294>0x102d808,0x569,WAVE %d COMPLETE,,10,,2,64,17,,none (0),RAM[0x3d530] (dmd_work_page0),"[{""order"": 1, ""conversion"": ""%d"", ""source"": ""(loop_var@0x102e28c & 255)""}]","((FUN_0102e608()@0x102e434 & 255) != 0 AND (game_flag_test(33)@0x102e444 & 255) == 0 AND RAM[0x2111854 + ((current_player()@0x102dd88 & 255) - 1)].u8 <=u 2 AND RAM[0x370fc].u8 != 0 AND (FUN_0102d294(loop_var@0x102e08c, loop_var@0x102e08c)@0x102e094 & 255) != 0 AND (game_flag_test(33)@0x102e1bc & 255) == 0 AND (FUN_0102d2ec()@0x102e214 & 255) != 0)",0,,,,,,code,
45,S7,0x102d834,text_printf_msg,0x28d5c,0x102d764,0x102e294>0x102d834,0x4e4,"%,02lu",,15,,2,64,29,,none (0),RAM[0x3d530] (dmd_work_page0),"[{""order"": 1, ""conversion"": ""%,02lu"", ""source"": ""loop_var@0x102e28c""}]","((FUN_0102e608()@0x102e434 & 255) != 0 AND (game_flag_test(33)@0x102e444 & 255) == 0 AND RAM[0x2111854 + ((current_player()@0x102dd88 & 255) - 1)].u8 <=u 2 AND RAM[0x370fc].u8 != 0 AND (FUN_0102d294(loop_var@0x102e08c, loop_var@0x102e08c)@0x102e094 & 255) != 0 AND (game_flag_test(33)@0x102e1bc & 255) == 0 AND (FUN_0102d2ec()@0x102e214 & 255) != 0)",0,,,,,,code,
45,S8,0x102dac4,text_draw_msg,0x28ca8,0x102da50,0x102e364>0x102dac4,0x553,LIGHT CYCLE MAZE END,,2,,2,64,7,,none (0),RAM[0x3d530] (dmd_work_page0),[],"((FUN_0102e608()@0x102e434 & 255) != 0 AND (game_flag_test(33)@0x102e444 & 255) == 0 AND RAM[0x2111854 + ((current_player()@0x102dd88 & 255) - 1)].u8 <=u 2 AND RAM[0x370fc].u8 != 0 AND (FUN_0102d294(loop_var@0x102e08c, loop_var@0x102e08c)@0x102e094 & 255) != 0 AND (game_flag_test(33)@0x102e1bc & 255) == 0 AND (FUN_0102d2ec()@0x102e214 & 255) != 0)",0,,,,,,code,
45,S8,0x102daf0,text_printf_msg,0x28d5c,0x102da50,0x102e364>0x102daf0,0x4e4,"%,02lu",,15,,2,64,21,,none (0),RAM[0x3d530] (dmd_work_page0),"[{""order"": 1, ""conversion"": ""%,02lu"", ""source"": ""0x989680"", ""constant"": 10000000}]","((FUN_0102e608()@0x102e434 & 255) != 0 AND (game_flag_test(33)@0x102e444 & 255) == 0 AND RAM[0x2111854 + ((current_player()@0x102dd88 & 255) - 1)].u8 <=u 2 AND RAM[0x370fc].u8 != 0 AND (FUN_0102d294(loop_var@0x102e08c, loop_var@0x102e08c)@0x102e094 & 255) != 0 AND (game_flag_test(33)@0x102e1bc & 255) == 0 AND (FUN_0102d2ec()@0x102e214 & 255) != 0)",0,,,,,,code,
45,S9,0x102d50c,text_draw_msg,0x28ca8,0x102d494,0x102e488>0x102d50c,0x550,LIGHT CYCLE MAZE,,2,,2,64,8,,none (0),RAM[0x3d530] (dmd_work_page0),[],((game_flag_test(33)@0x102e470 & 255) == 0),0,,,,,,code,
45,S9,0x102d538,text_printf_msg,0x28d5c,0x102d494,0x102e488>0x102d538,0x4e4,"%,02lu",,15,,2,64,20,,none (0),RAM[0x3d530] (dmd_work_page0),"[{""order"": 1, ""conversion"": ""%,02lu"", ""source"": ""loop_var@0x102e47c""}]",((game_flag_test(33)@0x102e470 & 255) == 0),0,,,,,,code,
45,S9,0x102d574,text_printf_msg,0x28d5c,0x102d494,0x102e488>0x102d574,0x555,%d WAVE%P1//S/% / %d ITEM%P1//S/% COLLECTED,,2,,2,64,29,,none (0),RAM[0x3d530] (dmd_work_page0),"[{""order"": 1, ""conversion"": ""%d"", ""source"": ""one of {RAM[0x2111854 + ((current_player()@0x102dd88 & 255) - 1)].u8, (((RAM[0x2111854 + ((... & ...) - 1)].u8 + 1) & 255) & 255), ?deep, ?op}""}, {""order"": 2, ""conversion"": ""%P1//S/%"", ""source"": ""one of {RAM[0x2111854 + ((current_player()@0x102dd88 & 255) - 1)].u8, (((RAM[0x2111854 + ((... & ...) - 1)].u8 + 1) & 255) & 255), ?deep, ?op}""}, {""order"": 3, ""conversion"": ""%d"", ""source"": ""?op""}, {""order"": 4, ""conversion"": ""%P1//S/%"", ""source"": ""?op""}]",((game_flag_test(33)@0x102e470 & 255) == 0),0,,,,,,code,
45,S10,0x102d5e4,text_draw_msg,0x28ca8,0x102d494,0x102e488>0x102d5e4,0x550,LIGHT CYCLE MAZE,,2,,2,64,8,,none (0),RAM[0x3d530] (dmd_work_page0),[],((game_flag_test(33)@0x102e470 & 255) == 0 AND (FUN_0102d244(3)@0x102d584 & 255) == 0),0,,,,,,code,
46,S1,0x1007b70,text_draw_msg,0x28ca8,0x1007a44,0x1007b70,0x56f,DISC,,39,,2,84,14,,local palette sp-64: identity; levels ([(loop_var@0x1007aec << 2) + 0x40d2799].u8 + 1)..15 -> [(loop_var@0x1007aec << 2) + 0x40d2799].u8; levels 1..15 -> 0,RAM[0x3d530] (dmd_work_page0),[],,10,"[""DISC""]",39,2,"84,14",,observed,
46,S1,0x1007b94,text_draw_msg,0x28ca8,0x1007a44,0x1007b94,0x570,MULTIBALL,,39,,2,84,26,,local palette sp-64: identity; levels ([(loop_var@0x1007aec << 2) + 0x40d2799].u8 + 1)..15 -> [(loop_var@0x1007aec << 2) + 0x40d2799].u8; levels 1..15 -> 0,RAM[0x3d530] (dmd_work_page0),[],,10,"[""MULTIBALL""]",39,2,"84,26",,observed,
46,S1,0x1007c34,text_draw_msg,0x28ca8,0x1007a44,0x1007c34,0x56f,DISC,,39,,2,84,14,,"one of {local palette sp-64: identity; levels ([(loop_var@0x1007aec << 2) + 0x40d2799].u8 + 1)..15 -> [(loop_var@0x1007aec << 2) + 0x40d2799].u8; levels 1..15 -> 0, none (0)}",RAM[0x3d530] (dmd_work_page0),[],,31,"[""DISC""]",39,2,"84,14",,observed,
46,S1,0x1007c64,text_draw_msg,0x28ca8,0x1007a44,0x1007c64,0x570,MULTIBALL,,39,,2,84,26,,"one of {local palette sp-64: identity; levels ([(loop_var@0x1007aec << 2) + 0x40d2799].u8 + 1)..15 -> [(loop_var@0x1007aec << 2) + 0x40d2799].u8; levels 1..15 -> 0, none (0)}",RAM[0x3d530] (dmd_work_page0),[],,31,"[""MULTIBALL""]",39,2,"84,26",,observed,
47,S1,0x1007fac,text_draw_msg,0x28ca8,0x1007f34,0x1007fac,0x571,DISC MULTIBALL,,33,,2,84,7,,none (0),RAM[0x3d52c] (dmd_work_page1),[],,169,"[""DISC MULTIBALL""]",33,2,"84,7",,observed,
47,S2,0x1008020,text_printf_msg,0x28d5c,0x1007f34,0x1008020,0x572,%d,,33,,2,84,16,,none (0),RAM[0x3d52c] (dmd_work_page1),"[{""order"": 1, ""conversion"": ""%d"", ""source"": ""(adj68_disc_shots()@0x1007f3c - RAM[0x3af10].u8 (dmb_disc_count))""}]",(RAM[0x3af04] (dmb_phase) == 0 AND adj68_disc_shots()@0x1007f3c >= RAM[0x3af10].u8 (dmb_disc_count)),169,"[""6""]",33,2,"84,16",,observed,
47,S3,0x1008050,text_draw_msg,0x28ca8,0x1007f34,0x1008050,0x573,SHOOT SPINNING DISC,,1,,2,84,23,,none (0),RAM[0x3d52c] (dmd_work_page1),[],(RAM[0x3af04] (dmb_phase) == 0),85,"[""SHOOT SPINNING DISC""]",1,2,"84,23",,observed,
47,S4,0x10080ac,text_printf_msg,0x28d5c,0x1007f34,0x10080ac,0x575,%d,,33,,2,84,16,,none (0),RAM[0x3d52c] (dmd_work_page1),"[{""order"": 1, ""conversion"": ""%d"", ""source"": ""(adj69_recognizer_shots()@0x1007f44 - RAM[0x3af14].u8 (dmb_recog_count))""}]",(RAM[0x3af04] (dmb_phase) == 1 AND adj69_recognizer_shots()@0x1007f44 >= RAM[0x3af14].u8 (dmb_recog_count)),0,,,,,,code,
47,S5,0x10080dc,text_draw_msg,0x28ca8,0x1007f34,0x10080dc,0x576,SHOOT RECOGNIZER,,1,,2,84,23,,none (0),RAM[0x3d52c] (dmd_work_page1),[],(RAM[0x3af04] (dmb_phase) == 1),0,,,,,,code,
47,S1,0x100810c,text_printf_msg,0x28d5c,0x1007f34,0x100810c,0x574|0x577,"JACKPOT=%,02lu|RECOGNIZER=%,02lu",,1,,2,84,30,,"one of {RAM[0x3af04] (dmb_phase), none (0)}",RAM[0x3d52c] (dmd_work_page1),"[{""order"": 1, ""conversion"": ""%,02lu"", ""source"": ""RAM[0x3af18] (dmb_jackpot)"", ""ram_addr"": ""0x3af18"", ""name"": ""dmb_jackpot"", ""meaning"": ""current Jackpot; seeded min(250000+5000*(D+L),375000); grows by points of every phase-0 blue shot""}]",,169,"[""JACKPOT=00""]",1,2,"84,30",,observed,
47,S6,0x1008140,text_draw_msg,0x28ca8,0x1007f34,0x1008140,0x578,SHOOT SPINNING DISC,,1,,2,84,23,,none (0),RAM[0x3d52c] (dmd_work_page1),[],(RAM[0x3af04] (dmb_phase) == 2),0,,,,,,code,
47,S6,0x1008170,text_printf_msg,0x28d5c,0x1007f34,0x1008170,0x579,"SUPER=%,02lu",,1,,2,84,30,,none (0),RAM[0x3d52c] (dmd_work_page1),"[{""order"": 1, ""conversion"": ""%,02lu"", ""source"": ""RAM[0x3af1c] (dmb_super)"", ""ram_addr"": ""0x3af1c"", ""name"": ""dmb_super"", ""meaning"": ""Super Jackpot; starts 100,000; + every disc jackpot and Recognizer award; reset to 100,000 after super""}]",(RAM[0x3af04] (dmb_phase) == 2),0,,,,,,code,
48,S1,0x1008a28,text_draw_msg,0x28ca8,0x1008920,0x1008a28,0x571,DISC MULTIBALL,,3,,2,84,8,,none (0),RAM[0x3d52c] (dmd_work_page1),[],,294,"[""DISC MULTIBALL""]",3,2,"84,8",,observed,
48,S1,0x1008a4c,text_draw_msg,0x28ca8,0x1008920,0x1008a4c,0x57a,JACKPOT,,3,,2,84,15,,none (0),RAM[0x3d52c] (dmd_work_page1),[],,294,"[""JACKPOT""]",3,2,"84,15",,observed,
48,S1,0x1008a94,text_printf_msg,0x28d5c,0x1008920,0x1008a94,0x4e4,"%,02lu",,16,,2,84,27,,"one of {local palette sp-64: identity; levels 1..15 -> 0, none (0)}",RAM[0x3d52c] (dmd_work_page1),"[{""order"": 1, ""conversion"": ""%,02lu"", ""source"": ""task+0x30"", ""task_field"": ""0x30"", ""meaning"": ""deff task block parameter (written by the code that started the deff)""}]",,294,"[""00"", ""1,234,560""]",16,2,"84,27",,observed,
48,S1,0x1008ab8,text_draw_msg,0x28ca8,0x1008920,0x1008ab8,0x57a,JACKPOT,,3,,2,84,15,,none (0),RAM[0x3d52c] (dmd_work_page1),[],,294,"[""JACKPOT""]",3,2,"84,15",,observed,
49,S1,0x1008d24,text_draw_msg,0x28ca8,0x1008c1c,0x1008d24,0x571,DISC MULTIBALL,,3,,2,84,8,,none (0),RAM[0x3d52c] (dmd_work_page1),[],,273,"[""DISC MULTIBALL""]",3,2,"84,8",,observed,
49,S1,0x1008d48,text_draw_msg,0x28ca8,0x1008c1c,0x1008d48,0x57a,JACKPOT,,3,,2,84,15,,none (0),RAM[0x3d52c] (dmd_work_page1),[],,273,"[""JACKPOT""]",3,2,"84,15",,observed,
49,S1,0x1008d90,text_printf_msg,0x28d5c,0x1008c1c,0x1008d90,0x4e4,"%,02lu",,16,,2,84,27,,"one of {local palette sp-64: identity; levels 1..15 -> 0, none (0)}",RAM[0x3d52c] (dmd_work_page1),"[{""order"": 1, ""conversion"": ""%,02lu"", ""source"": ""task+0x30"", ""task_field"": ""0x30"", ""meaning"": ""deff task block parameter (written by the code that started the deff)""}]",,273,"[""00""]",16,2,"84,27",,observed,
49,S1,0x1008db4,text_draw_msg,0x28ca8,0x1008c1c,0x1008db4,0x57a,JACKPOT,,3,,2,84,15,,none (0),RAM[0x3d52c] (dmd_work_page1),[],,273,"[""JACKPOT""]",3,2,"84,15",,observed,
50,S1,0x1009004,text_draw_msg,0x28ca8,0x1008f18,0x1009004,0x57b,SUPER JACKPOT,,11,,2,84,13,,none (0),RAM[0x3d52c] (dmd_work_page1),[],,61,"[""SUPER JACKPOT""]",11,2,"84,13",,observed,
50,S1,0x1009048,text_printf_msg,0x28d5c,0x1008f18,0x1009048,0x4e4,"%,02lu",,18,,2,84,27,,"one of {local palette sp-64: identity; levels 1..15 -> 0, none (0)}",RAM[0x3d52c] (dmd_work_page1),"[{""order"": 1, ""conversion"": ""%,02lu"", ""source"": ""task+0x30"", ""task_field"": ""0x30"", ""meaning"": ""deff task block parameter (written by the code that started the deff)""}]",,61,"[""00""]",18,2,"84,27",,observed,
51,S1,0x1009268,text_draw_msg_fit,0x28e48,0x10091a8,0x1009268,0x57c,DISC MULTIBALL,,,"0x40d2834=33,1",2,84,8,87,none (0),RAM[0x3d52c] (dmd_work_page1),[],,71,"[""DISC MULTIBALL""]",33,2,"84,8","40d2834:33,1,0:maxw=87",observed,English: fit picks font 33
51,S1,0x100928c,text_draw_msg,0x28ca8,0x10091a8,0x100928c,0x57d,TOTAL:,,33,,2,84,16,,none (0),RAM[0x3d52c] (dmd_work_page1),[],,71,"[""TOTAL:""]",33,2,"84,16",,observed,
51,S1,0x10092d0,text_printf_msg,0x28d5c,0x10091a8,0x10092d0,0x4e4,"%,02lu",,38,,2,84,29,,"one of {local palette sp-48: identity; levels 1..15 -> 0, none (0)}",RAM[0x3d52c] (dmd_work_page1),"[{""order"": 1, ""conversion"": ""%,02lu"", ""source"": ""task+0x30"", ""task_field"": ""0x30"", ""meaning"": ""deff task block parameter (written by the code that started the deff)""}]",,71,"[""00""]",38,2,"84,29",,observed,
52,S1,0x1009510,text_draw_msg,0x28ca8,0x1009490,0x1009510,0x57e,DISC,,39,,2,84,10,,loop_var@0x10094f0,RAM[0x3d52c] (dmd_work_page1),[],,27,"[""DISC""]",39,2,"84,10",,observed,
52,S1,0x1009534,text_draw_msg,0x28ca8,0x1009490,0x1009534,0x57f,MULTIBALL,,39,,2,84,20,,loop_var@0x10094f0,RAM[0x3d52c] (dmd_work_page1),[],,27,"[""MULTIBALL""]",39,2,"84,20",,observed,
52,S1,0x1009558,text_draw_msg,0x28ca8,0x1009490,0x1009558,0x580,RESTART,,39,,2,84,30,,loop_var@0x10094f0,RAM[0x3d52c] (dmd_work_page1),[],,27,"[""RESTART""]",39,2,"84,30",,observed,
53,S1,0x100973c,text_draw_msg,0x28ca8,0x10096d0,0x100973c,0x581,DISC MULTIBALL,,33,,2,84,7,,none (0),RAM[0x3d52c] (dmd_work_page1),[],,113,"[""DISC MULTIBALL""]",33,2,"84,7",,observed,
53,S1,0x1009760,text_draw_msg,0x28ca8,0x10096d0,0x1009760,0x582,RESTART,,39,,2,84,16,,none (0),RAM[0x3d52c] (dmd_work_page1),[],,113,"[""RESTART""]",39,2,"84,16",,observed,
53,S1,0x1009784,text_draw_msg,0x28ca8,0x10096d0,0x1009784,0x584,SHOOT DISC,,33,,2,84,23,,none (0),RAM[0x3d52c] (dmd_work_page1),[],,113,"[""SHOOT DISC""]",33,2,"84,23",,observed,
53,S1,0x10097ac,text_printf_msg,0x28d5c,0x10096d0,0x10097ac,0x583,%d,,33,,2,84,30,,none (0),RAM[0x3d52c] (dmd_work_page1),"[{""order"": 1, ""conversion"": ""%d"", ""source"": ""RAM[0x3af28].u8 (dmb_restart_secs)"", ""ram_addr"": ""0x3af28"", ""name"": ""dmb_restart_secs"", ""meaning"": ""restart countdown, = adj 70 when window opens, -1 every 68 ticks""}]",,113,"[""0""]",33,2,"84,30",,observed,
54,S1,0x1009a0c,text_draw_msg,0x28ca8,0x1009978,0x1009a0c,0x56f,DISC,,39,,2,84,14,,loop_var@0x10099e8,RAM[0x3d52c] (dmd_work_page1),[],,22,"[""DISC""]",39,2,"84,14",,observed,
54,S1,0x1009a30,text_draw_msg,0x28ca8,0x1009978,0x1009a30,0x570,MULTIBALL,,39,,2,84,26,,loop_var@0x10099e8,RAM[0x3d52c] (dmd_work_page1),[],,22,"[""MULTIBALL""]",39,2,"84,26",,observed,
55,S1,0x10048bc,text_draw_msg,0x28ca8,0x100461c,0x10048bc,0x6d2,MULTIBALL + E.B.,,33,,2,84,26,,none (0),RAM[0x3d52c] (dmd_work_page1),[],((task+0x40.u8 & 3) == 3),0,,,,,,code,
55,S2,0x1004924,text_draw_msg,0x28ca8,0x100461c,0x1004924,0x6d0,EXTRA BALL,,33,,2,84,26,,none (0),RAM[0x3d52c] (dmd_work_page1),[],((task+0x40.u8 & 3) != 3 AND (task+0x40.u8 & 1) != 0),26,"[""EXTRA BALL""]",33,2,"84,26",,observed,
55,S3,0x1004958,text_draw_msg,0x28ca8,0x100461c,0x1004958,,,loop_var@0x1004954,33,,2,84,32,,none (0),RAM[0x3d52c] (dmd_work_page1),[],,26,"[""IS LIT""]",33,2,"84,32",,observed,
55,S4,0x1004994,text_draw_msg,0x28ca8,0x100461c,0x1004994,0x6ce,MULTIBALL,,33,,2,84,26,,none (0),RAM[0x3d52c] (dmd_work_page1),[],((task+0x40.u8 & 3) != 3 AND (task+0x40.u8 & 1) == 0 AND (task+0x40.u8 & 2) != 0),0,,,,,,code,
55,S4,0x10049c0,text_draw_msg,0x28ca8,0x100461c,0x10049c0,0x6cf,IS LIT,,33,,2,84,32,,none (0),RAM[0x3d52c] (dmd_work_page1),[],((task+0x40.u8 & 3) != 3 AND (task+0x40.u8 & 1) == 0 AND (task+0x40.u8 & 2) != 0),0,,,,,,code,
55,S5,0x1004a0c,text_printf_msg,0x28d5c,0x100461c,0x1004a0c,0x6d4,%u MORE TO,,33,,2,84,26,,none (0),RAM[0x3d52c] (dmd_work_page1),"[{""order"": 1, ""conversion"": ""%u"", ""source"": ""task+0x44.u8"", ""task_field"": ""0x44"", ""meaning"": ""deff task block parameter (written by the code that started the deff)""}]",((task+0x40.u8 & 3) != 3 AND (task+0x40.u8 & 1) == 0 AND (task+0x40.u8 & 2) == 0),455,"[""1 MORE TO"", ""0 MORE TO""]",33,2,"84,26",,observed,
55,S5,0x1004a60,text_draw_msg,0x28ca8,0x100461c,0x1004a60,0x6d7|0x6d6,LIGHT M.B. + E.B.|LIGHT EX. BALL,,33,,2,84,32,,none (0),RAM[0x3d52c] (dmd_work_page1),[],((task+0x40.u8 & 3) != 3 AND (task+0x40.u8 & 1) == 0 AND (task+0x40.u8 & 2) == 0),230,"[""LIGHT EX. BALL""]",33,2,"84,32",,observed,
55,S6,0x1004a94,text_draw_msg,0x28ca8,0x100461c,0x1004a94,0x6d5,LIGHT MULTIBALL,,33,,2,84,32,,none (0),RAM[0x3d52c] (dmd_work_page1),[],((task+0x40.u8 & 3) != 3 AND (task+0x40.u8 & 1) == 0 AND (task+0x40.u8 & 2) == 0 AND (task+0x40.u8 & 12) != 12 AND (task+0x40.u8 & 4) == 0 AND (task+0x40.u8 & 8) != 0),184,"[""LIGHT MULTIBALL""]",33,2,"84,32",,observed,
56,S1,0x10053b4,text_draw_msg,0x28ca8,0x1005260,0x10053b4,0x6d8,END OF LINE,,37,,2,84,14,,"one of {local palette sp-64: identity; levels 1..15 -> 0, none (0)}",RAM[0x3d52c] (dmd_work_page1),[],,21,"[""END OF LINE""]",37,2,"84,14",,observed,
56,S1,0x10053e8,text_draw_msg,0x28ca8,0x1005260,0x10053e8,0x6d9,MULTIBALL,,40,,2,84,25,,"one of {local palette sp-64: identity; levels 1..15 -> 0, none (0)}",RAM[0x3d52c] (dmd_work_page1),[],,21,"[""MULTIBALL""]",40,2,"84,25",,observed,
57,S1,0x10055a4,text_printf_msg,0x28d5c,0x1005524,0x10055a4,0x6dd,"SWITCHES=%,02lu",,3,,2,84,31,,loop_var@0x1005570,RAM[0x3d52c] (dmd_work_page1),"[{""order"": 1, ""conversion"": ""%,02lu"", ""source"": ""RAM[0x3ae00] (eol_switch_value)"", ""ram_addr"": ""0x3ae00"", ""name"": ""eol_switch_value"", ""meaning"": ""Points per switch: 10,000 at start, +1,000 per disc hit, max 50,000""}]",,57,"[""SWITCHES=00""]",3,2,"84,31",,observed,
58,S1,0x10058c8,text_draw_msg,0x28ca8,0x10057e0,0x10058c8,0x6de,JACKPOT,,33,,2,84,11,,none (0),RAM[0x3d52c] (dmd_work_page1),[],,21,"[""JACKPOT""]",33,2,"84,11",,observed,
58,S1,0x1005910,text_printf_msg,0x28d5c,0x10057e0,0x1005910,0x4e4,"%,02lu",,18,,2,84,26,,"one of {local palette sp-64: identity; levels 1..15 -> 0, none (0)}",RAM[0x3d52c] (dmd_work_page1),"[{""order"": 1, ""conversion"": ""%,02lu"", ""source"": ""task+0x30"", ""task_field"": ""0x30"", ""meaning"": ""deff task block parameter (written by the code that started the deff)""}]",,21,"[""00""]",18,2,"84,26",,observed,
59,S1,0x1005b30,text_draw_msg,0x28ca8,0x1005a48,0x1005b30,0x6df,DOUBLE JACKPOT,,33,,2,84,11,,none (0),RAM[0x3d52c] (dmd_work_page1),[],,21,"[""DOUBLE JACKPOT""]",33,2,"84,11",,observed,
59,S1,0x1005b78,text_printf_msg,0x28d5c,0x1005a48,0x1005b78,0x4e4,"%,02lu",,18,,2,84,26,,"one of {local palette sp-64: identity; levels 1..15 -> 0, none (0)}",RAM[0x3d52c] (dmd_work_page1),"[{""order"": 1, ""conversion"": ""%,02lu"", ""source"": ""task+0x30"", ""task_field"": ""0x30"", ""meaning"": ""deff task block parameter (written by the code that started the deff)""}]",,21,"[""00""]",18,2,"84,26",,observed,
60,S1,0x1005e4c,text_printf_msg,0x28d5c,0x1005d44,0x1005e4c,0x4e4,"%,02lu",,18,,2,84,18,,"one of {local palette sp-64: identity; levels 1..15 -> 0, none (0)}",RAM[0x3d52c] (dmd_work_page1),"[{""order"": 1, ""conversion"": ""%,02lu"", ""source"": ""task+0x30"", ""task_field"": ""0x30"", ""meaning"": ""deff task block parameter (written by the code that started the deff)""}]",(task+0x34 == 0),21,"[""00""]",18,2,"84,18",,observed,
60,S1,0x1005e74,text_draw_msg,0x28ca8,0x1005d44,0x1005e74,0x6e2,BALL ADDED,,33,,2,84,26,,none (0),RAM[0x3d52c] (dmd_work_page1),[],(task+0x34 == 0),21,"[""BALL ADDED""]",33,2,"84,26",,observed,
60,S2,0x1005ec0,text_printf_msg,0x28d5c,0x1005d44,0x1005ec0,0x4e4,"%,02lu",,18,,2,84,15,,"one of {local palette sp-64: identity; levels 1..15 -> 0, none (0)}",RAM[0x3d52c] (dmd_work_page1),"[{""order"": 1, ""conversion"": ""%,02lu"", ""source"": ""task+0x30"", ""task_field"": ""0x30"", ""meaning"": ""deff task block parameter (written by the code that started the deff)""}]",(task+0x34 != 0),21,"[""00""]",18,2,"84,15",,observed,
60,S2,0x1005eec,text_printf_msg,0x28d5c,0x1005d44,0x1005eec,0x6e0,%u MORE FOR,,33,,2,84,22,,none (0),RAM[0x3d52c] (dmd_work_page1),"[{""order"": 1, ""conversion"": ""%u"", ""source"": ""task+0x34"", ""task_field"": ""0x34"", ""meaning"": ""deff task block parameter (written by the code that started the deff)""}]",(task+0x34 != 0),21,"[""1 MORE FOR""]",33,2,"84,22",,observed,
60,S2,0x1005f14,text_draw_msg,0x28ca8,0x1005d44,0x1005f14,0x6e1,ADD-A-BALL,,33,,2,84,29,,none (0),RAM[0x3d52c] (dmd_work_page1),[],(task+0x34 != 0),21,"[""ADD-A-BALL""]",33,2,"84,29",,observed,
61,S1,0x1006084,text_draw_msg,0x28ca8,0x1006010,0x1006084,0x6e3,END OF LINE,,33,,2,84,8,,none (0),RAM[0x3d52c] (dmd_work_page1),[],,31,"[""END OF LINE""]",33,2,"84,8",,observed,
61,S1,0x10060a8,text_draw_msg,0x28ca8,0x1006010,0x10060a8,0x6e4,MULTIBALL,,33,,2,84,14,,none (0),RAM[0x3d52c] (dmd_work_page1),[],,31,"[""MULTIBALL""]",33,2,"84,14",,observed,
61,S1,0x10060cc,text_draw_msg,0x28ca8,0x1006010,0x10060cc,0x6e5,TOTAL:,,33,,2,84,20,,none (0),RAM[0x3d52c] (dmd_work_page1),[],,31,"[""TOTAL:""]",33,2,"84,20",,observed,
61,S1,0x1006104,text_printf_msg,0x28d5c,0x1006010,0x1006104,0x4e4,"%,02lu",,12,,2,84,28,,none (0),RAM[0x3d52c] (dmd_work_page1),"[{""order"": 1, ""conversion"": ""%,02lu"", ""source"": ""task+0x30"", ""task_field"": ""0x30"", ""meaning"": ""deff task block parameter (written by the code that started the deff)""}]",,31,"[""00""]",12,2,"84,28",,observed,
62,S1,0x101d3f4,text_printf_msg,0x28d5c,0x101d33c,0x101d3f4,0x585,%d,,28,,2,100,14,,none (0),RAM[0x3d52c] (dmd_work_page1),"[{""order"": 1, ""conversion"": ""%d"", ""source"": ""task+0x34.u8"", ""task_field"": ""0x34"", ""meaning"": ""deff task block parameter (written by the code that started the deff)""}]",,45,"[""3"", ""0""]",28,2,"100,14",,observed,
62,S1,0x101d418,text_draw_msg,0x28ca8,0x101d33c,0x101d418,0x586,TO LIGHT,,33,,2,100,20,,none (0),RAM[0x3d52c] (dmd_work_page1),[],,93,"[""TO LIGHT""]",33,2,"100,20",,observed,
62,S1,0x101d43c,text_draw_msg,0x28ca8,0x101d33c,0x101d43c,0x587,QUORRA,,33,,2,100,26,,none (0),RAM[0x3d52c] (dmd_work_page1),[],,93,"[""QUORRA""]",33,2,"100,26",,observed,
62,S1,0x101d460,text_draw_msg,0x28ca8,0x101d33c,0x101d460,0x588,MULTIBALL,,33,,2,100,32,,none (0),RAM[0x3d52c] (dmd_work_page1),[],,93,"[""MULTIBALL""]",33,2,"100,32",,observed,
63,S1,0x101d790,text_draw_msg,0x28ca8,0x101d6b4,0x101d790,0x58b,QUORRA,,33,,2,100,8,,none (0),RAM[0x3d52c] (dmd_work_page1),[],,82,"[""QUORRA""]",33,2,"100,8",,observed,
63,S1,0x101d7b4,text_draw_msg,0x28ca8,0x101d6b4,0x101d7b4,0x58c,MULTIBALL,,33,,2,100,15,,none (0),RAM[0x3d52c] (dmd_work_page1),[],,82,"[""MULTIBALL""]",33,2,"100,15",,observed,
63,S1,0x101d7e4,text_draw_msg,0x28ca8,0x101d6b4,0x101d7e4,0x58d,IS LIT,,39,,2,100,27,,"one of {local palette sp-48: levels 0..15 -> 0, none (0)}",RAM[0x3d52c] (dmd_work_page1),[],,82,"[""IS LIT""]",39,2,"100,27",,observed,"font by language 0-4: [[39], [39], [39], [38], [38]]"
64,S1,0x101daa0,text_draw_msg,0x28ca8,0x101d990,0x101daa0,0x589,QUORRA,,39,,2,84,13,,"one of {local palette sp-48: identity; levels 1..15 -> 0, none (0)}",RAM[0x3d530] (dmd_work_page0),[],(task+0x30.u16 <=u 1),82,"[""QUORRA""]",39,2,"84,13",,observed,
64,S1,0x101dad0,text_draw_msg,0x28ca8,0x101d990,0x101dad0,0x58a,MULTIBALL,,39,,2,84,25,,"one of {local palette sp-48: identity; levels 1..15 -> 0, none (0)}",RAM[0x3d530] (dmd_work_page0),[],(task+0x30.u16 <=u 1),82,"[""MULTIBALL""]",39,2,"84,25",,observed,
64,S2,0x101db94,text_draw_msg,0x28ca8,0x101d990,0x101db94,0x589,QUORRA,,39,,2,84,13,,"one of {local palette sp-48: identity; levels 1..15 -> 0, none (0)}",RAM[0x3d530] (dmd_work_page0),[],(task+0x30.u16 >u 1),41,"[""QUORRA""]",39,2,"84,13",,observed,
64,S2,0x101dbc4,text_draw_msg,0x28ca8,0x101d990,0x101dbc4,0x58a,MULTIBALL,,39,,2,84,25,,"one of {local palette sp-48: identity; levels 1..15 -> 0, none (0)}",RAM[0x3d530] (dmd_work_page0),[],(task+0x30.u16 >u 1),41,"[""MULTIBALL""]",39,2,"84,25",,observed,
65,S1,0x101ded0,text_draw_msg,0x28ca8,0x101de30,0x101ded0,0x58e,QUORRA MULTIBALL,,1,,2,84,7,,none (0),RAM[0x3d52c] (dmd_work_page1),[],,272,"[""QUORRA MULTIBALL""]",1,2,"84,7",,observed,
65,S2,0x101df1c,text_printf_msg,0x28d5c,0x101de30,0x101df1c,0x597,%d,,3,,1,43,13,,none (0),RAM[0x3d52c] (dmd_work_page1),"[{""order"": 1, ""conversion"": ""%d"", ""source"": ""RAM[0x3b37c].u8 (quorra_double_secs)"", ""ram_addr"": ""0x3b37c"", ""name"": ""quorra_double_secs"", ""meaning"": ""seconds left in the (unreachable) double window, 7 at start""}]",((task_running(92)@0x101ded8 & 255) != 0),0,,,,,,code,
65,S2,0x101df50,text_printf_msg,0x28d5c,0x101de30,0x101df50,0x597,%d,,3,,4,125,13,,none (0),RAM[0x3d52c] (dmd_work_page1),"[{""order"": 1, ""conversion"": ""%d"", ""source"": ""RAM[0x3b37c].u8 (quorra_double_secs)"", ""ram_addr"": ""0x3b37c"", ""name"": ""quorra_double_secs"", ""meaning"": ""seconds left in the (unreachable) double window, 7 at start""}]",((task_running(92)@0x101ded8 & 255) != 0),0,,,,,,code,
65,S2,0x101df7c,text_draw_msg,0x28ca8,0x101de30,0x101df7c,0x595,ALL JACKPOTS,,1,,2,84,18,,none (0),RAM[0x3d52c] (dmd_work_page1),[],((task_running(92)@0x101ded8 & 255) != 0),0,,,,,,code,
65,S2,0x101dfac,text_draw_msg,0x28ca8,0x101de30,0x101dfac,0x596,DOUBLED,,1,,2,84,24,,loop_var@0x101df88,RAM[0x3d52c] (dmd_work_page1),[],((task_running(92)@0x101ded8 & 255) != 0),0,,,,,,code,
65,S2,0x101dfe4,text_printf_msg,0x28d5c,0x101de30,0x101dfe4,0x598,"SUPER=%,02lu",,1,,2,84,30,,none (0),RAM[0x3d52c] (dmd_work_page1),"[{""order"": 1, ""conversion"": ""%,02lu"", ""source"": ""RAM[0x3b378] (quorra_super)"", ""ram_addr"": ""0x3b378"", ""name"": ""quorra_super"", ""meaning"": ""current super jackpot value""}]",((task_running(92)@0x101ded8 & 255) != 0),0,,,,,,code,
65,S3,0x101e01c,text_draw_msg,0x28ca8,0x101de30,0x101e01c,,,"one of {[(loop_var@0x101de74 << 1) + 0x40d3278].u16, [(loop_var@0x101dfec << 1) + 0x40d3278].u16}",1,,2,84,18,,none (0),RAM[0x3d52c] (dmd_work_page1),[],((task_running(92)@0x101ded8 & 255) == 0),146,"[""SHOOT LEFT INNER LOOP"", ""SHOOT RIGHT INNER LOOP""]",1,2,"84,18",,observed,
65,S3,0x101e04c,text_draw_msg,0x28ca8,0x101de30,0x101e04c,,,([loop_var@0x101e020 + 0x40d3278].u16 + 1),1,,2,84,24,,none (0),RAM[0x3d52c] (dmd_work_page1),[],((task_running(92)@0x101ded8 & 255) == 0),272,"[""FOR JACKPOT"", ""FOR SUPER JACKPOT""]",1,2,"84,24",,observed,
65,S3,0x101e07c,text_printf_msg,0x28d5c,0x101de30,0x101e07c,0x598,"SUPER=%,02lu",,1,,2,84,30,,none (0),RAM[0x3d52c] (dmd_work_page1),"[{""order"": 1, ""conversion"": ""%,02lu"", ""source"": ""RAM[0x3b378] (quorra_super)"", ""ram_addr"": ""0x3b378"", ""name"": ""quorra_super"", ""meaning"": ""current super jackpot value""}]",((task_running(92)@0x101ded8 & 255) == 0),272,"[""SUPER=00"", ""SUPER=1,350,000"", ""SUPER=1,000,000"", ""SUPER=1,250,000""]",1,2,"84,30",,observed,
66,S1,0x101ece8,text_draw_msg,0x28ca8,0x101ec4c,0x101ece8,0x5a3,QUORRA MULTIBALL,,2,,2,84,7,,none (0),RAM[0x3d52c] (dmd_work_page1),[],,62,"[""QUORRA MULTIBALL""]",2,2,"84,7",,observed,
66,S1,0x101ed20,text_printf_msg,0x28d5c,0x101ec4c,0x101ed20,0x5a4,%d MORE TO,,39,,2,84,19,,none (0),RAM[0x3d52c] (dmd_work_page1),"[{""order"": 1, ""conversion"": ""%d"", ""source"": ""task+0x30.u8"", ""task_field"": ""0x30"", ""meaning"": ""deff task block parameter (written by the code that started the deff)""}]",,30,"[""0 MORE TO"", ""1 MORE TO""]",39,2,"84,19",,observed,"font by language 0-4: [[39], [37], [33], [39], [33]]"
66,S1,0x101ed48,text_draw_msg,0x28ca8,0x101ec4c,0x101ed48,0x5a5,ADD BALL,,39,,2,84,29,,none (0),RAM[0x3d52c] (dmd_work_page1),[],,30,"[""ADD BALL""]",39,2,"84,29",,observed,"font by language 0-4: [[39], [37], [33], [39], [33]]"
67,S1,0x101ef44,text_draw_msg,0x28ca8,0x101eeb0,0x101ef44,0x5a6,QUORRA MULTIBALL,,2,,2,84,8,,none (0),RAM[0x3d52c] (dmd_work_page1),[],,31,"[""QUORRA MULTIBALL""]",2,2,"84,8",,observed,
67,S1,0x101ef74,text_draw_msg,0x28ca8,0x101eeb0,0x101ef74,0x5a7,BALL,,39,,2,84,20,,none (0),RAM[0x3d52c] (dmd_work_page1),[],,15,"[""BALL""]",39,2,"84,20",,observed,
67,S1,0x101ef9c,text_draw_msg,0x28ca8,0x101eeb0,0x101ef9c,0x5a8,ADDED,,39,,2,84,30,,none (0),RAM[0x3d52c] (dmd_work_page1),[],,15,"[""ADDED""]",39,2,"84,30",,observed,
68,S1,0x101e418,text_draw_msg,0x28ca8,0x101e320,0x101e418,0x59a,DOUBLE,,39,,2,84,10,,none (0),RAM[0x3d52c] (dmd_work_page1),[],(task+0x34.u8 == 2),41,"[""DOUBLE""]",39,2,"84,10",,observed,
68,S1,0x101e440,text_draw_msg,0x28ca8,0x101e320,0x101e440,0x59b,JACKPOT,,33,,2,84,17,,none (0),RAM[0x3d52c] (dmd_work_page1),[],(task+0x34.u8 == 2),41,"[""JACKPOT""]",33,2,"84,17",,observed,
68,S1,0x101e484,text_printf_msg,0x28d5c,0x101e320,0x101e484,0x4e4,"%,02lu",,16,,2,84,29,,"one of {local palette sp-48: levels 0..15 -> 0, none (0)}",RAM[0x3d52c] (dmd_work_page1),"[{""order"": 1, ""conversion"": ""%,02lu"", ""source"": ""task+0x30"", ""task_field"": ""0x30"", ""meaning"": ""deff task block parameter (written by the code that started the deff)""}]",(task+0x34.u8 == 2),41,"[""00""]",16,2,"84,29",,observed,
68,S2,0x101e4c0,text_draw_msg,0x28ca8,0x101e320,0x101e4c0,0x599,JACKPOT,,39,,2,84,13,,none (0),RAM[0x3d52c] (dmd_work_page1),[],(task+0x34.u8 != 2),246,"[""JACKPOT""]",39,2,"84,13",,observed,
68,S2,0x101e504,text_printf_msg,0x28d5c,0x101e320,0x101e504,0x4e4,"%,02lu",,16,,2,84,27,,"one of {local palette sp-48: levels 0..15 -> 0, none (0)}",RAM[0x3d52c] (dmd_work_page1),"[{""order"": 1, ""conversion"": ""%,02lu"", ""source"": ""task+0x30"", ""task_field"": ""0x30"", ""meaning"": ""deff task block parameter (written by the code that started the deff)""}]",(task+0x34.u8 != 2),246,"[""00"", ""350,000"", ""375,000""]",16,2,"84,27",,observed,
69,S1,0x101e748,text_draw_msg,0x28ca8,0x101e654,0x101e748,0x59e,DOUBLE,,39,,2,84,10,,none (0),RAM[0x3d52c] (dmd_work_page1),[],(task+0x34.u8 == 2),41,"[""DOUBLE""]",39,2,"84,10",,observed,
69,S1,0x101e76c,text_draw_msg,0x28ca8,0x101e654,0x101e76c,0x59f,SUPER JACKPOT,,33,,2,84,17,,none (0),RAM[0x3d52c] (dmd_work_page1),[],(task+0x34.u8 == 2),41,"[""SUPER JACKPOT""]",33,2,"84,17",,observed,
69,S1,0x101e7b0,text_printf_msg,0x28d5c,0x101e654,0x101e7b0,0x4e4,"%,02lu",,16,,2,84,29,,"one of {local palette sp-48: levels 0..15 -> 0, none (0)}",RAM[0x3d52c] (dmd_work_page1),"[{""order"": 1, ""conversion"": ""%,02lu"", ""source"": ""task+0x30"", ""task_field"": ""0x30"", ""meaning"": ""deff task block parameter (written by the code that started the deff)""}]",(task+0x34.u8 == 2),41,"[""00""]",16,2,"84,29",,observed,
69,S2,0x101e7e8,text_draw_msg,0x28ca8,0x101e654,0x101e7e8,0x59c,SUPER,,39,,2,84,10,,none (0),RAM[0x3d52c] (dmd_work_page1),[],(task+0x34.u8 != 2),164,"[""SUPER""]",39,2,"84,10",,observed,
69,S2,0x101e80c,text_draw_msg,0x28ca8,0x101e654,0x101e80c,0x59d,JACKPOT,,33,,2,84,17,,none (0),RAM[0x3d52c] (dmd_work_page1),[],(task+0x34.u8 != 2),164,"[""JACKPOT""]",33,2,"84,17",,observed,
69,S2,0x101e850,text_printf_msg,0x28d5c,0x101e654,0x101e850,0x4e4,"%,02lu",,16,,2,84,29,,"one of {local palette sp-48: levels 0..15 -> 0, none (0)}",RAM[0x3d52c] (dmd_work_page1),"[{""order"": 1, ""conversion"": ""%,02lu"", ""source"": ""task+0x30"", ""task_field"": ""0x30"", ""meaning"": ""deff task block parameter (written by the code that started the deff)""}]",(task+0x34.u8 != 2),164,"[""00"", ""1,350,000""]",16,2,"84,29",,observed,
70,S1,0x101ea5c,text_draw_msg,0x28ca8,0x101e9b0,0x101ea5c,0x5a0,QUORRA,,33,,4,127,8,,none (0),RAM[0x3d52c] (dmd_work_page1),[],,46,"[""QUORRA""]",33,4,"127,8",,observed,
70,S1,0x101ea80,text_draw_msg,0x28ca8,0x101e9b0,0x101ea80,0x5a1,MULTIBALL,,33,,4,127,14,,none (0),RAM[0x3d52c] (dmd_work_page1),[],,46,"[""MULTIBALL""]",33,4,"127,14",,observed,
70,S1,0x101eaa4,text_draw_msg,0x28ca8,0x101e9b0,0x101eaa4,0x5a2,TOTAL:,,33,,4,127,20,,none (0),RAM[0x3d52c] (dmd_work_page1),[],,46,"[""TOTAL:""]",33,4,"127,20",,observed,
70,S1,0x101eae0,text_printf_msg,0x28d5c,0x101e9b0,0x101eae0,0x4e4,"%,02lu",,34,,4,127,30,,loop_var@0x101eab0,RAM[0x3d52c] (dmd_work_page1),"[{""order"": 1, ""conversion"": ""%,02lu"", ""source"": ""task+0x30"", ""task_field"": ""0x30"", ""meaning"": ""deff task block parameter (written by the code that started the deff)""}]",,24,"[""00"", ""2,375,000""]",34,4,"127,30",,observed,
71,S1,0x1002424,text_draw_msg,0x28ca8,0x10022d8,0x1002424,0x5bf,TERMINATE CLU,,11,,2,84,14,,local palette sp-64: identity; levels ([(loop_var@0x10023a0 << 2) + 0x40d22fd].u8 + 1)..15 -> [(loop_var@0x10023a0 << 2) + 0x40d22fd].u8,RAM[0x3d52c] (dmd_work_page1),[],,20,"[""TERMINATE CLU""]",11,2,"84,14",,observed,
71,S1,0x1002448,text_draw_msg,0x28ca8,0x10022d8,0x1002448,0x5c1,SHOOT,,1,,2,84,20,,local palette sp-64: identity; levels ([(loop_var@0x10023a0 << 2) + 0x40d22fd].u8 + 1)..15 -> [(loop_var@0x10023a0 << 2) + 0x40d22fd].u8,RAM[0x3d52c] (dmd_work_page1),[],,20,"[""SHOOT""]",1,2,"84,20",,observed,
71,S1,0x100246c,text_draw_msg,0x28ca8,0x10022d8,0x100246c,0x5c2,CLU HELMET SHOTS,,1,,2,84,26,,local palette sp-64: identity; levels ([(loop_var@0x10023a0 << 2) + 0x40d22fd].u8 + 1)..15 -> [(loop_var@0x10023a0 << 2) + 0x40d22fd].u8,RAM[0x3d52c] (dmd_work_page1),[],,20,"[""CLU HELMET SHOTS""]",1,2,"84,26",,observed,
71,S1,0x10024ec,text_draw_msg,0x28ca8,0x10022d8,0x10024ec,0x5bf,TERMINATE CLU,,11,,2,84,14,,none (0),RAM[0x3d52c] (dmd_work_page1),[],,62,"[""TERMINATE CLU""]",11,2,"84,14",,observed,
71,S1,0x1002510,text_draw_msg,0x28ca8,0x10022d8,0x1002510,0x5c1,SHOOT,,1,,2,84,20,,none (0),RAM[0x3d52c] (dmd_work_page1),[],,62,"[""SHOOT""]",1,2,"84,20",,observed,
71,S1,0x1002534,text_draw_msg,0x28ca8,0x10022d8,0x1002534,0x5c2,CLU HELMET SHOTS,,1,,2,84,26,,none (0),RAM[0x3d52c] (dmd_work_page1),[],,62,"[""CLU HELMET SHOTS""]",1,2,"84,26",,observed,
72,S1,0x10027c0,text_draw_msg,0x28ca8,0x100276c,0x10027c0,0x5bf,TERMINATE CLU,,10,,2,84,10,,none (0),RAM[0x3d52c] (dmd_work_page1),[],,136,"[""TERMINATE CLU""]",10,2,"84,10",,observed,
72,S1,0x10027f0,text_printf_msg,0x28d5c,0x100276c,0x10027f0,0x5c4,%d,,14,,1,42,21,,none (0),RAM[0x3d52c] (dmd_work_page1),"[{""order"": 1, ""conversion"": ""%d"", ""source"": ""RAM[0x3ad00].u8 (clu_timer)"", ""ram_addr"": ""0x3ad00"", ""name"": ""clu_timer"", ""meaning"": ""seconds left, 25 at start, 40 on MORE TIME; -1 per 64 unpaused ticks""}]",,136,"[""0""]",14,1,"42,21",,observed,
72,S1,0x1002818,text_draw_msg,0x28ca8,0x100276c,0x1002818,0x5c0,SHOOT CLU HELMET SHOTS,,0,,2,85,28,,none (0),RAM[0x3d52c] (dmd_work_page1),[],,136,"[""SHOOT CLU HELMET SHOTS""]",0,2,"85,28",,observed,
72,S1,0x100286c,text_printf_msg,0x28d5c,0x100276c,0x100286c,0x4e4,"%,02lu",,12,,4,127,20,,none (0),RAM[0x3d52c] (dmd_work_page1),"[{""order"": 1, ""conversion"": ""%,02lu"", ""source"": ""FUN_000233c8()@0x100283c"", ""function"": ""0x233c8"", ""name"": ""FUN_000233c8""}]",,80,"[""00""]",12,4,"127,20",,observed,
73,S1,0x1002b38,text_printf_msg,0x28d5c,0x1002a74,0x1002b38,0x4e4,"%,02lu",,17,,2,84,21,,none (0),RAM[0x3d52c] (dmd_work_page1),"[{""order"": 1, ""conversion"": ""%,02lu"", ""source"": ""task+0x30"", ""task_field"": ""0x30"", ""meaning"": ""deff task block parameter (written by the code that started the deff)""}]",,13,"[""00""]",17,2,"84,21",,observed,
73,S1,0x1002bfc,text_printf_msg,0x28d5c,0x1002a74,0x1002bfc,0x4e4,"%,02lu",,17,,2,84,21,,loop_var@0x1002bc8,RAM[0x3d52c] (dmd_work_page1),"[{""order"": 1, ""conversion"": ""%,02lu"", ""source"": ""task+0x30"", ""task_field"": ""0x30"", ""meaning"": ""deff task block parameter (written by the code that started the deff)""}]",,16,"[""00""]",17,2,"84,21",,observed,
74,S1,0x1002dd0,text_draw_msg,0x28ca8,0x1002d24,0x1002dd0,0x5c5,TERMINATE,,33,,4,127,8,,none (0),RAM[0x3d52c] (dmd_work_page1),[],,42,"[""TERMINATE""]",33,4,"127,8",,observed,
74,S1,0x1002df4,text_draw_msg,0x28ca8,0x1002d24,0x1002df4,0x5c6,CLU,,33,,4,127,14,,none (0),RAM[0x3d52c] (dmd_work_page1),[],,42,"[""CLU""]",33,4,"127,14",,observed,
74,S1,0x1002e18,text_draw_msg,0x28ca8,0x1002d24,0x1002e18,0x5c7,TOTAL:,,33,,4,127,20,,none (0),RAM[0x3d52c] (dmd_work_page1),[],,42,"[""TOTAL:""]",33,4,"127,20",,observed,
74,S1,0x1002e54,text_printf_msg,0x28d5c,0x1002d24,0x1002e54,0x4e4,"%,02lu",,36,,4,127,30,,loop_var@0x1002e24,RAM[0x3d52c] (dmd_work_page1),"[{""order"": 1, ""conversion"": ""%,02lu"", ""source"": ""task+0x30"", ""task_field"": ""0x30"", ""meaning"": ""deff task block parameter (written by the code that started the deff)""}]",,22,"[""00"", ""350,000""]",36,4,"127,30",,observed,
75,S1,0x1014210,text_printf_msg,0x28d5c,0x10140f8,0x1014210,0x5cc,%d,,12,,2,75,9,,none (0),RAM[0x3d52c] (dmd_work_page1),"[{""order"": 1, ""conversion"": ""%d"", ""source"": ""task+0x30.u8"", ""task_field"": ""0x30"", ""meaning"": ""deff task block parameter (written by the code that started the deff)""}]",,63,"[""0"", ""2"", ""1""]",12,2,"75,9",,observed,
75,S1,0x1014238,text_draw_msg,0x28ca8,0x10140f8,0x1014238,0x5cd,MORE TO START,,2,,2,75,15,,none (0),RAM[0x3d52c] (dmd_work_page1),[],,123,"[""MORE TO START""]",2,2,"75,15",,observed,
75,S1,0x101425c,text_draw_msg,0x28ca8,0x10140f8,0x101425c,0x5c8,FOLLOW GEM,,2,,2,75,21,,none (0),RAM[0x3d52c] (dmd_work_page1),[],,123,"[""FOLLOW GEM""]",2,2,"75,21",,observed,
76,S1,0x1014460,text_draw_msg,0x28ca8,0x10143b4,0x1014460,0x5c8,FOLLOW GEM,,15,,2,84,12,,none (0),RAM[0x3d52c] (dmd_work_page1),[],,61,"[""FOLLOW GEM""]",15,2,"84,12",,observed,
76,S1,0x1014488,text_draw_msg,0x28ca8,0x10143b4,0x1014488,0x5ca,SHOOT,,2,,2,84,21,,none (0),RAM[0x3d52c] (dmd_work_page1),[],,125,"[""SHOOT""]",2,2,"84,21",,observed,
76,S1,0x10144ac,text_draw_msg,0x28ca8,0x10143b4,0x10144ac,0x5cb,RIGHT INNER LOOP,,2,,2,84,28,,none (0),RAM[0x3d52c] (dmd_work_page1),[],,125,"[""RIGHT INNER LOOP""]",2,2,"84,28",,observed,
77,S1,0x101466c,text_draw_msg,0x28ca8,0x101461c,0x101466c,0x5c8,FOLLOW GEM,,12,,2,84,10,,none (0),RAM[0x3d52c] (dmd_work_page1),[],,166,"[""FOLLOW GEM""]",12,2,"84,10",,observed,
77,S1,0x10146a0,text_printf_msg,0x28d5c,0x101461c,0x10146a0,0x5d2,%d,,14,,1,42,21,,none (0),RAM[0x3d52c] (dmd_work_page1),"[{""order"": 1, ""conversion"": ""%d"", ""source"": ""RAM[0x3b12c].u8 (gem_timer)"", ""ram_addr"": ""0x3b12c"", ""name"": ""gem_timer"", ""meaning"": ""seconds left, 25 at start, spin +1 (min 5, max 40), 40 on MORE TIME""}]",,166,"[""0"", ""28"", ""21"", ""35"", ""34"", ""33"", ""25"", ""24"", ""22"", ""31"", ""36"", ""8""]",14,1,"42,21",,observed,
77,S1,0x10146c4,text_draw_msg,0x28ca8,0x101461c,0x10146c4,0x5c9,SHOOT RIGHT INNER LOOP,,0,,2,84,28,,none (0),RAM[0x3d52c] (dmd_work_page1),[],,166,"[""SHOOT RIGHT INNER LOOP""]",0,2,"84,28",,observed,
77,S1,0x101471c,text_printf_msg,0x28d5c,0x101461c,0x101471c,0x4e4,"%,02lu",,12,,4,127,20,,none (0),RAM[0x3d52c] (dmd_work_page1),"[{""order"": 1, ""conversion"": ""%,02lu"", ""source"": ""FUN_000233c8()@0x10146e8"", ""function"": ""0x233c8"", ""name"": ""FUN_000233c8""}]",,166,"[""10,579,980"", ""00"", ""10,575,820"", ""15,537,980"", ""15,537,100"", ""15,583,150"", ""1,989,290"", ""2,020,780"", ""6,341,570"", ""15,581,070"", ""7,310,320"", ""1,990,510""]",12,4,"127,20",,observed,
78,S1,0x1014838,text_draw_msg,0x28ca8,0x101476c,0x1014838,0x5c8,FOLLOW GEM,,2,,2,84,7,,none (0),RAM[0x3d52c] (dmd_work_page1),[],,321,"[""FOLLOW GEM""]",2,2,"84,7",,observed,
78,S1,0x1014874,text_printf_msg,0x28d5c,0x101476c,0x1014874,0x5d1,%d FOLLOWING%P1//S/%,,12,,2,84,17,,none (0),RAM[0x3d52c] (dmd_work_page1),"[{""order"": 1, ""conversion"": ""%d"", ""source"": ""task+0x34.u8"", ""task_field"": ""0x34"", ""meaning"": ""deff task block parameter (written by the code that started the deff)""}, {""order"": 2, ""conversion"": ""%P1//S/%"", ""source"": ""task+0x34.u8"", ""task_field"": ""0x34"", ""meaning"": ""deff task block parameter (written by the code that started the deff)""}]",,321,"[""1 FOLLOWING"", ""3 FOLLOWINGS"", ""0 FOLLOWINGS"", ""4 FOLLOWINGS"", ""2 FOLLOWINGS""]",12,2,"84,17",,observed,"font by language 0-4: [[12], [12], [12], [12], [10]]"
78,S1,0x10148b0,text_printf_msg,0x28d5c,0x101476c,0x10148b0,0x4e4,"%,02lu",,12,,2,84,27,,none (0),RAM[0x3d52c] (dmd_work_page1),"[{""order"": 1, ""conversion"": ""%,02lu"", ""source"": ""task+0x30"", ""task_field"": ""0x30"", ""meaning"": ""deff task block parameter (written by the code that started the deff)""}]",,157,"[""750,000"", ""1,250,000"", ""00"", ""1,500,000"", ""1,000,000""]",12,2,"84,27",,observed,
79,S1,0x1014ba0,text_draw_msg,0x28ca8,0x1014af4,0x1014ba0,0x5ce,FOLLOW,,33,,1,42,8,,none (0),RAM[0x3d52c] (dmd_work_page1),[],,69,"[""FOLLOW""]",33,1,"42,8",,observed,
79,S1,0x1014bc4,text_draw_msg,0x28ca8,0x1014af4,0x1014bc4,0x5cf,GEM,,33,,1,42,14,,none (0),RAM[0x3d52c] (dmd_work_page1),[],,69,"[""GEM""]",33,1,"42,14",,observed,
79,S1,0x1014be8,text_draw_msg,0x28ca8,0x1014af4,0x1014be8,0x5d0,TOTAL:,,33,,1,42,20,,none (0),RAM[0x3d52c] (dmd_work_page1),[],,69,"[""TOTAL:""]",33,1,"42,20",,observed,
79,S1,0x1014c24,text_printf_msg,0x28d5c,0x1014af4,0x1014c24,0x4e4,"%,02lu",,36,,1,42,30,,loop_var@0x1014bf4,RAM[0x3d52c] (dmd_work_page1),"[{""order"": 1, ""conversion"": ""%,02lu"", ""source"": ""task+0x30"", ""task_field"": ""0x30"", ""meaning"": ""deff task block parameter (written by the code that started the deff)""}]",,36,"[""00"", ""3,250,000"", ""6,500,000""]",36,1,"42,30",,observed,
80,S1,0x101734c,text_draw_msg,0x28ca8,0x1017230,0x101734c,0x5de,HURRY-UP,,2,,2,84,4,,none (0),RAM[0x3d52c] (dmd_work_page1),[],(task+0x38.u8 != 0),31,"[""HURRY-UP""]",2,2,"84,4",,observed,
80,S1,0x101737c,text_draw_msg,0x28ca8,0x1017230,0x101737c,0x5df,IS LIT,,2,,2,84,31,,none (0),RAM[0x3d52c] (dmd_work_page1),[],(task+0x38.u8 != 0),31,"[""IS LIT""]",2,2,"84,31",,observed,
80,S2,0x10173c4,text_printf_msg,0x28d5c,0x1017230,0x10173c4,0x5dc,%d MORE,,2,,2,84,4,,none (0),RAM[0x3d52c] (dmd_work_page1),"[{""order"": 1, ""conversion"": ""%d"", ""source"": ""(task+0x34.u16 - task+0x30.u16)""}]",(task+0x38.u8 == 0),21,"[""0 MORE""]",2,2,"84,4",,observed,
80,S2,0x10173f0,text_draw_msg,0x28ca8,0x1017230,0x10173f0,0x5dd,TO LIGHT HURRY-UP,,2,,2,84,31,,none (0),RAM[0x3d52c] (dmd_work_page1),[],(task+0x38.u8 == 0),21,"[""TO LIGHT HURRY-UP""]",2,2,"84,31",,observed,"font by language 0-4: [[2], [0], [2], [2], [2]]"
81,S1,0x1017550,text_draw_msg,0x28ca8,0x10174f4,0x1017550,0x5e0,SPECIAL IS LIT,,2,,2,84,16,,none (0),RAM[0x3d52c] (dmd_work_page1),[],,125,"[""SPECIAL IS LIT""]",2,2,"84,16",,observed,
82,S1,0x10175d8,text_draw_msg,0x28ca8,0x1017590,0x10175d8,0x5e1,SPECIAL,,2,,2,84,16,,none (0),RAM[0x3d52c] (dmd_work_page1),[],((FUN_0102a284()@0x10175e8 & 255) == 0),125,"[""SPECIAL""]",2,2,"84,16",,observed,
83,S1,0x1018cb0,text_printf_msg,0x28d5c,0x1018ba0,0x1018cb0,0x5a9,%d MORE,,39,,2,84,10,,"one of {local palette sp-48: identity; levels 1..15 -> 0, none (0)}",RAM[0x3d530] (dmd_work_page0),"[{""order"": 1, ""conversion"": ""%d"", ""source"": ""task+0x30.u8"", ""task_field"": ""0x30"", ""meaning"": ""deff task block parameter (written by the code that started the deff)""}]",,528,"[""2 MORE"", ""3 MORE"", ""1 MORE"", ""0 MORE""]",39,2,"84,10",,observed,
83,S1,0x1018ce0,text_draw_msg_fit,0x28e48,0x1018ba0,0x1018ce0,0x5aa,TO LIGHT,,,"0x40d302c=39,38,37,36,34,33",2,84,20,85,none (0),RAM[0x3d530] (dmd_work_page0),[],,528,"[""TO LIGHT""]",39,2,"84,20","40d302c:39,38,37,36,34,33,0:maxw=85",observed,English: fit picks font 39
83,S1,0x1018d08,text_draw_msg,0x28ca8,0x1018ba0,0x1018d08,0x5bc,LIGHT CYCLE,,0,,2,84,27,,none (0),RAM[0x3d530] (dmd_work_page0),[],,528,"[""LIGHT CYCLE""]",0,2,"84,27",,observed,
84,S1,0x1018f58,text_draw_msg,0x28ca8,0x1018e48,0x1018f58,0x5b0,LIGHT CYCLE,,37,,2,84,8,,local palette sp-64: identity; levels ([(loop_var@0x1018ed4 << 2) + 0x40d3049].u8 + 1)..15 -> [(loop_var@0x1018ed4 << 2) + 0x40d3049].u8; levels 1..15 -> 0,RAM[0x3d530] (dmd_work_page0),[],,20,"[""LIGHT CYCLE""]",37,2,"84,8",,observed,
84,S1,0x1018f88,text_draw_msg_fit,0x28e48,0x1018e48,0x1018f88,0x5b1,MULTIBALL,,,"0x40d302c=39,38,37,36,34,33",2,84,18,85,local palette sp-64: identity; levels ([(loop_var@0x1018ed4 << 2) + 0x40d3049].u8 + 1)..15 -> [(loop_var@0x1018ed4 << 2) + 0x40d3049].u8; levels 1..15 -> 0,RAM[0x3d530] (dmd_work_page0),[],,20,"[""MULTIBALL""]",39,2,"84,18","40d302c:39,38,37,36,34,33,0:maxw=85",observed,English: fit picks font 39
84,S1,0x1018fac,text_draw_msg,0x28ca8,0x1018e48,0x1018fac,0x5b2,IS LIT,,37,,2,84,28,,local palette sp-64: identity; levels ([(loop_var@0x1018ed4 << 2) + 0x40d3049].u8 + 1)..15 -> [(loop_var@0x1018ed4 << 2) + 0x40d3049].u8; levels 1..15 -> 0,RAM[0x3d530] (dmd_work_page0),[],,20,"[""IS LIT""]",37,2,"84,28",,observed,
84,S1,0x1019044,text_draw_msg,0x28ca8,0x1018e48,0x1019044,0x5b0,LIGHT CYCLE,,37,,2,84,8,,none (0),RAM[0x3d530] (dmd_work_page0),[],,42,"[""LIGHT CYCLE""]",37,2,"84,8",,observed,
84,S1,0x1019070,text_draw_msg_fit,0x28e48,0x1018e48,0x1019070,0x5b1,MULTIBALL,,,"0x40d302c=39,38,37,36,34,33",2,84,18,85,none (0),RAM[0x3d530] (dmd_work_page0),[],,42,"[""MULTIBALL""]",39,2,"84,18","40d302c:39,38,37,36,34,33,0:maxw=85",observed,English: fit picks font 39
84,S1,0x10190a8,text_draw_msg,0x28ca8,0x1018e48,0x10190a8,0x5b2,IS LIT,,37,,2,84,28,,"one of {local palette sp-64: identity; levels ([(loop_var@0x1018ed4 << 2) + 0x40d3049].u8 + 1)..15 -> [(loop_var@0x1018ed4 << 2) + 0x40d3049].u8; levels 1..15 -> 0, none (0)}",RAM[0x3d530] (dmd_work_page0),[],,42,"[""IS LIT""]",37,2,"84,28",,observed,
85,S1,0x1019340,text_draw_msg,0x28ca8,0x101921c,0x1019340,0x5b0,LIGHT CYCLE,,37,,2,84,14,,"one of {local palette sp-48: identity; levels 1..15 -> 0, none (0)}",RAM[0x3d52c] (dmd_work_page1),[],(task+0x30.u16 <=u 1),108,"[""LIGHT CYCLE""]",37,2,"84,14",,observed,
85,S1,0x101937c,text_draw_msg_fit,0x28e48,0x101921c,0x101937c,0x5b1,MULTIBALL,,,"0x40d302c=39,38,37,36,34,33",2,84,25,85,"one of {local palette sp-48: identity; levels 1..15 -> 0, none (0)}",RAM[0x3d52c] (dmd_work_page1),[],(task+0x30.u16 <=u 1),108,"[""MULTIBALL""]",39,2,"84,25","40d302c:39,38,37,36,34,33,0:maxw=85",observed,English: fit picks font 39
85,S2,0x101942c,text_draw_msg,0x28ca8,0x101921c,0x101942c,0x5b0,LIGHT CYCLE,,37,,2,84,14,,"one of {local palette sp-48: identity; levels 1..15 -> 0, none (0)}",RAM[0x3d52c] (dmd_work_page1),[],(task+0x30.u16 >u 1),91,"[""LIGHT CYCLE""]",37,2,"84,14",,observed,
85,S2,0x1019468,text_draw_msg_fit,0x28e48,0x101921c,0x1019468,0x5b1,MULTIBALL,,,"0x40d302c=39,38,37,36,34,33",2,84,25,85,"one of {local palette sp-48: identity; levels 1..15 -> 0, none (0)}",RAM[0x3d52c] (dmd_work_page1),[],(task+0x30.u16 >u 1),91,"[""MULTIBALL""]",39,2,"84,25","40d302c:39,38,37,36,34,33,0:maxw=85",observed,English: fit picks font 39
86,S1,0x1019830,text_draw_msg,0x28ca8,0x1019788,0x1019830,0x5b3,LIGHT CYCLE,,33,,2,84,6,,none (0),RAM[0x3d52c] (dmd_work_page1),[],,604,"[""LIGHT CYCLE""]",33,2,"84,6",,observed,
86,S1,0x1019854,text_draw_msg,0x28ca8,0x1019788,0x1019854,0x5b4,MULTIBALL,,33,,2,84,12,,none (0),RAM[0x3d52c] (dmd_work_page1),[],,604,"[""MULTIBALL""]",33,2,"84,12",,observed,
87,S1,0x1019fd0,text_draw_msg,0x28ca8,0x1019e74,0x1019fd0,0x5b9,JACKPOT,,33,,2,84,8,,none (0),RAM[0x3d52c] (dmd_work_page1),[],,355,"[""JACKPOT""]",33,2,"84,8",,observed,
87,S1,0x101a018,text_printf_msg,0x28d5c,0x1019e74,0x101a018,0x4e4,"%,02lu",,18,,2,84,26,,"one of {local palette sp-64: identity; levels 1..15 -> 0, none (0)}",RAM[0x3d52c] (dmd_work_page1),"[{""order"": 1, ""conversion"": ""%,02lu"", ""source"": ""task+0x38"", ""task_field"": ""0x38"", ""meaning"": ""deff task block parameter (written by the code that started the deff)""}]",,355,"[""00"", ""350,000"", ""700,000""]",18,2,"84,26",,observed,
88,S1,0x101a368,text_draw_msg,0x28ca8,0x101a248,0x101a368,0x5b8,SUPER JACKPOT,,33,,2,84,10,,none (0),RAM[0x3d52c] (dmd_work_page1),[],,42,"[""SUPER JACKPOT""]",33,2,"84,10",,observed,
88,S1,0x101a3b0,text_printf_msg,0x28d5c,0x101a248,0x101a3b0,0x4e4,"%,02lu",,18,,2,84,27,,"one of {local palette sp-64: identity; levels 1..15 -> 0, none (0)}",RAM[0x3d52c] (dmd_work_page1),"[{""order"": 1, ""conversion"": ""%,02lu"", ""source"": ""task+0x38"", ""task_field"": ""0x38"", ""meaning"": ""deff task block parameter (written by the code that started the deff)""}]",,42,"[""00""]",18,2,"84,27",,observed,
89,S1,0x101a6e0,text_draw_msg,0x28ca8,0x101a5c0,0x101a6e0,0x5b6,DOUBLE,,33,,2,84,8,,none (0),RAM[0x3d52c] (dmd_work_page1),[],,42,"[""DOUBLE""]",33,2,"84,8",,observed,
89,S1,0x101a704,text_draw_msg,0x28ca8,0x101a5c0,0x101a704,0x5b8,SUPER JACKPOT,,33,,2,84,14,,none (0),RAM[0x3d52c] (dmd_work_page1),[],,42,"[""SUPER JACKPOT""]",33,2,"84,14",,observed,
89,S1,0x101a74c,text_printf_msg,0x28d5c,0x101a5c0,0x101a74c,0x4e4,"%,02lu",,18,,2,84,28,,"one of {local palette sp-64: identity; levels 1..15 -> 0, none (0)}",RAM[0x3d52c] (dmd_work_page1),"[{""order"": 1, ""conversion"": ""%,02lu"", ""source"": ""task+0x38"", ""task_field"": ""0x38"", ""meaning"": ""deff task block parameter (written by the code that started the deff)""}]",,42,"[""00""]",18,2,"84,28",,observed,
90,S1,0x101aa40,text_draw_msg,0x28ca8,0x101a95c,0x101aa40,0x5bc,LIGHT CYCLE,,33,,2,84,6,,none (0),RAM[0x3d52c] (dmd_work_page1),[],,155,"[""LIGHT CYCLE""]",33,2,"84,6",,observed,
90,S1,0x101aa6c,text_draw_msg,0x28ca8,0x101a95c,0x101aa6c,0x5bd,MULTIBALL,,33,,2,84,12,,none (0),RAM[0x3d52c] (dmd_work_page1),[],,155,"[""MULTIBALL""]",33,2,"84,12",,observed,
90,S1,0x101aa98,text_draw_msg,0x28ca8,0x101a95c,0x101aa98,0x5be,TOTAL:,,33,,2,84,20,,none (0),RAM[0x3d52c] (dmd_work_page1),[],,155,"[""TOTAL:""]",33,2,"84,20",,observed,
90,S1,0x101aadc,text_printf_msg,0x28d5c,0x101a95c,0x101aadc,0x4e4,"%,02lu",,12,,2,84,30,,none (0),RAM[0x3d52c] (dmd_work_page1),"[{""order"": 1, ""conversion"": ""%,02lu"", ""source"": ""task+0x30"", ""task_field"": ""0x30"", ""meaning"": ""deff task block parameter (written by the code that started the deff)""}]",,155,"[""00"", ""1,200,000"", ""3,300,000""]",12,2,"84,30",,observed,
91,S1,0x1033be4,text_draw_msg,0x28ca8,0x1033b3c,0x1033be4,0x5f4,COLLECT,,33,,2,84,5,,none (0),RAM[0x3d530] (dmd_work_page0),[],(task+0x38.u8 == 0),116,"[""COLLECT""]",33,2,"84,5",,observed,
91,S1,0x1033c18,text_draw_msg,0x28ca8,0x1033b3c,0x1033c18,0x5f5,FOR FASTSCORING,,33,,2,84,32,,none (0),RAM[0x3d530] (dmd_work_page0),[],(task+0x38.u8 == 0),116,"[""FOR FASTSCORING""]",33,2,"84,32",,observed,
91,S2,0x1033c50,text_draw_msg,0x28ca8,0x1033b3c,0x1033c50,0x5f6,COLLECT,,33,,2,84,5,,none (0),RAM[0x3d530] (dmd_work_page0),[],(task+0x38.u8 != 0),31,"[""COLLECT""]",33,2,"84,5",,observed,
91,S2,0x1033c84,text_draw_msg,0x28ca8,0x1033b3c,0x1033c84,0x5f7,FOR SOS ITEM,,33,,2,84,32,,none (0),RAM[0x3d530] (dmd_work_page0),[],(task+0x38.u8 != 0),31,"[""FOR SOS ITEM""]",33,2,"84,32",,observed,
92,S1,0x1034054,text_printf_msg,0x28d5c,0x1033fbc,0x1034054,0x5f8,%d MORE,,33,,2,84,5,,none (0),RAM[0x3d530] (dmd_work_page0),"[{""order"": 1, ""conversion"": ""%d"", ""source"": ""task+0x30.u8"", ""task_field"": ""0x30"", ""meaning"": ""deff task block parameter (written by the code that started the deff)""}]",(task+0x34.u8 == 0),41,"[""0 MORE""]",33,2,"84,5",,observed,
92,S1,0x1034084,text_draw_msg,0x28ca8,0x1033fbc,0x1034084,0x5f9,FOR FASTSCORING,,33,,2,84,32,,none (0),RAM[0x3d530] (dmd_work_page0),[],(task+0x34.u8 == 0),41,"[""FOR FASTSCORING""]",33,2,"84,32",,observed,
93,S1,0x10322a4,text_draw_msg,0x28ca8,0x1032228,0x10322a4,0x5fa,ZUSE,,4,,2,84,8,,none (0),RAM[0x3d52c] (dmd_work_page1),[],,43,"[""ZUSE""]",4,2,"84,8",,observed,"font by language 0-4: [[4], [4], [4], [4], [0]]"
93,S1,0x10322c8,text_draw_msg,0x28ca8,0x1032228,0x10322c8,0x5fb,FAST SCORING,,4,,2,84,15,,none (0),RAM[0x3d52c] (dmd_work_page1),[],,43,"[""FAST SCORING""]",4,2,"84,15",,observed,"font by language 0-4: [[4], [4], [4], [4], [0]]"
93,S1,0x10322fc,text_draw_msg,0x28ca8,0x1032228,0x10322fc,0x5fc,READY,,16,,2,84,28,,none (0),RAM[0x3d52c] (dmd_work_page1),[],,22,"[""READY""]",16,2,"84,28",,observed,
94,S1,0x10325fc,text_draw_msg,0x28ca8,0x1032510,0x10325fc,0x5fd,FAST SCORING,,34,,2,84,30,,none (0),RAM[0x3d52c] (dmd_work_page1),[],,24,"[""FAST SCORING""]",34,2,"84,30",,observed,"font by language 0-4: [[34], [33], [34], [33], [7]]"
94,S2,0x103247c,text_draw_msg,0x28ca8,0x10323d0,0x103261c>0x103247c,0x5fe,ALL TARGETS,,10,,2,84,?deep,,local palette sp-48: identity,RAM[0x3d52c] (dmd_work_page1),[],,88,"[""ALL TARGETS""]",10,2,"84,8",,observed,"font by language 0-4: [[10], [10], [0], [2], [2]]"
94,S2,0x10324a0,text_draw_msg,0x28ca8,0x10323d0,0x103261c>0x10324a0,0x5ff,SCORE,,17,"0x40d6f6c=17,15,12,10,4,6",2,84,21,,none (0),RAM[0x3d52c] (dmd_work_page1),[],,88,"[""SCORE""]",17,2,"84,21",,observed,"font chosen at run time by font_fit_msgs at 0x10323e8 (list 0x40d6f6c [17, 15, 12, 10, 4, 6], max width 83, English choice 17); y English: ((font_height(font_fit_msgs(0x40d6f68, 0x40d6f6c, 83)@0x10323e8)@0x10323f0 + (((32 - font_height(font_fit_msgs(..., ..., ...)@0x10323e8)@0x10323f0) + ((32 - font_height(...)@0x10323f0) >> 31)) >> 1)) - 1) evaluated with fonts.json font heights / fit choices"
94,S2,0x10324d8,text_printf_msg,0x28d5c,0x10323d0,0x103261c>0x10324d8,0x600,"%,02lu POINTS",,10,,2,84,?deep,,local palette sp-48: identity,RAM[0x3d52c] (dmd_work_page1),"[{""order"": 1, ""conversion"": ""%,02lu"", ""source"": ""task+0x30"", ""task_field"": ""0x30"", ""meaning"": ""deff task block parameter (written by the code that started the deff)""}]",,88,"[""00 POINTS"", ""10,000 POINTS""]",10,2,"84,30",,observed,"font by language 0-4: [[10], [10], [0], [2], [2]]"
95,S1,0x1032878,text_printf_msg,0x28d5c,0x10327d8,0x1032878,0x602,%u,,1,,1,42,6,,none (0),RAM[0x3d52c] (dmd_work_page1),"[{""order"": 1, ""conversion"": ""%u"", ""source"": ""RAM[0x3b8f0].u8 (zfs_timer)"", ""ram_addr"": ""0x3b8f0"", ""name"": ""zfs_timer"", ""meaning"": ""seconds left, adj 66 at start, +10 per target set (cap 45), 45 on MORE TIME""}]",,289,"[""0""]",1,1,"42,6",,observed,
95,S1,0x10328a0,text_printf_msg,0x28d5c,0x10327d8,0x10328a0,0x602,%u,,1,,4,127,6,,none (0),RAM[0x3d52c] (dmd_work_page1),"[{""order"": 1, ""conversion"": ""%u"", ""source"": ""RAM[0x3b8f0].u8 (zfs_timer)"", ""ram_addr"": ""0x3b8f0"", ""name"": ""zfs_timer"", ""meaning"": ""seconds left, adj 66 at start, +10 per target set (cap 45), 45 on MORE TIME""}]",,289,"[""0""]",1,4,"127,6",,observed,
95,S1,0x10328cc,text_printf_msg,0x28d5c,0x10327d8,0x10328cc,0x603,"ALL TARGETS=%,02lu",,0,,2,85,31,,none (0),RAM[0x3d52c] (dmd_work_page1),"[{""order"": 1, ""conversion"": ""%,02lu"", ""source"": ""RAM[0x3b8ec] (zfs_value)"", ""ram_addr"": ""0x3b8ec"", ""name"": ""zfs_value"", ""meaning"": ""points per FS hit, +1000 per new target (cap 50000)""}]",,289,"[""ALL TARGETS=00""]",0,2,"85,31",,observed,
96,S1,0x1032b10,text_printf_msg,0x28d5c,0x1032a30,0x1032be8>0x1032b10,0x602,%u,,1,,1,42,6,,none (0),RAM[0x3d52c] (dmd_work_page1),"[{""order"": 1, ""conversion"": ""%u"", ""source"": ""RAM[0x3b8f0].u8 (zfs_timer)"", ""ram_addr"": ""0x3b8f0"", ""name"": ""zfs_timer"", ""meaning"": ""seconds left, adj 66 at start, +10 per target set (cap 45), 45 on MORE TIME""}]",,64,"[""0""]",1,1,"42,6",,observed,
96,S1,0x1032b3c,text_printf_msg,0x28d5c,0x1032a30,0x1032be8>0x1032b3c,0x602,%u,,1,,4,127,6,,none (0),RAM[0x3d52c] (dmd_work_page1),"[{""order"": 1, ""conversion"": ""%u"", ""source"": ""RAM[0x3b8f0].u8 (zfs_timer)"", ""ram_addr"": ""0x3b8f0"", ""name"": ""zfs_timer"", ""meaning"": ""seconds left, adj 66 at start, +10 per target set (cap 45), 45 on MORE TIME""}]",,64,"[""0""]",1,4,"127,6",,observed,
96,S1,0x1032b70,text_printf_msg,0x28d5c,0x1032a30,0x1032be8>0x1032b70,0x603,"ALL TARGETS=%,02lu",,0,,2,85,31,,none (0),RAM[0x3d52c] (dmd_work_page1),"[{""order"": 1, ""conversion"": ""%,02lu"", ""source"": ""RAM[0x3b8ec] (zfs_value)"", ""ram_addr"": ""0x3b8ec"", ""name"": ""zfs_value"", ""meaning"": ""points per FS hit, +1000 per new target (cap 50000)""}]",,64,"[""ALL TARGETS=00""]",0,2,"85,31",,observed,
96,S2,0x10329b4,text_printf_msg,0x28d5c,0x1032900,0x1032c2c>0x10329b4,0x605,%luK,,39,,2,(([(stack_buf[sp-44] + (random_below(3)@0x1032934 << 2)) + 0x0] + random_below(15)@0x1032940) + 16),(loop_var@0x103298c + 14),,local palette sp-60: identity,18,"[{""order"": 1, ""conversion"": ""%lu"", ""source"": ""((0x10624dd3 *hi* task+0x30) >> 6)""}]",(RAM[0x3b91c].u16 != RAM[0x3b91e].u16 AND RAM[0x3b924].u16 <= 4),0,,,,,,code,
97,S1,0x1032e14,text_draw_msg,0x28ca8,0x1032d38,0x1032e14,0x608,ALL,,39,,2,84,10,,none (0),RAM[0x3d52c] (dmd_work_page1),[],,105,"[""ALL""]",39,2,"84,10",,observed,
97,S1,0x1032e38,text_draw_msg,0x28ca8,0x1032d38,0x1032e38,0x609,TARGETS,,39,,2,84,20,,none (0),RAM[0x3d52c] (dmd_work_page1),[],,105,"[""TARGETS""]",39,2,"84,20",,observed,
97,S1,0x1032e78,text_printf_msg,0x28d5c,0x1032d38,0x1032e78,0x60a,"%,02lu",,39,,2,84,30,,"one of {local palette sp-64: identity; levels 0..15 -> 0, none (0)}",RAM[0x3d52c] (dmd_work_page1),"[{""order"": 1, ""conversion"": ""%,02lu"", ""source"": ""RAM[0x3b8ec] (zfs_value)"", ""ram_addr"": ""0x3b8ec"", ""name"": ""zfs_value"", ""meaning"": ""points per FS hit, +1000 per new target (cap 50000)""}]",,105,"[""00"", ""11,000"", ""12,000""]",39,2,"84,30",,observed,
98,S1,0x1032fd0,text_printf_msg,0x28d5c,0x1032ebc,0x1032fd0,0x602,%u,,1,,1,42,6,,none (0),RAM[0x3d52c] (dmd_work_page1),"[{""order"": 1, ""conversion"": ""%u"", ""source"": ""RAM[0x3b8f0].u8 (zfs_timer)"", ""ram_addr"": ""0x3b8f0"", ""name"": ""zfs_timer"", ""meaning"": ""seconds left, adj 66 at start, +10 per target set (cap 45), 45 on MORE TIME""}]",,31,"[""0""]",1,1,"42,6",,observed,
98,S1,0x1033004,text_printf_msg,0x28d5c,0x1032ebc,0x1033004,0x602,%u,,1,,4,127,6,,none (0),RAM[0x3d52c] (dmd_work_page1),"[{""order"": 1, ""conversion"": ""%u"", ""source"": ""RAM[0x3b8f0].u8 (zfs_timer)"", ""ram_addr"": ""0x3b8f0"", ""name"": ""zfs_timer"", ""meaning"": ""seconds left, adj 66 at start, +10 per target set (cap 45), 45 on MORE TIME""}]",,31,"[""0""]",1,4,"127,6",,observed,
98,S1,0x1033034,text_printf_msg,0x28d5c,0x1032ebc,0x1033034,0x603,"ALL TARGETS=%,02lu",,0,,2,85,31,,none (0),RAM[0x3d52c] (dmd_work_page1),"[{""order"": 1, ""conversion"": ""%,02lu"", ""source"": ""RAM[0x3b8ec] (zfs_value)"", ""ram_addr"": ""0x3b8ec"", ""name"": ""zfs_value"", ""meaning"": ""points per FS hit, +1000 per new target (cap 50000)""}]",,31,"[""ALL TARGETS=00""]",0,2,"85,31",,observed,
98,S1,0x1033068,text_draw_msg,0x28ca8,0x1032ebc,0x1033068,0x60b,TIME,,39,,2,84,11,,"one of {local palette sp-48: identity; levels 0..15 -> 0, none (0)}",RAM[0x3d52c] (dmd_work_page1),[],,31,"[""TIME""]",39,2,"84,11",,observed,"font by language 0-4: [[39], [37], [39], [39], [38]]"
98,S1,0x103309c,text_draw_msg,0x28ca8,0x1032ebc,0x103309c,0x60c,EXTENDED,,39,,2,84,23,,"one of {local palette sp-48: identity; levels 0..15 -> 0, none (0)}",RAM[0x3d52c] (dmd_work_page1),[],,31,"[""EXTENDED""]",39,2,"84,23",,observed,"font by language 0-4: [[39], [37], [39], [39], [38]]"
99,S1,0x1033250,text_draw_msg,0x28ca8,0x10331ac,0x1033250,0x60d,FAST SCORING,,7,,2,98,10,,none (0),RAM[0x3d52c] (dmd_work_page1),[],,102,"[""FAST SCORING""]",7,2,"98,10",,observed,
99,S1,0x1033274,text_draw_msg,0x28ca8,0x10331ac,0x1033274,0x60e,TOTAL:,,3,,2,98,17,,none (0),RAM[0x3d52c] (dmd_work_page1),[],,102,"[""TOTAL:""]",3,2,"98,17",,observed,"font by language 0-4: [[3], [3], [1], [3], [1]]"
99,S1,0x10332c0,text_printf_msg_fit,0x28eb0,0x10331ac,0x10332c0,0x4e4,"%,02lu",,,"0x40d6ff4=16,13,11,7,1",2,98,29,57,none (0),RAM[0x3d52c] (dmd_work_page1),"[{""order"": 1, ""conversion"": ""%,02lu"", ""source"": ""task+0x30"", ""task_field"": ""0x30"", ""meaning"": ""deff task block parameter (written by the code that started the deff)""}]",,52,"[""00"", ""359,000""]",16,2,"98,29","40d6ff4:16,13,11,7,1,0:maxw=57",observed,
100,S1,0x10313ac,text_draw_msg,0x28ca8,0x1031338,0x10313ac,0x67e,ZEN,,17,,2,84,20,,none (0),RAM[0x3d52c] (dmd_work_page1),[],,3,"[""ZEN""]",17,2,"84,20",,observed,
100,S2,0x1031400,text_draw_msg,0x28ca8,0x1031338,0x1031400,0x67e,ZEN,,17,,2,84,20,,none (0),RAM[0x3d52c] (dmd_work_page1),[],((FUN_0102a284()@0x1031410 & 255) == 0),15,"[""ZEN""]",17,2,"84,20",,observed,
101,S1,0x1029344,text_draw_msg,0x28ca8,0x10292c4,0x1029344,0x617,SKILL SHOT,,37,,2,84,13,,none (0),RAM[0x3d52c] (dmd_work_page1),[],,21,"[""SKILL SHOT""]",37,2,"84,13",,observed,"font by language 0-4: [[37], [35], [37], [37], [33]]"
101,S1,0x1029380,text_printf_msg,0x28d5c,0x10292c4,0x1029380,0x4e4,"%,02lu",,39,,2,84,26,,loop_var@0x1029350,RAM[0x3d52c] (dmd_work_page1),"[{""order"": 1, ""conversion"": ""%,02lu"", ""source"": ""task+0x30"", ""task_field"": ""0x30"", ""meaning"": ""deff task block parameter (written by the code that started the deff)""}]",,11,"[""00""]",39,2,"84,26",,observed,
102,S1,0x1029550,text_draw_msg,0x28ca8,0x10294d0,0x1029550,0x618,SKILL SHOT,,37,,2,84,13,,none (0),RAM[0x3d52c] (dmd_work_page1),[],,21,"[""SKILL SHOT""]",37,2,"84,13",,observed,"font by language 0-4: [[37], [35], [37], [37], [33]]"
102,S1,0x102958c,text_printf_msg,0x28d5c,0x10294d0,0x102958c,0x4e4,"%,02lu",,39,,2,84,26,,loop_var@0x102955c,RAM[0x3d52c] (dmd_work_page1),"[{""order"": 1, ""conversion"": ""%,02lu"", ""source"": ""task+0x30"", ""task_field"": ""0x30"", ""meaning"": ""deff task block parameter (written by the code that started the deff)""}]",,11,"[""00""]",39,2,"84,26",,observed,
103,S1,0x10296e8,text_draw_msg,0x28ca8,0x1029668,0x10296e8,0x619,SKILL SHOT,,37,,2,84,13,,none (0),RAM[0x3d52c] (dmd_work_page1),[],,21,"[""SKILL SHOT""]",37,2,"84,13",,observed,"font by language 0-4: [[37], [35], [37], [37], [33]]"
103,S1,0x1029724,text_printf_msg,0x28d5c,0x1029668,0x1029724,0x4e4,"%,02lu",,39,,2,84,26,,loop_var@0x10296f4,RAM[0x3d52c] (dmd_work_page1),"[{""order"": 1, ""conversion"": ""%,02lu"", ""source"": ""task+0x30"", ""task_field"": ""0x30"", ""meaning"": ""deff task block parameter (written by the code that started the deff)""}]",,11,"[""00""]",39,2,"84,26",,observed,
104,S1,0x100e460,text_draw_msg,0x28ca8,0x100e3d0,0x100e460,0x61b,ARCADE IS LIT,,3,,2,84,27,,none (0),RAM[0x3d52c] (dmd_work_page1),[],,750,"[""ARCADE IS LIT""]",3,2,"84,27",,observed,
106,S1,0x102ca84,text_printf_msg,0x28d5c,0x102ca18,0x102ca84,0x627,%d TRON,,14,,2,84,12,,none (0),RAM[0x3d52c] (dmd_work_page1),"[{""order"": 1, ""conversion"": ""%d"", ""source"": ""task+0x30.u16"", ""task_field"": ""0x30"", ""meaning"": ""deff task block parameter (written by the code that started the deff)""}]",((FUN_0102a284()@0x102cab8 & 255) == 0),20,"[""0 TRON""]",14,2,"84,12",,observed,
106,S1,0x102caa8,text_draw_msg,0x28ca8,0x102ca18,0x102caa8,0x628,COMPLETED,,14,,2,84,24,,none (0),RAM[0x3d52c] (dmd_work_page1),[],((FUN_0102a284()@0x102cab8 & 255) == 0),20,"[""COMPLETED""]",14,2,"84,24",,observed,
107,S1,0x102c904,text_draw_msg,0x28ca8,0x102c870,0x102c904,0x623,COLLECT,,33,,2,84,5,,none (0),RAM[0x3d530] (dmd_work_page0),[],,219,"[""COLLECT""]",33,2,"84,5",,observed,
107,S1,0x102c934,text_draw_msg,0x28ca8,0x102c870,0x102c934,0x624,FOR TIMED AWARD,,33,,2,84,32,,none (0),RAM[0x3d530] (dmd_work_page0),[],,219,"[""FOR TIMED AWARD""]",33,2,"84,32",,observed,
108,S1,0x102045c,text_printf_msg,0x28d5c,0x1020388,0x10209f8>0x102045c,0x62d,%u MORE,,39,,2,84,10,,"one of {local palette sp-48: levels 0..15 -> 0, none (0)}",RAM[0x3d52c] (dmd_work_page1),"[{""order"": 1, ""conversion"": ""%u"", ""source"": ""task+0x30.u8"", ""task_field"": ""0x30"", ""meaning"": ""deff task block parameter (written by the code that started the deff)""}]",(random_below(4)@0x10209d8 == 0),62,"[""0 MORE""]",39,2,"84,10",,observed,"font by language 0-4: [[39], [35], [35], [39], [35]]"
108,S1,0x1020484,text_draw_msg,0x28ca8,0x1020388,0x10209f8>0x1020484,0x62e,TO ACCESS,,39,,2,84,20,,none (0),RAM[0x3d52c] (dmd_work_page1),[],(random_below(4)@0x10209d8 == 0),62,"[""TO ACCESS""]",39,2,"84,20",,observed,"font by language 0-4: [[39], [35], [35], [39], [35]]"
108,S1,0x10204a8,text_draw_msg,0x28ca8,0x1020388,0x10209f8>0x10204a8,0x62f,DISC,,39,,2,84,30,,none (0),RAM[0x3d52c] (dmd_work_page1),[],(random_below(4)@0x10209d8 == 0),62,"[""DISC""]",39,2,"84,30",,observed,
108,S2,0x10205e4,text_printf_msg,0x28d5c,0x1020510,0x1020a00>0x10205e4,0x62d,%u MORE,,39,,2,84,10,,"one of {local palette sp-48: levels 0..15 -> 0, none (0)}",RAM[0x3d52c] (dmd_work_page1),"[{""order"": 1, ""conversion"": ""%u"", ""source"": ""task+0x30.u8"", ""task_field"": ""0x30"", ""meaning"": ""deff task block parameter (written by the code that started the deff)""}]",(random_below(4)@0x10209d8 == 1),108,"[""1 MORE"", ""0 MORE"", ""4 MORE""]",39,2,"84,10",,observed,"font by language 0-4: [[39], [35], [35], [39], [35]]"
108,S2,0x102060c,text_draw_msg,0x28ca8,0x1020510,0x1020a00>0x102060c,0x62e,TO ACCESS,,39,,2,84,20,,none (0),RAM[0x3d52c] (dmd_work_page1),[],(random_below(4)@0x10209d8 == 1),108,"[""TO ACCESS""]",39,2,"84,20",,observed,"font by language 0-4: [[39], [35], [35], [39], [35]]"
108,S2,0x1020630,text_draw_msg,0x28ca8,0x1020510,0x1020a00>0x1020630,0x62f,DISC,,39,,2,84,30,,none (0),RAM[0x3d52c] (dmd_work_page1),[],(random_below(4)@0x10209d8 == 1),108,"[""DISC""]",39,2,"84,30",,observed,
108,S3,0x102076c,text_printf_msg,0x28d5c,0x1020698,0x1020a08>0x102076c,0x62d,%u MORE,,39,,2,84,10,,"one of {local palette sp-48: levels 0..15 -> 0, none (0)}",RAM[0x3d52c] (dmd_work_page1),"[{""order"": 1, ""conversion"": ""%u"", ""source"": ""task+0x30.u8"", ""task_field"": ""0x30"", ""meaning"": ""deff task block parameter (written by the code that started the deff)""}]",(random_below(4)@0x10209d8 == 2),94,"[""0 MORE"", ""2 MORE""]",39,2,"84,10",,observed,"font by language 0-4: [[39], [35], [35], [39], [35]]"
108,S3,0x1020794,text_draw_msg,0x28ca8,0x1020698,0x1020a08>0x1020794,0x62e,TO ACCESS,,39,,2,84,20,,none (0),RAM[0x3d52c] (dmd_work_page1),[],(random_below(4)@0x10209d8 == 2),94,"[""TO ACCESS""]",39,2,"84,20",,observed,"font by language 0-4: [[39], [35], [35], [39], [35]]"
108,S3,0x10207b8,text_draw_msg,0x28ca8,0x1020698,0x1020a08>0x10207b8,0x62f,DISC,,39,,2,84,30,,none (0),RAM[0x3d52c] (dmd_work_page1),[],(random_below(4)@0x10209d8 == 2),94,"[""DISC""]",39,2,"84,30",,observed,
108,S4,0x10208f4,text_printf_msg,0x28d5c,0x1020820,0x1020a10>0x10208f4,0x62d,%u MORE,,39,,2,84,10,,"one of {local palette sp-48: levels 0..15 -> 0, none (0)}",RAM[0x3d52c] (dmd_work_page1),"[{""order"": 1, ""conversion"": ""%u"", ""source"": ""task+0x30.u8"", ""task_field"": ""0x30"", ""meaning"": ""deff task block parameter (written by the code that started the deff)""}]",(random_below(4)@0x10209d8 == 3),55,"[""0 MORE""]",39,2,"84,10",,observed,"font by language 0-4: [[39], [35], [35], [39], [35]]"
108,S4,0x102091c,text_draw_msg,0x28ca8,0x1020820,0x1020a10>0x102091c,0x62e,TO ACCESS,,39,,2,84,20,,none (0),RAM[0x3d52c] (dmd_work_page1),[],(random_below(4)@0x10209d8 == 3),55,"[""TO ACCESS""]",39,2,"84,20",,observed,"font by language 0-4: [[39], [35], [35], [39], [35]]"
108,S4,0x1020940,text_draw_msg,0x28ca8,0x1020820,0x1020a10>0x1020940,0x62f,DISC,,39,,2,84,30,,none (0),RAM[0x3d52c] (dmd_work_page1),[],(random_below(4)@0x10209d8 == 3),55,"[""DISC""]",39,2,"84,30",,observed,
109,S1,0x1021330,text_draw_msg,0x28ca8,0x102120c,0x1021330,0x6c6,DISC,,39,,2,84,9,,local palette sp-64: identity; levels ([(loop_var@0x10212a4 << 2) + 0x40d3321].u8 + 1)..15 -> [(loop_var@0x10212a4 << 2) + 0x40d3321].u8; levels 1..15 -> 0,RAM[0x3d530] (dmd_work_page0),[],,20,"[""DISC""]",39,2,"84,9",,observed,
109,S1,0x1021358,text_draw_msg,0x28ca8,0x102120c,0x1021358,0x6c7,BATTLE,,39,,2,84,20,,local palette sp-64: identity; levels ([(loop_var@0x10212a4 << 2) + 0x40d3321].u8 + 1)..15 -> [(loop_var@0x10212a4 << 2) + 0x40d3321].u8; levels 1..15 -> 0,RAM[0x3d530] (dmd_work_page0),[],,20,"[""BATTLE""]",39,2,"84,20",,observed,
109,S1,0x1021380,text_draw_msg,0x28ca8,0x102120c,0x1021380,0x6c8,READY,,39,,2,84,31,,local palette sp-64: identity; levels ([(loop_var@0x10212a4 << 2) + 0x40d3321].u8 + 1)..15 -> [(loop_var@0x10212a4 << 2) + 0x40d3321].u8; levels 1..15 -> 0,RAM[0x3d530] (dmd_work_page0),[],,20,"[""READY""]",39,2,"84,31",,observed,
109,S1,0x1021434,text_draw_msg,0x28ca8,0x102120c,0x1021434,0x6c6,DISC,,39,,2,84,9,,"one of {local palette sp-64: identity; levels ([(loop_var@0x10212a4 << 2) + 0x40d3321].u8 + 1)..15 -> [(loop_var@0x10212a4 << 2) + 0x40d3321].u8; levels 1..15 -> 0, none (0)}",RAM[0x3d530] (dmd_work_page0),[],,62,"[""DISC""]",39,2,"84,9",,observed,
109,S1,0x1021464,text_draw_msg,0x28ca8,0x102120c,0x1021464,0x6c7,BATTLE,,39,,2,84,20,,"one of {local palette sp-64: identity; levels ([(loop_var@0x10212a4 << 2) + 0x40d3321].u8 + 1)..15 -> [(loop_var@0x10212a4 << 2) + 0x40d3321].u8; levels 1..15 -> 0, none (0)}",RAM[0x3d530] (dmd_work_page0),[],,62,"[""BATTLE""]",39,2,"84,20",,observed,
109,S1,0x1021494,text_draw_msg,0x28ca8,0x102120c,0x1021494,0x6c8,READY,,39,,2,84,31,,"one of {local palette sp-64: identity; levels ([(loop_var@0x10212a4 << 2) + 0x40d3321].u8 + 1)..15 -> [(loop_var@0x10212a4 << 2) + 0x40d3321].u8; levels 1..15 -> 0, none (0)}",RAM[0x3d530] (dmd_work_page0),[],,62,"[""READY""]",39,2,"84,31",,observed,
110,S1,0x1021650,text_draw_msg,0x28ca8,0x102160c,0x1021650,0x6c9,RECOGNIZER BATTLE!,,1,,2,84,6,,none (0),RAM[0x3d52c] (dmd_work_page1),[],,669,"[""RECOGNIZER BATTLE!""]",1,2,"84,6",,observed,
110,S1,0x1021674,text_draw_msg,0x28ca8,0x102160c,0x1021674,0x6ca,SHOOT RECOGNIZER,,1,,2,84,31,,none (0),RAM[0x3d52c] (dmd_work_page1),[],,669,"[""SHOOT RECOGNIZER""]",1,2,"84,31",,observed,
111,S1,0x1021cac,text_printf_msg,0x28d5c,0x1021bac,0x1021cac,0x56d,%d,,16,,2,84,12,,"one of {local palette sp-64: identity; levels 1..15 -> 0, none (0)}",RAM[0x3d52c] (dmd_work_page1),"[{""order"": 1, ""conversion"": ""%d"", ""source"": ""task+0x30.u8"", ""task_field"": ""0x30"", ""meaning"": ""deff task block parameter (written by the code that started the deff)""}]",,315,"[""0"", ""6"", ""5"", ""3""]",16,2,"84,12",,observed,
111,S1,0x1021cd0,text_draw_msg,0x28ca8,0x1021bac,0x1021cd0,0x56e,MORE TO START,,3,,2,84,19,,none (0),RAM[0x3d52c] (dmd_work_page1),[],,315,"[""MORE TO START""]",3,2,"84,19",,observed,
111,S1,0x1021d00,text_draw_msg_fit,0x28e48,0x1021bac,0x1021d00,0x571,DISC MULTIBALL,,,"0x40d33a8=11,5,3,7,1",2,84,29,85,none (0),RAM[0x3d52c] (dmd_work_page1),[],,315,"[""DISC MULTIBALL""]",11,2,"84,29","40d33a8:11,5,3,7,1,0:maxw=85",observed,English: fit picks font 11
112,S1,0x100cc28,text_draw_msg,0x28ca8,0x100cb50,0x100d140>0x100cc28,0x637,DOUBLE,,39,,2,84,11,,none (0),RAM[0x3d52c] (dmd_work_page1),[],(task+0x30.u8 <= 2 AND task+0x30.u8 == 1),24,"[""DOUBLE""]",39,2,"84,11",,observed,"font by language 0-4: [[39], [39], [39], [39], [39]]"
112,S1,0x100cc58,text_draw_msg,0x28ca8,0x100cb50,0x100d140>0x100cc58,0x638,SCORING,,39,,2,84,29,,none (0),RAM[0x3d52c] (dmd_work_page1),[],(task+0x30.u8 <= 2 AND task+0x30.u8 == 1),24,"[""SCORING""]",39,2,"84,29",,observed,"font by language 0-4: [[39], [39], [39], [39], [39]]"
112,S2,0x100cb0c,text_draw_msg,0x28ca8,0x100cab4,0x100d140>0x100cc78>0x100cb0c,0x639,ALL SCORES,,10,,2,84,12,,local palette sp-36: identity,RAM[0x3d52c] (dmd_work_page1),[],(task+0x30.u8 <= 2 AND task+0x30.u8 == 1),48,"[""ALL SCORES""]",10,2,"84,12",,observed,
112,S2,0x100cb3c,text_draw_msg,0x28ca8,0x100cab4,0x100d140>0x100cc78>0x100cb3c,0x63a,DOUBLED,,17,,2,84,26,,none (0),RAM[0x3d52c] (dmd_work_page1),[],(task+0x30.u8 <= 2 AND task+0x30.u8 == 1),26,"[""DOUBLED""]",17,2,"84,26",,observed,
112,S3,0x100ce44,text_draw_msg,0x28ca8,0x100cd68,0x100d148>0x100ce44,0x63b,SUPER,,39,,2,84,11,,none (0),RAM[0x3d52c] (dmd_work_page1),[],(task+0x30.u8 == 2),36,"[""SUPER""]",39,2,"84,11",,observed,"font by language 0-4: [[39], [39], [39], [39], [39]]"
112,S3,0x100ce74,text_draw_msg,0x28ca8,0x100cd68,0x100d148>0x100ce74,0x63c,POPS,,39,,2,84,29,,none (0),RAM[0x3d52c] (dmd_work_page1),[],(task+0x30.u8 == 2),36,"[""POPS""]",39,2,"84,29",,observed,"font by language 0-4: [[39], [39], [39], [39], [39]]"
112,S4,0x100cd24,text_draw_msg,0x28ca8,0x100cccc,0x100d148>0x100ce94>0x100cd24,0x63d,POPS SCORE,,10,,2,84,12,,local palette sp-36: identity,RAM[0x3d52c] (dmd_work_page1),[],(task+0x30.u8 == 2),132,"[""POPS SCORE""]",10,2,"84,12",,observed,
112,S4,0x100cd54,text_draw_msg,0x28ca8,0x100cccc,0x100d148>0x100ce94>0x100cd54,0x63e,3X,,17,,2,84,26,,none (0),RAM[0x3d52c] (dmd_work_page1),[],(task+0x30.u8 == 2),69,"[""3X""]",17,2,"84,26",,observed,
112,S5,0x100d06c,text_draw_msg,0x28ca8,0x100cf94,0x100d150>0x100d06c,0x63f,SUPER,,39,,2,84,11,,none (0),RAM[0x3d52c] (dmd_work_page1),[],(task+0x30.u8 > 2 AND task+0x30.u8 == 4),24,"[""SUPER""]",39,2,"84,11",,observed,"font by language 0-4: [[39], [39], [39], [39], [39]]"
112,S5,0x100d094,text_draw_msg,0x28ca8,0x100cf94,0x100d150>0x100d094,0x640,SPINNERS,,39,,2,84,29,,none (0),RAM[0x3d52c] (dmd_work_page1),[],(task+0x30.u8 > 2 AND task+0x30.u8 == 4),24,"[""SPINNERS""]",39,2,"84,29",,observed,"font by language 0-4: [[39], [39], [39], [39], [39]]"
112,S6,0x100cf4c,text_draw_msg,0x28ca8,0x100cee8,0x100d150>0x100d0b4>0x100cf4c,0x641,SPINNERS SCORE,,10,,2,84,12,,local palette sp-40: identity,RAM[0x3d52c] (dmd_work_page1),[],(task+0x30.u8 > 2 AND task+0x30.u8 == 4),88,"[""SPINNERS SCORE""]",10,2,"84,12",,observed,"font by language 0-4: [[10], [10], [10], [4], [6]]"
112,S6,0x100cf7c,text_draw_msg,0x28ca8,0x100cee8,0x100d150>0x100d0b4>0x100cf7c,0x642,3X,,17,,2,84,26,,none (0),RAM[0x3d52c] (dmd_work_page1),[],(task+0x30.u8 > 2 AND task+0x30.u8 == 4),46,"[""3X""]",17,2,"84,26",,observed,
113,S1,0x1026a20,text_draw_msg,0x28ca8,0x10268c4,0x1026a20,0x643,SEA OF,,36,,2,84,14,,"one of {local palette sp-64: identity; levels 1..15 -> 0, none (0)}",RAM[0x3d52c] (dmd_work_page1),[],,65,"[""SEA OF""]",36,2,"84,14",,observed,
113,S1,0x1026a50,text_draw_msg,0x28ca8,0x10268c4,0x1026a50,0x644,SIMULATION,,36,,2,84,26,,"one of {local palette sp-64: identity; levels 1..15 -> 0, none (0)}",RAM[0x3d52c] (dmd_work_page1),[],,65,"[""SIMULATION""]",36,2,"84,26",,observed,
113,S1,0x1026adc,text_draw_msg,0x28ca8,0x10268c4,0x1026adc,0x645,COMPLETE,,33,,2,84,8,,"one of {local palette sp-64: identity; levels 1..15 -> 0, none (0)}",RAM[0x3d530] (dmd_work_page0),[],,35,"[""COMPLETE""]",33,2,"84,8",,observed,
113,S1,0x1026b0c,text_draw_msg,0x28ca8,0x10268c4,0x1026b0c,0x646,ALL STAGES,,33,,2,84,15,,"one of {local palette sp-64: identity; levels 1..15 -> 0, none (0)}",RAM[0x3d530] (dmd_work_page0),[],,35,"[""ALL STAGES""]",33,2,"84,15",,observed,
113,S1,0x1026b3c,text_draw_msg,0x28ca8,0x10268c4,0x1026b3c,0x647,TO REACH,,33,,2,84,22,,"one of {local palette sp-64: identity; levels 1..15 -> 0, none (0)}",RAM[0x3d530] (dmd_work_page0),[],,35,"[""TO REACH""]",33,2,"84,22",,observed,
113,S1,0x1026b6c,text_draw_msg,0x28ca8,0x10268c4,0x1026b6c,0x648,THE PORTAL,,33,,2,84,29,,"one of {local palette sp-64: identity; levels 1..15 -> 0, none (0)}",RAM[0x3d530] (dmd_work_page0),[],,35,"[""THE PORTAL""]",33,2,"84,29",,observed,
114,S1,0x1026cd8,text_draw_msg,0x28ca8,0x1026c70,0x1026cd8,0x649,SEA OF,,33,,2,84,8,,none (0),RAM[0x3d52c] (dmd_work_page1),[],,113,"[""SEA OF""]",33,2,"84,8",,observed,
114,S1,0x1026cfc,text_draw_msg,0x28ca8,0x1026c70,0x1026cfc,0x64a,SIMULATION,,33,,2,84,14,,none (0),RAM[0x3d52c] (dmd_work_page1),[],,113,"[""SIMULATION""]",33,2,"84,14",,observed,
114,S2,0x1026d34,text_draw_msg,0x28ca8,0x1026c70,0x1026d34,,,[FUN_0102635c(RAM[0x3b628] (sos_stage))@0x1026d08 + 0x18].u16,33,,2,84,23,,none (0),RAM[0x3d52c] (dmd_work_page1),[],(FUN_0102635c(RAM[0x3b628] (sos_stage))@0x1026d08 != 0),113,"[""SHOOT""]",33,2,"84,23",,observed,
114,S2,0x1026d64,text_draw_msg,0x28ca8,0x1026c70,0x1026d64,,,([FUN_0102635c(RAM[0x3b628] (sos_stage))@0x1026d08 + 0x18].u16 + 1),33,,2,84,29,,none (0),RAM[0x3d52c] (dmd_work_page1),[],(FUN_0102635c(RAM[0x3b628] (sos_stage))@0x1026d08 != 0),113,"[""FLYNNS ARCADE""]",33,2,"84,29",,observed,
115,S1,0x10271e4,text_draw_msg,0x28ca8,0x10270a4,0x10271e4,,,(((task+0x30 << 1) + 1616) + 13),33,,2,84,8,,none (0),RAM[0x3d52c] (dmd_work_page1),[],,63,"[""FLYNN""]",33,2,"84,8",,observed,
115,S1,0x1027208,text_draw_msg,0x28ca8,0x10270a4,0x1027208,,,((((task+0x30 << 1) + 1616) + 13) + 1),33,,2,84,15,,none (0),RAM[0x3d52c] (dmd_work_page1),[],,63,"[""BONUS""]",33,2,"84,15",,observed,
115,S1,0x1027248,text_printf_msg,0x28d5c,0x10270a4,0x1027248,0x4e4,"%,02lu",,16,,2,84,28,,"one of {local palette sp-48: identity; levels 1..15 -> 0, none (0)}",RAM[0x3d52c] (dmd_work_page1),"[{""order"": 1, ""conversion"": ""%,02lu"", ""source"": ""loop_var@0x1027198""}]",,63,"[""00""]",16,2,"84,28",,observed,
116,S1,0x1027544,text_printf_msg,0x28d5c,0x1027478,0x102761c>0x1027544,0x4e4,"%,02lu",,18,,2,84,22,,"one of {local palette sp-48: identity; levels 1..15 -> 0, none (0)}",RAM[0x3d52c] (dmd_work_page1),"[{""order"": 1, ""conversion"": ""%,02lu"", ""source"": ""task+0x30"", ""task_field"": ""0x30"", ""meaning"": ""deff task block parameter (written by the code that started the deff)""}]",(task+0x34.u8 != 0 AND [(random_below(1)@0x1027484 << 3) + 0x40d3990] <=u [(random_below(1)@0x1027484 << 3) + 0x40d3994] AND ([(random_below(1)@0x1027484 << 3) + 0x40d3990] + 1) <=u [(random_below(1)@0x1027484 << 3) + 0x40d3994]),43,"[""1,234,560""]",18,2,"84,22",,observed,
116,S2,0x1027440,text_printf_msg,0x28d5c,0x1027374,0x1027624>0x1027440,0x4e4,"%,02lu",,18,,2,84,22,,"one of {local palette sp-48: identity; levels 1..15 -> 0, none (0)}",RAM[0x3d52c] (dmd_work_page1),"[{""order"": 1, ""conversion"": ""%,02lu"", ""source"": ""task+0x30"", ""task_field"": ""0x30"", ""meaning"": ""deff task block parameter (written by the code that started the deff)""}]",(task+0x34.u8 == 0 AND [(random_below(2)@0x1027380 << 3) + 0x40d3980] <=u [(random_below(2)@0x1027380 << 3) + 0x40d3984]),103,"[""00""]",18,2,"84,22",,observed,
117,S1,0x1027544,text_printf_msg,0x28d5c,0x1027478,0x1027744>0x1027544,0x4e4,"%,02lu",,18,,2,84,22,,"one of {local palette sp-48: identity; levels 1..15 -> 0; identity; levels 1..15 -> 0, none (0)}",RAM[0x3d52c] (dmd_work_page1),"[{""order"": 1, ""conversion"": ""%,02lu"", ""source"": ""task+0x30"", ""task_field"": ""0x30"", ""meaning"": ""deff task block parameter (written by the code that started the deff)""}]",(task+0x34.u8 != 0 AND [(random_below(1)@0x1027484 << 3) + 0x40d3990] <=u [(random_below(1)@0x1027484 << 3) + 0x40d3994] AND ([(random_below(1)@0x1027484 << 3) + 0x40d3990] + 1) <=u [(random_below(1)@0x1027484 << 3) + 0x40d3994]),0,,,,,,code,
117,S2,0x1027440,text_printf_msg,0x28d5c,0x1027374,0x102774c>0x1027440,0x4e4,"%,02lu",,18,,2,84,22,,"one of {local palette sp-48: identity; levels 1..15 -> 0; identity; levels 1..15 -> 0, none (0)}",RAM[0x3d52c] (dmd_work_page1),"[{""order"": 1, ""conversion"": ""%,02lu"", ""source"": ""task+0x30"", ""task_field"": ""0x30"", ""meaning"": ""deff task block parameter (written by the code that started the deff)""}]",(task+0x34.u8 == 0 AND [(random_below(2)@0x1027380 << 3) + 0x40d3980] <=u [(random_below(2)@0x1027380 << 3) + 0x40d3984]),29,"[""00""]",18,2,"84,22",,observed,
118,S1,0x1027544,text_printf_msg,0x28d5c,0x1027478,0x1027868>0x1027544,0x4e4,"%,02lu",,18,,2,84,22,,"one of {local palette sp-48: identity; levels 1..15 -> 0; identity; levels 1..15 -> 0; identity; levels 1..15 -> 0, none (0)}",RAM[0x3d52c] (dmd_work_page1),"[{""order"": 1, ""conversion"": ""%,02lu"", ""source"": ""task+0x30"", ""task_field"": ""0x30"", ""meaning"": ""deff task block parameter (written by the code that started the deff)""}]",(task+0x34.u8 != 0 AND [(random_below(1)@0x1027484 << 3) + 0x40d3990] <=u [(random_below(1)@0x1027484 << 3) + 0x40d3994] AND ([(random_below(1)@0x1027484 << 3) + 0x40d3990] + 1) <=u [(random_below(1)@0x1027484 << 3) + 0x40d3994]),0,,,,,,code,
118,S2,0x1027440,text_printf_msg,0x28d5c,0x1027374,0x1027870>0x1027440,0x4e4,"%,02lu",,18,,2,84,22,,"one of {local palette sp-48: identity; levels 1..15 -> 0; identity; levels 1..15 -> 0; identity; levels 1..15 -> 0, none (0)}",RAM[0x3d52c] (dmd_work_page1),"[{""order"": 1, ""conversion"": ""%,02lu"", ""source"": ""task+0x30"", ""task_field"": ""0x30"", ""meaning"": ""deff task block parameter (written by the code that started the deff)""}]",(task+0x34.u8 == 0 AND [(random_below(2)@0x1027380 << 3) + 0x40d3980] <=u [(random_below(2)@0x1027380 << 3) + 0x40d3984]),29,"[""00""]",18,2,"84,22",,observed,
119,S1,0x1027544,text_printf_msg,0x28d5c,0x1027478,0x1027aac>0x1027544,0x4e4,"%,02lu",,18,,2,84,22,,"one of {local palette sp-48: identity; levels 1..15 -> 0; identity; levels 1..15 -> 0; identity; levels 1..15 -> 0; identity; levels 1..15 -> 0, none (0)}",RAM[0x3d52c] (dmd_work_page1),"[{""order"": 1, ""conversion"": ""%,02lu"", ""source"": ""task+0x30"", ""task_field"": ""0x30"", ""meaning"": ""deff task block parameter (written by the code that started the deff)""}]",(task+0x34.u8 != 0 AND [(random_below(1)@0x1027484 << 3) + 0x40d3990] <=u [(random_below(1)@0x1027484 << 3) + 0x40d3994] AND ([(random_below(1)@0x1027484 << 3) + 0x40d3990] + 1) <=u [(random_below(1)@0x1027484 << 3) + 0x40d3994]),0,,,,,,code,
119,S2,0x1027440,text_printf_msg,0x28d5c,0x1027374,0x1027ab4>0x1027440,0x4e4,"%,02lu",,18,,2,84,22,,"one of {local palette sp-48: identity; levels 1..15 -> 0; identity; levels 1..15 -> 0; identity; levels 1..15 -> 0; identity; levels 1..15 -> 0, none (0)}",RAM[0x3d52c] (dmd_work_page1),"[{""order"": 1, ""conversion"": ""%,02lu"", ""source"": ""task+0x30"", ""task_field"": ""0x30"", ""meaning"": ""deff task block parameter (written by the code that started the deff)""}]",(task+0x34.u8 == 0 AND [(random_below(2)@0x1027380 << 3) + 0x40d3980] <=u [(random_below(2)@0x1027380 << 3) + 0x40d3984]),37,"[""00""]",18,2,"84,22",,observed,
120,S1,0x1027544,text_printf_msg,0x28d5c,0x1027478,0x1027bd0>0x1027544,0x4e4,"%,02lu",,18,,2,84,22,,"one of {local palette sp-48: identity; levels 1..15 -> 0; identity; levels 1..15 -> 0; identity; levels 1..15 -> 0; identity; levels 1..15 -> 0; identity; levels 1..15 -> 0, none (0)}",RAM[0x3d52c] (dmd_work_page1),"[{""order"": 1, ""conversion"": ""%,02lu"", ""source"": ""task+0x30"", ""task_field"": ""0x30"", ""meaning"": ""deff task block parameter (written by the code that started the deff)""}]",(task+0x34.u8 != 0 AND [(random_below(1)@0x1027484 << 3) + 0x40d3990] <=u [(random_below(1)@0x1027484 << 3) + 0x40d3994] AND ([(random_below(1)@0x1027484 << 3) + 0x40d3990] + 1) <=u [(random_below(1)@0x1027484 << 3) + 0x40d3994]),0,,,,,,code,
120,S2,0x1027440,text_printf_msg,0x28d5c,0x1027374,0x1027bd8>0x1027440,0x4e4,"%,02lu",,18,,2,84,22,,"one of {local palette sp-48: identity; levels 1..15 -> 0; identity; levels 1..15 -> 0; identity; levels 1..15 -> 0; identity; levels 1..15 -> 0; identity; levels 1..15 -> 0, none (0)}",RAM[0x3d52c] (dmd_work_page1),"[{""order"": 1, ""conversion"": ""%,02lu"", ""source"": ""task+0x30"", ""task_field"": ""0x30"", ""meaning"": ""deff task block parameter (written by the code that started the deff)""}]",(task+0x34.u8 == 0 AND [(random_below(2)@0x1027380 << 3) + 0x40d3980] <=u [(random_below(2)@0x1027380 << 3) + 0x40d3984]),37,"[""00""]",18,2,"84,22",,observed,
121,S1,0x1027544,text_printf_msg,0x28d5c,0x1027478,0x1027cf4>0x1027544,0x4e4,"%,02lu",,18,,2,84,22,,"one of {local palette sp-48: identity; levels 1..15 -> 0; identity; levels 1..15 -> 0; identity; levels 1..15 -> 0; identity; levels 1..15 -> 0; identity; levels 1..15 -> 0; identity; levels 1..15 -> 0, none (0)}",RAM[0x3d52c] (dmd_work_page1),"[{""order"": 1, ""conversion"": ""%,02lu"", ""source"": ""task+0x30"", ""task_field"": ""0x30"", ""meaning"": ""deff task block parameter (written by the code that started the deff)""}]",(task+0x34.u8 != 0 AND [(random_below(1)@0x1027484 << 3) + 0x40d3990] <=u [(random_below(1)@0x1027484 << 3) + 0x40d3994] AND ([(random_below(1)@0x1027484 << 3) + 0x40d3990] + 1) <=u [(random_below(1)@0x1027484 << 3) + 0x40d3994]),0,,,,,,code,
121,S2,0x1027440,text_printf_msg,0x28d5c,0x1027374,0x1027cfc>0x1027440,0x4e4,"%,02lu",,18,,2,84,22,,"one of {local palette sp-48: identity; levels 1..15 -> 0; identity; levels 1..15 -> 0; identity; levels 1..15 -> 0; identity; levels 1..15 -> 0; identity; levels 1..15 -> 0; identity; levels 1..15 -> 0, none (0)}",RAM[0x3d52c] (dmd_work_page1),"[{""order"": 1, ""conversion"": ""%,02lu"", ""source"": ""task+0x30"", ""task_field"": ""0x30"", ""meaning"": ""deff task block parameter (written by the code that started the deff)""}]",(task+0x34.u8 == 0 AND [(random_below(2)@0x1027380 << 3) + 0x40d3980] <=u [(random_below(2)@0x1027380 << 3) + 0x40d3984]),37,"[""00""]",18,2,"84,22",,observed,
122,S1,0x1027544,text_printf_msg,0x28d5c,0x1027478,0x1027e18>0x1027544,0x4e4,"%,02lu",,18,,2,84,22,,"one of {local palette sp-48: identity; levels 1..15 -> 0; identity; levels 1..15 -> 0; identity; levels 1..15 -> 0; identity; levels 1..15 -> 0; identity; levels 1..15 -> 0; identity; levels 1..15 -> 0; identity; levels 1..15 -> 0, none (0)}",RAM[0x3d52c] (dmd_work_page1),"[{""order"": 1, ""conversion"": ""%,02lu"", ""source"": ""task+0x30"", ""task_field"": ""0x30"", ""meaning"": ""deff task block parameter (written by the code that started the deff)""}]",(task+0x34.u8 != 0 AND [(random_below(1)@0x1027484 << 3) + 0x40d3990] <=u [(random_below(1)@0x1027484 << 3) + 0x40d3994] AND ([(random_below(1)@0x1027484 << 3) + 0x40d3990] + 1) <=u [(random_below(1)@0x1027484 << 3) + 0x40d3994]),0,,,,,,code,
122,S2,0x1027440,text_printf_msg,0x28d5c,0x1027374,0x1027e20>0x1027440,0x4e4,"%,02lu",,18,,2,84,22,,"one of {local palette sp-48: identity; levels 1..15 -> 0; identity; levels 1..15 -> 0; identity; levels 1..15 -> 0; identity; levels 1..15 -> 0; identity; levels 1..15 -> 0; identity; levels 1..15 -> 0; identity; levels 1..15 -> 0, none (0)}",RAM[0x3d52c] (dmd_work_page1),"[{""order"": 1, ""conversion"": ""%,02lu"", ""source"": ""task+0x30"", ""task_field"": ""0x30"", ""meaning"": ""deff task block parameter (written by the code that started the deff)""}]",(task+0x34.u8 == 0 AND [(random_below(2)@0x1027380 << 3) + 0x40d3980] <=u [(random_below(2)@0x1027380 << 3) + 0x40d3984]),29,"[""00""]",18,2,"84,22",,observed,
123,S1,0x1027544,text_printf_msg,0x28d5c,0x1027478,0x1027f3c>0x1027544,0x4e4,"%,02lu",,18,,2,84,22,,"one of {local palette sp-48: identity; levels 1..15 -> 0; identity; levels 1..15 -> 0; identity; levels 1..15 -> 0; identity; levels 1..15 -> 0; identity; levels 1..15 -> 0; identity; levels 1..15 -> 0; identity; levels 1..15 -> 0; identity; levels 1..15 -> 0, none (0)}",RAM[0x3d52c] (dmd_work_page1),"[{""order"": 1, ""conversion"": ""%,02lu"", ""source"": ""task+0x30"", ""task_field"": ""0x30"", ""meaning"": ""deff task block parameter (written by the code that started the deff)""}]",(task+0x34.u8 != 0 AND [(random_below(1)@0x1027484 << 3) + 0x40d3990] <=u [(random_below(1)@0x1027484 << 3) + 0x40d3994] AND ([(random_below(1)@0x1027484 << 3) + 0x40d3990] + 1) <=u [(random_below(1)@0x1027484 << 3) + 0x40d3994]),0,,,,,,code,
123,S2,0x1027440,text_printf_msg,0x28d5c,0x1027374,0x1027f44>0x1027440,0x4e4,"%,02lu",,18,,2,84,22,,"one of {local palette sp-48: identity; levels 1..15 -> 0; identity; levels 1..15 -> 0; identity; levels 1..15 -> 0; identity; levels 1..15 -> 0; identity; levels 1..15 -> 0; identity; levels 1..15 -> 0; identity; levels 1..15 -> 0; identity; levels 1..15 -> 0, none (0)}",RAM[0x3d52c] (dmd_work_page1),"[{""order"": 1, ""conversion"": ""%,02lu"", ""source"": ""task+0x30"", ""task_field"": ""0x30"", ""meaning"": ""deff task block parameter (written by the code that started the deff)""}]",(task+0x34.u8 == 0 AND [(random_below(2)@0x1027380 << 3) + 0x40d3980] <=u [(random_below(2)@0x1027380 << 3) + 0x40d3984]),29,"[""00""]",18,2,"84,22",,observed,
124,S1,0x1027544,text_printf_msg,0x28d5c,0x1027478,0x1028064>0x1027544,0x4e4,"%,02lu",,18,,2,84,22,,"one of {local palette sp-48: identity; levels 1..15 -> 0; identity; levels 1..15 -> 0; identity; levels 1..15 -> 0; identity; levels 1..15 -> 0; identity; levels 1..15 -> 0; identity; levels 1..15 -> 0; identity; levels 1..15 -> 0; identity; levels 1..15 -> 0; identity; levels 1..15 -> 0, none (0)}",RAM[0x3d52c] (dmd_work_page1),"[{""order"": 1, ""conversion"": ""%,02lu"", ""source"": ""task+0x30"", ""task_field"": ""0x30"", ""meaning"": ""deff task block parameter (written by the code that started the deff)""}]",(task+0x34.u8 != 0 AND [(random_below(1)@0x1027484 << 3) + 0x40d3990] <=u [(random_below(1)@0x1027484 << 3) + 0x40d3994] AND ([(random_below(1)@0x1027484 << 3) + 0x40d3990] + 1) <=u [(random_below(1)@0x1027484 << 3) + 0x40d3994]),0,,,,,,code,
124,S2,0x1027440,text_printf_msg,0x28d5c,0x1027374,0x102806c>0x1027440,0x4e4,"%,02lu",,18,,2,84,22,,"one of {local palette sp-48: identity; levels 1..15 -> 0; identity; levels 1..15 -> 0; identity; levels 1..15 -> 0; identity; levels 1..15 -> 0; identity; levels 1..15 -> 0; identity; levels 1..15 -> 0; identity; levels 1..15 -> 0; identity; levels 1..15 -> 0; identity; levels 1..15 -> 0, none (0)}",RAM[0x3d52c] (dmd_work_page1),"[{""order"": 1, ""conversion"": ""%,02lu"", ""source"": ""task+0x30"", ""task_field"": ""0x30"", ""meaning"": ""deff task block parameter (written by the code that started the deff)""}]",(task+0x34.u8 == 0 AND [(random_below(2)@0x1027380 << 3) + 0x40d3980] <=u [(random_below(2)@0x1027380 << 3) + 0x40d3984]),37,"[""00""]",18,2,"84,22",,observed,
125,S1,0x1028258,text_draw_msg,0x28ca8,0x1028140,0x1028258,0x678,SEA OF,,33,,2,84,8,,none (0),RAM[0x3d52c] (dmd_work_page1),[],,41,"[""SEA OF""]",33,2,"84,8",,observed,
125,S1,0x102827c,text_draw_msg,0x28ca8,0x1028140,0x102827c,0x679,SIMULATION,,33,,2,84,14,,none (0),RAM[0x3d52c] (dmd_work_page1),[],,41,"[""SIMULATION""]",33,2,"84,14",,observed,
125,S1,0x10282a0,text_draw_msg,0x28ca8,0x1028140,0x10282a0,0x67a,COMPLETED,,33,,2,84,20,,none (0),RAM[0x3d52c] (dmd_work_page1),[],,41,"[""COMPLETED""]",33,2,"84,20",,observed,
125,S1,0x10282e8,text_printf_msg,0x28d5c,0x1028140,0x10282e8,0x4e4,"%,02lu",,36,,2,84,29,,"one of {local palette sp-48: identity; levels 1..15 -> 0, none (0)}",RAM[0x3d52c] (dmd_work_page1),"[{""order"": 1, ""conversion"": ""%,02lu"", ""source"": ""task+0x30"", ""task_field"": ""0x30"", ""meaning"": ""deff task block parameter (written by the code that started the deff)""}]",,41,"[""00""]",36,2,"84,29",,observed,
126,S1,0x1028494,text_draw_msg,0x28ca8,0x10283cc,0x1028494,0x67b,SEA OF,,33,,2,81,8,,none (0),RAM[0x3d52c] (dmd_work_page1),[],,81,"[""SEA OF""]",33,2,"81,8",,observed,
126,S1,0x10284b8,text_draw_msg,0x28ca8,0x10283cc,0x10284b8,0x67c,SIMULATION,,33,,2,81,14,,none (0),RAM[0x3d52c] (dmd_work_page1),[],,81,"[""SIMULATION""]",33,2,"81,14",,observed,
126,S1,0x10284dc,text_draw_msg,0x28ca8,0x10283cc,0x10284dc,0x67d,TOTAL:,,33,,2,81,20,,none (0),RAM[0x3d52c] (dmd_work_page1),[],,81,"[""TOTAL:""]",33,2,"81,20",,observed,
126,S1,0x102851c,text_printf_msg,0x28d5c,0x10283cc,0x102851c,0x4e4,"%,02lu",,36,,2,81,29,,"one of {local palette sp-48: identity; levels 1..15 -> 0, none (0)}",RAM[0x3d52c] (dmd_work_page1),"[{""order"": 1, ""conversion"": ""%,02lu"", ""source"": ""RAM[0x3b624] (sos_total)"", ""ram_addr"": ""0x3b624"", ""name"": ""sos_total"", ""meaning"": ""points earned in SOS incl. 1M start""}]",,81,"[""00""]",36,2,"81,29",,observed,
127,S1,0x1010c1c,text_printf_msg,0x28d5c,0x1010b90,0x1010c1c,0x686,%u,,5,,1,0,31,,none (0),RAM[0x3d530] (dmd_work_page0),"[{""order"": 1, ""conversion"": ""%u"", ""source"": ""one of {((task+0x30.u16 - 1) + task+0x3c.u8), (((task+0x30.u16 - 1) + task+0x3c.u8) + task+0x3c.u8), (one of {((task+0x30.u16 - 1) + task+0x3c.u8), (((task+0x30.u16 - 1) + task+0x3c.u8) + task+0x3c.u8)} + task+0x3c.u8), (one of {((task+0x30.u16 - 1) + task+0x3c.u8), (((task+0x30.u16 - 1) + task+0x3c.u8) + task+0x3c.u8), (one of {((... - ...) + task+0x3c.u8), ((... + ...) + task+0x3c.u8)} + task+0x3c.u8)} + task+0x3c.u8), ?deep}""}]",((task+0x30.u16 - 1) <=u (task+0x34.u16 - 1)),678,"[""4294967295""]",5,1,"0,31",,observed,
130,S1,0x1011eac,text_draw_msg,0x28ca8,0x1011e64,0x1011eac,0x1c2,GAME OVER,,12,,2,84,21,,none (0),RAM[0x3d530] (dmd_work_page0),[],,4,"[""GAME OVER""]",12,2,"84,21",,observed,
130,S1,0x1011ef4,text_printf_msg,0x28d5c,0x1011e64,0x1011ef4,0x62d,%u MORE,,39,,2,84,10,,none (0),RAM[0x3d530] (dmd_work_page0),"[{""order"": 1, ""conversion"": ""%u"", ""source"": ""1"", ""constant"": 1}]",,4,"[""1 MORE""]",39,2,"84,10",,observed,
130,S1,0x1011f18,text_draw_msg,0x28ca8,0x1011e64,0x1011f18,0x62e,TO ACCESS,,39,,2,84,20,,none (0),RAM[0x3d530] (dmd_work_page0),[],,4,"[""TO ACCESS""]",39,2,"84,20",,observed,
130,S1,0x1011f3c,text_draw_msg,0x28ca8,0x1011e64,0x1011f3c,0x62f,DISC,,39,,2,84,30,,none (0),RAM[0x3d530] (dmd_work_page0),[],,4,"[""DISC""]",39,2,"84,30",,observed,
132,S1,0x1012310,text_draw_msg,0x28ca8,0x1012284,0x1012310,0x682,EXTRA BALL,,14,,2,84,14,,none (0),RAM[0x3d52c] (dmd_work_page1),[],,93,"[""EXTRA BALL""]",14,2,"84,14",,observed,
132,S1,0x1012334,text_draw_msg,0x28ca8,0x1012284,0x1012334,0x683,IS LIT,,14,,2,84,26,,none (0),RAM[0x3d52c] (dmd_work_page1),[],,93,"[""IS LIT""]",14,2,"84,26",,observed,
133,S1,0x101243c,text_draw_msg,0x28ca8,0x101237c,0x101243c,0x684,EXTRA,,13,,4,127,10,,none (0),RAM[0x3d52c] (dmd_work_page1),[],(task+0x30 == 2),60,"[""EXTRA""]",13,4,"127,10",,observed,
133,S1,0x1012460,text_draw_msg,0x28ca8,0x101237c,0x1012460,0x685,BALL,,13,,4,127,20,,none (0),RAM[0x3d52c] (dmd_work_page1),[],(task+0x30 == 2),60,"[""BALL""]",13,4,"127,20",,observed,
133,S1,0x1012494,text_printf_msg,0x28d5c,0x101237c,0x1012494,0x4e4,"%,02lu",,13,,4,127,30,,none (0),RAM[0x3d52c] (dmd_work_page1),"[{""order"": 1, ""conversion"": ""%,02lu"", ""source"": ""task+0x34"", ""task_field"": ""0x34"", ""meaning"": ""deff task block parameter (written by the code that started the deff)""}]",(task+0x30 == 2),60,"[""00""]",13,4,"127,30",,observed,
133,S2,0x10124c8,text_draw_msg,0x28ca8,0x101237c,0x10124c8,0x684,EXTRA,,13,,4,127,14,,none (0),RAM[0x3d52c] (dmd_work_page1),[],(task+0x30 != 2),120,"[""EXTRA""]",13,4,"127,14",,observed,
133,S2,0x10124ec,text_draw_msg,0x28ca8,0x101237c,0x10124ec,0x685,BALL,,13,,4,127,26,,none (0),RAM[0x3d52c] (dmd_work_page1),[],(task+0x30 != 2),120,"[""BALL""]",13,4,"127,26",,observed,
134,S1,0x101c9a4,text_draw_msg_fit,0x28e48,0x101c934,0x101c9a4,0x687,LEFT RAMP MADE,,,"0x40d31d4=10,4,6",2,84,9,85,none (0),RAM[0x3d52c] (dmd_work_page1),[],,20,"[""LEFT RAMP MADE""]",10,2,"84,9","40d31d4:10,4,6,0:maxw=85",observed,English: fit picks font 10
134,S1,0x101c9cc,text_draw_msg_fit,0x28e48,0x101c934,0x101c9cc,0x688,SHOOT LEFT ORBIT,,,"0x40d31d4=10,4,6",2,84,19,85,none (0),RAM[0x3d52c] (dmd_work_page1),[],,20,"[""SHOOT LEFT ORBIT""]",6,2,"84,19","40d31d4:10,4,6,0:maxw=85",observed,English: fit picks font 6
134,S1,0x101c9f4,text_draw_msg_fit,0x28e48,0x101c934,0x101c9f4,0x689,FOR BIG BUMPS,,,"0x40d31d4=10,4,6",2,84,29,85,none (0),RAM[0x3d52c] (dmd_work_page1),[],,20,"[""FOR BIG BUMPS""]",10,2,"84,29","40d31d4:10,4,6,0:maxw=85",observed,English: fit picks font 10
135,S1,0x101cab4,text_printf_msg,0x28d5c,0x101ca38,0x101cab4,0x68a,%d BIG BUMP%P1//S/%,,10,,2,84,9,,none (0),RAM[0x3d52c] (dmd_work_page1),"[{""order"": 1, ""conversion"": ""%d"", ""source"": ""task+0x30.u16"", ""task_field"": ""0x30"", ""meaning"": ""deff task block parameter (written by the code that started the deff)""}, {""order"": 2, ""conversion"": ""%P1//S/%"", ""source"": ""task+0x30.u16"", ""task_field"": ""0x30"", ""meaning"": ""deff task block parameter (written by the code that started the deff)""}]",,7,"[""0 BIG BUMPS""]",10,2,"84,9",,observed,
135,S1,0x101caec,text_printf_msg,0x28d5c,0x101ca38,0x101caec,0x4e4,"%,02lu",,22,,2,84,31,,none (0),RAM[0x3d52c] (dmd_work_page1),"[{""order"": 1, ""conversion"": ""%,02lu"", ""source"": ""task+0x34"", ""task_field"": ""0x34"", ""meaning"": ""deff task block parameter (written by the code that started the deff)""}]",,7,"[""00""]",22,2,"84,31",,observed,
136,S1,0x100d92c,text_draw_msg,0x28ca8,0x100d890,0x100d92c,0x699,SHOOT,,33,,4,127,6,,none (0),RAM[0x3d52c] (dmd_work_page1),[],,87,"[""SHOOT""]",33,4,"127,6",,observed,
136,S1,0x100d950,text_draw_msg,0x28ca8,0x100d890,0x100d950,0x69a,ROVING,,33,,4,127,12,,none (0),RAM[0x3d52c] (dmd_work_page1),[],,87,"[""ROVING""]",33,4,"127,12",,observed,
136,S1,0x100d974,text_draw_msg,0x28ca8,0x100d890,0x100d974,0x69b,RED ARROW,,33,,4,127,18,,none (0),RAM[0x3d52c] (dmd_work_page1),[],,87,"[""RED ARROW""]",33,4,"127,18",,observed,
136,S1,0x100d998,text_draw_msg,0x28ca8,0x100d890,0x100d998,0x69c,TO,,33,,4,127,24,,none (0),RAM[0x3d52c] (dmd_work_page1),[],,87,"[""TO""]",33,4,"127,24",,observed,
136,S1,0x100d9bc,text_draw_msg,0x28ca8,0x100d890,0x100d9bc,0x69d,FIND FLYNN,,33,,4,127,30,,none (0),RAM[0x3d52c] (dmd_work_page1),[],,87,"[""FIND FLYNN""]",33,4,"127,30",,observed,
137,S1,0x100db90,text_draw_msg,0x28ca8,0x100daec,0x100db90,0x69e,FLYNN,,33,,4,127,10,,none (0),RAM[0x3d52c] (dmd_work_page1),[],,31,"[""FLYNN""]",33,4,"127,10",,observed,
137,S1,0x100dbb4,text_draw_msg,0x28ca8,0x100daec,0x100dbb4,0x69f,FOUND,,33,,4,127,17,,none (0),RAM[0x3d52c] (dmd_work_page1),[],,31,"[""FOUND""]",33,4,"127,17",,observed,
137,S1,0x100dbf8,text_printf_msg,0x28d5c,0x100daec,0x100dbf8,0x4e4,"%,02lu",,36,,4,127,27,,loop_var@0x100dbc0,RAM[0x3d52c] (dmd_work_page1),"[{""order"": 1, ""conversion"": ""%,02lu"", ""source"": ""task+0x30"", ""task_field"": ""0x30"", ""meaning"": ""deff task block parameter (written by the code that started the deff)""}]",,16,"[""00""]",36,4,"127,27",,observed,
138,S1,0x1003cfc,text_printf_msg,0x28d5c,0x1003c30,0x1003cfc,0x6a0,%u,,43|42,,4,83,19,,none (0),RAM[0x3d52c] (dmd_work_page1),"[{""order"": 1, ""conversion"": ""%u"", ""source"": ""task+0x38.u16"", ""task_field"": ""0x38"", ""meaning"": ""deff task block parameter (written by the code that started the deff)""}]",,306,"[""2"", ""0""]",42|43,4,"83,19",,observed,
138,S1,0x1003d24,text_draw_msg,0x28ca8,0x1003c30,0x1003d24,0x6a1,WAY,,33,,1,85,6,,none (0),RAM[0x3d52c] (dmd_work_page1),[],,306,"[""WAY""]",33,1,"85,6",,observed,
138,S1,0x1003d4c,text_draw_msg,0x28ca8,0x1003c30,0x1003d4c,0x6a2,COMBO,,33,,1,85,12,,none (0),RAM[0x3d52c] (dmd_work_page1),[],,306,"[""COMBO""]",33,1,"85,12",,observed,
138,S1,0x1003d80,text_printf_msg,0x28d5c,0x1003c30,0x1003d80,0x4e4,"%,02lu",,33,,1,85,18,,none (0),RAM[0x3d52c] (dmd_work_page1),"[{""order"": 1, ""conversion"": ""%,02lu"", ""source"": ""task+0x30"", ""task_field"": ""0x30"", ""meaning"": ""deff task block parameter (written by the code that started the deff)""}]",,306,"[""250,000"", ""00""]",33,1,"85,18",,observed,
138,S2,0x1003db0,text_draw_msg,0x28ca8,0x1003c30,0x1003db0,,,[task+0x34 + 0x8].u16,0,,2,84,24,,none (0),RAM[0x3d52c] (dmd_work_page1),[],(task+0x34 != 0),142,"[""INVALID"", ""SIREN COMBO"", ""CASTOR COMBO"", ""JARVIS COMBO""]",0,2,"84,24",,observed,
138,S1,0x1003dfc,text_printf_msg,0x28d5c,0x1003c30,0x1003dfc,0x6a3,"JACKPOT=%,02lu",,0,,2,84,30,,none (0),RAM[0x3d52c] (dmd_work_page1),"[{""order"": 1, ""conversion"": ""%,02lu"", ""source"": ""ROM[0x2111608 + (((current_player()@0x1003db4 & 255) - 1) << 2)]""}]",,306,"[""JACKPOT=850,000"", ""JACKPOT=500,000"", ""JACKPOT=1,000,000""]",0,2,"84,30",,observed,
139,S1,0x1003f64,text_draw_msg,0x28ca8,0x1003eb0,0x1003f64,0x6b0,END OF LINE,,33,,2,84,11,,none (0),RAM[0x3d52c] (dmd_work_page1),[],,31,"[""END OF LINE""]",33,2,"84,11",,observed,
139,S1,0x1003f8c,text_draw_msg,0x28ca8,0x1003eb0,0x1003f8c,0x6b1,JACKPOT,,33,,2,84,17,,none (0),RAM[0x3d52c] (dmd_work_page1),[],,31,"[""JACKPOT""]",33,2,"84,17",,observed,
139,S1,0x1003fd0,text_printf_msg,0x28d5c,0x1003eb0,0x1003fd0,0x4e4,"%,02lu",,36,,2,84,27,,"one of {local palette sp-48: identity; levels 1..15 -> 0, none (0)}",RAM[0x3d52c] (dmd_work_page1),"[{""order"": 1, ""conversion"": ""%,02lu"", ""source"": ""task+0x30"", ""task_field"": ""0x30"", ""meaning"": ""deff task block parameter (written by the code that started the deff)""}]",,31,"[""00""]",36,2,"84,27",,observed,
140,S1,0x102fbe0,text_printf_msg,0x28d5c,0x102faec,0x102fbe0,0x4e4,"%,02lu",,13,,2,84,13,,none (0),RAM[0x3d52c] (dmd_work_page1),"[{""order"": 1, ""conversion"": ""%,02lu"", ""source"": ""task+0x34"", ""task_field"": ""0x34"", ""meaning"": ""deff task block parameter (written by the code that started the deff)""}]",(task+0x34 != 0),67,"[""01""]",13,2,"84,13",,observed,
140,S1,0x102fc08,text_draw_msg,0x28ca8,0x102faec,0x102fc08,0x6b9,SEA OF SIMULATION,,1,,2,84,21,,none (0),RAM[0x3d52c] (dmd_work_page1),[],(task+0x34 != 0),67,"[""SEA OF SIMULATION""]",1,2,"84,21",,observed,
140,S1,0x102fc30,text_draw_msg,0x28ca8,0x102faec,0x102fc30,0x6ba,BONUS,,1,,2,84,27,,none (0),RAM[0x3d52c] (dmd_work_page1),[],(task+0x34 != 0),67,"[""BONUS""]",1,2,"84,27",,observed,
140,S2,0x102fcc0,text_draw_msg,0x28ca8,0x102faec,0x102fcc0,0x6b4,PORTAL,,39,,2,84,14,,"one of {local palette sp-64: identity; levels 1..15 -> 0, none (0)}",RAM[0x3d52c] (dmd_work_page1),[],,42,"[""PORTAL""]",39,2,"84,14",,observed,
140,S2,0x102fcf0,text_draw_msg,0x28ca8,0x102faec,0x102fcf0,0x6b5,MULTIBALL,,39,,2,84,26,,"one of {local palette sp-64: identity; levels 1..15 -> 0, none (0)}",RAM[0x3d52c] (dmd_work_page1),[],,42,"[""MULTIBALL""]",39,2,"84,26",,observed,
140,S2,0x102fd84,text_draw_msg,0x28ca8,0x102faec,0x102fd84,0x6b6,COMPLETE ALL SHOTS,,1,,2,84,10,,"one of {local palette sp-64: identity; levels 1..15 -> 0, none (0)}",RAM[0x3d530] (dmd_work_page0),[],,70,"[""COMPLETE ALL SHOTS""]",1,2,"84,10",,observed,
140,S2,0x102fdb4,text_draw_msg,0x28ca8,0x102faec,0x102fdb4,0x6b7,FOR,,1,,2,84,17,,"one of {local palette sp-64: identity; levels 1..15 -> 0, none (0)}",RAM[0x3d530] (dmd_work_page0),[],,70,"[""FOR""]",1,2,"84,17",,observed,
140,S2,0x102fde4,text_draw_msg,0x28ca8,0x102faec,0x102fde4,0x6b8,SUPER JACKPOT,,11,,2,84,27,,"one of {local palette sp-64: identity; levels 1..15 -> 0, none (0)}",RAM[0x3d530] (dmd_work_page0),[],,70,"[""SUPER JACKPOT""]",11,2,"84,27",,observed,
141,S1,0x102fff4,text_draw_msg,0x28ca8,0x102ffa0,0x102fff4,0x6bb,PORTAL MULTIBALL,,0,,2,84,7,,none (0),RAM[0x3d530] (dmd_work_page0),[],,172,"[""PORTAL MULTIBALL""]",0,2,"84,7",,observed,
141,S2,0x103004c,text_printf_msg,0x28d5c,0x102ffa0,0x103004c,0x6bc,"NEXT SHOT=%,02lu",,0,,2,84,22,,none (0),RAM[0x3d530] (dmd_work_page0),"[{""order"": 1, ""conversion"": ""%,02lu"", ""source"": ""portal_mb_award_value()@0x1030020"", ""function"": ""0x102f5f4"", ""name"": ""portal_mb_award_value""}]",(RAM[0x3b878] (pm_phase) == 0),172,"[""NEXT SHOT=500,000""]",0,2,"84,22",,observed,
141,S3,0x1030098,text_draw_msg,0x28ca8,0x102ffa0,0x1030098,0x6be,SUPER JACKPOT LIT,,0,,2,84,16,,none (0),RAM[0x3d530] (dmd_work_page0),[],(RAM[0x3b878] (pm_phase) == 1),0,,,,,,code,
141,S3,0x10300c0,text_draw_msg,0x28ca8,0x102ffa0,0x10300c0,0x6bf,SHOOT DISC,,0,,2,84,22,,none (0),RAM[0x3d530] (dmd_work_page0),[],(RAM[0x3b878] (pm_phase) == 1),0,,,,,,code,
141,S1,0x10300ec,text_printf_msg,0x28d5c,0x102ffa0,0x10300ec,0x6bd|0x6c0,"SUPER=%,02lu|SUPER=%,02lu",,0,,2,84,28,,"one of {RAM[0x3b878] (pm_phase), none (0)}",RAM[0x3d530] (dmd_work_page0),"[{""order"": 1, ""conversion"": ""%,02lu"", ""source"": ""RAM[0x3b854] (pm_super_value)"", ""ram_addr"": ""0x3b854"", ""name"": ""pm_super_value"", ""meaning"": ""Super Jackpot value: 1,000,000 at start, + every phase-0 award (points after multiplier); scored on the disc in phase 1""}]",,172,"[""SUPER=00""]",0,2,"84,28",,observed,
141,S4,0x1030128,text_printf_msg,0x28d5c,0x102ffa0,0x1030128,0x6c1,"ALL SHOTS=%,02lu",,"one of {(loop_var@0x1030004 & 4), (loop_var@0x10300f4 & 4)}",,2,84,22,,"one of {(loop_var@0x1030004 & 4), (loop_var@0x10300f4 & 4)}",RAM[0x3d530] (dmd_work_page0),"[{""order"": 1, ""conversion"": ""%,02lu"", ""source"": ""0xf4240"", ""constant"": 1000000}]",(RAM[0x3b878] (pm_phase) == 2),0,,,,,,code,
142,S1,0x1030678,text_printf_msg,0x28d5c,0x1030514,0x1030678,0x4e4,"%,02lu",,18,,2,84,22,,"one of {local palette sp-64: identity; levels 1..15 -> 0, none (0)}",RAM[0x3d52c] (dmd_work_page1),"[{""order"": 1, ""conversion"": ""%,02lu"", ""source"": ""task+0x30"", ""task_field"": ""0x30"", ""meaning"": ""deff task block parameter (written by the code that started the deff)""}]",,31,"[""00""]",18,2,"84,22",,observed,
143,S1,0x1030908,text_draw_msg,0x28ca8,0x10307d8,0x1030908,0x6c2,SUPER,,1,,2,84,8,,none (0),RAM[0x3d52c] (dmd_work_page1),[],,91,"[""SUPER""]",1,2,"84,8",,observed,
143,S1,0x1030930,text_draw_msg,0x28ca8,0x10307d8,0x1030930,0x6c3,JACKPOT,,1,,2,84,14,,none (0),RAM[0x3d52c] (dmd_work_page1),[],,91,"[""JACKPOT""]",1,2,"84,14",,observed,
143,S1,0x1030978,text_printf_msg,0x28d5c,0x10307d8,0x1030978,0x4e4,"%,02lu",,18,,2,84,28,,"one of {local palette sp-48: identity; levels 1..15 -> 0, none (0)}",RAM[0x3d52c] (dmd_work_page1),"[{""order"": 1, ""conversion"": ""%,02lu"", ""source"": ""task+0x30"", ""task_field"": ""0x30"", ""meaning"": ""deff task block parameter (written by the code that started the deff)""}]",,91,"[""00""]",18,2,"84,28",,observed,
144,S1,0x1030bb0,text_printf_msg,0x28d5c,0x1030ad8,0x1030bb0,0x4e4,"%,02lu",,18,,2,84,22,,"one of {local palette sp-40: identity; levels 1..15 -> 0, none (0)}",RAM[0x3d530] (dmd_work_page0),"[{""order"": 1, ""conversion"": ""%,02lu"", ""source"": ""task+0x30"", ""task_field"": ""0x30"", ""meaning"": ""deff task block parameter (written by the code that started the deff)""}]",,41,"[""00""]",18,2,"84,22",,observed,
145,S1,0x1030d90,text_draw_msg,0x28ca8,0x1030d10,0x1030d90,0x6c4,PORTAL MULTIBALL,,1,,2,84,11,,none (0),RAM[0x3d530] (dmd_work_page0),[],,61,"[""PORTAL MULTIBALL""]",1,2,"84,11",,observed,
145,S1,0x1030db4,text_draw_msg,0x28ca8,0x1030d10,0x1030db4,0x6c5,TOTAL:,,1,,2,84,17,,none (0),RAM[0x3d530] (dmd_work_page0),[],,61,"[""TOTAL:""]",1,2,"84,17",,observed,
145,S1,0x1030df4,text_printf_msg,0x28d5c,0x1030d10,0x1030df4,0x4e4,"%,02lu",,13,,2,84,26,,loop_var@0x1030dc0,RAM[0x3d530] (dmd_work_page0),"[{""order"": 1, ""conversion"": ""%,02lu"", ""source"": ""task+0x30"", ""task_field"": ""0x30"", ""meaning"": ""deff task block parameter (written by the code that started the deff)""}]",,31,"[""00""]",13,2,"84,26",,observed,
status_panel,S1,0x10231dc,text_printf_msg,0x28d5c,0x10230ec,0x10231dc,0x4e4,"%,02lu",,0,,4,38,"one of {(((current_player()@0x1023110 & 255) << 3) + 13), stack_buf[sp-64], (((current_player()@0x1023110 & 255) << 3) | 5), 36, 13, 5}",,local palette sp-64: identity,arg0,"[{""order"": 1, ""conversion"": ""%,02lu"", ""source"": ""FUN_01022fdc()@0x10231b0"", ""function"": ""0x1022fdc"", ""name"": ""FUN_01022fdc""}]",,83189,"[""00"", ""10,000"", ""1,170"", ""250,000"", ""1,080"", ""440"", ""75,000"", ""2,310"", ""275,000"", ""150,000"", ""350,000"", ""11,000""]",0,,"38,13|38,29|38,36",,observed,
status_panel,S2,0x1023258,text_printf_msg,0x28d5c,0x10230ec,0x1023258,0x4e4,"%,02lu",,0,,4,38,"one of {((loop_var@0x102320c << 3) - 3), 21}",,"one of {local palette sp-48: identity, none (0)}",arg0,"[{""order"": 1, ""conversion"": ""%,02lu"", ""source"": ""FUN_000233e8(loop_var@0x102320c)@0x1023210"", ""function"": ""0x233e8"", ""name"": ""FUN_000233e8""}]",(1 <=u (num_players()@0x1023120 & 255)),106851,"[""00"", ""13,610,320"", ""15,326,450"", ""22,783,150"", ""24,633,700"", ""7,310,320"", ""2,181,130"", ""15,583,150"", ""150,000"", ""2,000,000"", ""14,426,450"", ""200,000,000""]",0,,"38,21|38,5",,observed,
