adj,menu,menu_label,name,table_entry,nvram,default,default_label,factory_default_usa,min,max,step,wraps,display_type,formatter,labels,labels_source,visible_if,country_overrides,readers,tag
1,STANDARD ADJUSTMENTS,STANDARD ADJUSTMENT #43,COIL PULSE POWER,0x40de238,0x2102008,2,NORMAL,2,0,2,1,yes,1,msg list 0x39378,"{""0"": ""HARD"", ""1"": ""SOFT"", ""2"": ""NORMAL""}","msg list 0x39378 (0x98,0x99,0x9a)",always,,none (no adj_get call site; see README),observed
2,STANDARD ADJUSTMENTS,STANDARD ADJUSTMENT #41,CUSTOM MESSAGE,0x40de258,0x2102010,1,ON,1,0,2,1,yes,3,msg list 0x39380,"{""0"": ""OFF"", ""1"": ""ON"", ""2"": ""CHANGE""}","msg list 0x39380 (0x9b,0x9c,0x9d)",always,,0x10002e8 FUN_010002dc,observed
3,STANDARD ADJUSTMENTS,STANDARD ADJUSTMENT #61,TIME FORMAT,0x40de278,0x2102018,0,12-HOUR,0,0,1,1,yes,10,msg list 0x393a2,"{""0"": ""12-HOUR"", ""1"": ""24-HOUR""}","msg list 0x393a2 (0x9e,0x9f)",always,,0xd774 FUN_0000d6f8; 0xd840 FUN_0000d814,observed
4,STANDARD ADJUSTMENTS,STANDARD ADJUSTMENT #54,FAST BOOT,0x40de298,0x2102020,1,YES,1,0,1,1,yes,9,msg list 0x3939c,"{""0"": ""NO"", ""1"": ""YES""}","msg list 0x3939c (0x2,0x3)",always,,0x1037048 deff_005,observed
5,STANDARD ADJUSTMENTS,STANDARD ADJUSTMENT #42,FLASH LAMP POWER,0x40de2b8,0x2102028,2,NORMAL,2,0,2,1,yes,7,msg list 0x39388,"{""0"": ""OFF"", ""1"": ""DIM"", ""2"": ""NORMAL""}","msg list 0x39388 (0xa0,0xa1,0xa2)",always,,none (no adj_get call site; see README),observed
6,STANDARD ADJUSTMENTS,STANDARD ADJUSTMENT #60,GAME ID,0x40de2d8,0x2102030,0,0,0,0,9999,1,yes,4,0x32ac8,"{""0"": ""0"", ""1"": ""1"", ""2"": ""2"", ""3"": ""3"", ""4"": ""4"", ""5"": ""5"", ""6"": ""6"", ""7"": ""7"", ""8"": ""8"", ""9"": ""9"", ""10"": ""10"", ""11"": ""11"", ""12"": ""12"", ""13"": ""13"", ""14"": ""14"", ""15"": ""15"", ""16"": ""16"", ""17"": ""17"", ""18"": ""18"", ""19"": ""19"", ""20"": ""20"", ""21"": ""21"", ""22"": ""22"", ""23"": ""23"", ""24"": ""24"", ""25"": ""25"", ""26"": ""26"", ""27"": ""27"", ""28"": ""28"", ""29"": ""29"", ""30"": ""30"", ""31"": ""31"", ""32"": ""32"", ""33"": ""33"", ""34"": ""34"", ""35"": ""35"", ""36"": ""36"", ""37"": ""37"", ""38"": ""38"", ""39"": ""39"", ""40"": ""40"", ""41"": ""41"", ""42"": ""42"", ""43"": ""43"", ""44"": ""44"", ""45"": ""45"", ""46"": ""46"", ""47"": ""47"", ""48"": ""48"", ""49"": ""49"", ""50"": ""50"", ""51"": ""51"", ""52"": ""52"", ""53"": ""53"", ""54"": ""54"", ""55"": ""55"", ""56"": ""56"", ""57"": ""57"", ""58"": ""58"", ""59"": ""59"", ""60"": ""60"", ""500"": ""500"", ""1000"": ""1000"", ""1500"": ""1500"", ""2000"": ""2000"", ""2500"": ""2500"", ""3000"": ""3000"", ""3500"": ""3500"", ""4000"": ""4000"", ""4500"": ""4500"", ""5000"": ""5000"", ""5500"": ""5500"", ""6000"": ""6000"", ""6500"": ""6500"", ""7000"": ""7000"", ""7500"": ""7500"", ""8000"": ""8000"", ""8500"": ""8500"", ""9000"": ""9000"", ""9500"": ""9500"", ""9997"": ""9997"", ""9998"": ""9998"", ""9999"": ""9999""}",formatter fn 0x32ac8 run in the emulator (emu/t8.log); 83 of 10000 values sampled,always,,none (no adj_get call site; see README),observed
7,STANDARD ADJUSTMENTS,STANDARD ADJUSTMENT #39,LANGUAGE,0x40de2f8,0x2102038,0,ENGLISH,0,0,4,1,yes,8,msg list 0x39390,"{""0"": ""ENGLISH"", ""1"": ""DEUTSCH"", ""2"": ""FRANCAIS"", ""3"": ""ESPANOL"", ""4"": ""ITALIANO""}","msg list 0x39390 (0xa3,0xa4,0xa5,0xa6,0xa7)",always,AUSTRIA=1; FRANCE=2; GERMANY=1; ITALY=4; SWITZERLAND=1; SPAIN=3,0xa300 FUN_0000a2dc; 0xa3d0 FUN_0000a3b4,observed
8,STANDARD ADJUSTMENTS,STANDARD ADJUSTMENT #59,LOCATION ID,0x40de318,0x2102040,0,0,0,0,9999,1,yes,4,0x32ac8,"{""0"": ""0"", ""1"": ""1"", ""2"": ""2"", ""3"": ""3"", ""4"": ""4"", ""5"": ""5"", ""6"": ""6"", ""7"": ""7"", ""8"": ""8"", ""9"": ""9"", ""10"": ""10"", ""11"": ""11"", ""12"": ""12"", ""13"": ""13"", ""14"": ""14"", ""15"": ""15"", ""16"": ""16"", ""17"": ""17"", ""18"": ""18"", ""19"": ""19"", ""20"": ""20"", ""21"": ""21"", ""22"": ""22"", ""23"": ""23"", ""24"": ""24"", ""25"": ""25"", ""26"": ""26"", ""27"": ""27"", ""28"": ""28"", ""29"": ""29"", ""30"": ""30"", ""31"": ""31"", ""32"": ""32"", ""33"": ""33"", ""34"": ""34"", ""35"": ""35"", ""36"": ""36"", ""37"": ""37"", ""38"": ""38"", ""39"": ""39"", ""40"": ""40"", ""41"": ""41"", ""42"": ""42"", ""43"": ""43"", ""44"": ""44"", ""45"": ""45"", ""46"": ""46"", ""47"": ""47"", ""48"": ""48"", ""49"": ""49"", ""50"": ""50"", ""51"": ""51"", ""52"": ""52"", ""53"": ""53"", ""54"": ""54"", ""55"": ""55"", ""56"": ""56"", ""57"": ""57"", ""58"": ""58"", ""59"": ""59"", ""60"": ""60"", ""500"": ""500"", ""1000"": ""1000"", ""1500"": ""1500"", ""2000"": ""2000"", ""2500"": ""2500"", ""3000"": ""3000"", ""3500"": ""3500"", ""4000"": ""4000"", ""4500"": ""4500"", ""5000"": ""5000"", ""5500"": ""5500"", ""6000"": ""6000"", ""6500"": ""6500"", ""7000"": ""7000"", ""7500"": ""7500"", ""8000"": ""8000"", ""8500"": ""8500"", ""9000"": ""9000"", ""9500"": ""9500"", ""9997"": ""9997"", ""9998"": ""9998"", ""9999"": ""9999""}",formatter fn 0x32ac8 run in the emulator (emu/t8.log); 83 of 10000 values sampled,always,,none (no adj_get call site; see README),observed
9,STANDARD ADJUSTMENTS,STANDARD ADJUSTMENT #47,MUSIC VOLUME,0x40de338,0x2102048,1,1,1,1,15,1,yes,4,0x32ac8,"{""1"": ""1"", ""2"": ""2"", ""3"": ""3"", ""4"": ""4"", ""5"": ""5"", ""6"": ""6"", ""7"": ""7"", ""8"": ""8"", ""9"": ""9"", ""10"": ""10"", ""11"": ""11"", ""12"": ""12"", ""13"": ""13"", ""14"": ""14"", ""15"": ""15""}",formatter fn 0x32ac8 run in the emulator (emu/t8.log),always,U.K.=2,none (no adj_get call site; see README),observed
10,STANDARD ADJUSTMENTS,STANDARD ADJUSTMENT #40,PLAYER LANGUAGE SELECT,0x40de358,0x2102050,0,NO,1,0,1,1,yes,9,msg list 0x3939c,"{""0"": ""NO"", ""1"": ""YES""}","msg list 0x3939c (0x2,0x3)",always,U.S.A.=1; BELGIUM=1; CANADA 1=1; SWITZERLAND=1; PORTUGAL=1; CANADA 2=1,0xa264 FUN_0000a258,observed
11,STANDARD ADJUSTMENTS,STANDARD ADJUSTMENT #1,REPLAY TYPE,0x40de378,0x2102058,3,AUTO,3,0,3,1,yes,24,msg list 0x38432,"{""0"": ""NONE"", ""1"": ""FIXED"", ""2"": ""DYNAMIC"", ""3"": ""AUTO""}","msg list 0x38432 (0x286,0x287,0x288,0x289)",always,CHUCK-E-CHEESE=2,0x229d0 FUN_00022998; 0x22e04 replay_award; 0x34214 FUN_00034124; 0x34230 FUN_00034124; 0x34240 FUN_00034124; 0x34258 FUN_00034124; 0x34270 FUN_00034124; 0x34288 FUN_00034124; 0x342c0 FUN_00034124,observed
12,STANDARD ADJUSTMENTS,STANDARD ADJUSTMENT #2,REPLAY PERCENTAGE,0x40de398,0x2102060,10,10%,10,1,50,1,yes,6,0x32b14,"{""1"": ""1%"", ""2"": ""2%"", ""3"": ""3%"", ""4"": ""4%"", ""5"": ""5%"", ""6"": ""6%"", ""7"": ""7%"", ""8"": ""8%"", ""9"": ""9%"", ""10"": ""10%"", ""11"": ""11%"", ""12"": ""12%"", ""13"": ""13%"", ""14"": ""14%"", ""15"": ""15%"", ""16"": ""16%"", ""17"": ""17%"", ""18"": ""18%"", ""19"": ""19%"", ""20"": ""20%"", ""21"": ""21%"", ""22"": ""22%"", ""23"": ""23%"", ""24"": ""24%"", ""25"": ""25%"", ""26"": ""26%"", ""27"": ""27%"", ""28"": ""28%"", ""29"": ""29%"", ""30"": ""30%"", ""31"": ""31%"", ""32"": ""32%"", ""33"": ""33%"", ""34"": ""34%"", ""35"": ""35%"", ""36"": ""36%"", ""37"": ""37%"", ""38"": ""38%"", ""39"": ""39%"", ""40"": ""40%"", ""41"": ""41%"", ""42"": ""42%"", ""43"": ""43%"", ""44"": ""44%"", ""45"": ""45%"", ""46"": ""46%"", ""47"": ""47%"", ""48"": ""48%"", ""49"": ""49%"", ""50"": ""50%""}",formatter fn 0x32b14 run in the emulator (emu/t8.log),REPLAY TYPE (11) is DYNAMIC or AUTO,FRANCE=20; CHUCK-E-CHEESE=2,0x23054 FUN_00022fd4; 0x2328c FUN_000231a4,observed
13,STANDARD ADJUSTMENTS,STANDARD ADJUSTMENT #3,REPLAY AWARD,0x40de3b8,0x2102068,0,CREDIT,0,0,3,1,yes,23,msg list 0x38428,"{""0"": ""CREDIT"", ""1"": ""TICKET"", ""2"": ""TOKEN"", ""3"": ""EXTRA BALL""}","msg list 0x38428 (0x28a,0x28b,0x28c,0x28d)",REPLAY TYPE (11) is FIXED or AUTO (case 13 falls through into case 14 at 0x3423c),CHUCK-E-CHEESE=1,0x22b80 FUN_00022b38; 0x22d74 replay_award; 0x102374c FUN_01023704,observed
14,STANDARD ADJUSTMENTS,STANDARD ADJUSTMENT #4,REPLAY LEVELS,0x40de3d8,0x2102070,1,1,1,1,4,1,yes,4,0x32ac8,"{""1"": ""1"", ""2"": ""2"", ""3"": ""3"", ""4"": ""4""}",formatter fn 0x32ac8 run in the emulator (emu/t8.log),REPLAY TYPE (11) is FIXED or AUTO,,0x229c0 FUN_00022998; 0x342a8 FUN_00034124,observed
15,STANDARD ADJUSTMENTS,STANDARD ADJUSTMENT #5,AUTO REPLAY START,0x40de3f8,0x2102078,20000000,"20,000,000",20000000,5000000,150000000,1000000,yes,25,0x2e13c,"{""5000000"": ""5,000,000"", ""6000000"": ""6,000,000"", ""7000000"": ""7,000,000"", ""8000000"": ""8,000,000"", ""9000000"": ""9,000,000"", ""10000000"": ""10,000,000"", ""11000000"": ""11,000,000"", ""12000000"": ""12,000,000"", ""13000000"": ""13,000,000"", ""14000000"": ""14,000,000"", ""15000000"": ""15,000,000"", ""16000000"": ""16,000,000"", ""17000000"": ""17,000,000"", ""18000000"": ""18,000,000"", ""19000000"": ""19,000,000"", ""20000000"": ""20,000,000"", ""21000000"": ""21,000,000"", ""22000000"": ""22,000,000"", ""23000000"": ""23,000,000"", ""24000000"": ""24,000,000"", ""25000000"": ""25,000,000"", ""26000000"": ""26,000,000"", ""27000000"": ""27,000,000"", ""28000000"": ""28,000,000"", ""29000000"": ""29,000,000"", ""30000000"": ""30,000,000"", ""31000000"": ""31,000,000"", ""32000000"": ""32,000,000"", ""33000000"": ""33,000,000"", ""34000000"": ""34,000,000"", ""35000000"": ""35,000,000"", ""36000000"": ""36,000,000"", ""37000000"": ""37,000,000"", ""38000000"": ""38,000,000"", ""39000000"": ""39,000,000"", ""40000000"": ""40,000,000"", ""41000000"": ""41,000,000"", ""42000000"": ""42,000,000"", ""43000000"": ""43,000,000"", ""44000000"": ""44,000,000"", ""45000000"": ""45,000,000"", ""46000000"": ""46,000,000"", ""47000000"": ""47,000,000"", ""48000000"": ""48,000,000"", ""49000000"": ""49,000,000"", ""50000000"": ""50,000,000"", ""51000000"": ""51,000,000"", ""52000000"": ""52,000,000"", ""53000000"": ""53,000,000"", ""54000000"": ""54,000,000"", ""55000000"": ""55,000,000"", ""56000000"": ""56,000,000"", ""57000000"": ""57,000,000"", ""58000000"": ""58,000,000"", ""59000000"": ""59,000,000"", ""60000000"": ""60,000,000"", ""61000000"": ""61,000,000"", ""62000000"": ""62,000,000"", ""63000000"": ""63,000,000"", ""64000000"": ""64,000,000"", ""65000000"": ""65,000,000"", ""66000000"": ""66,000,000"", ""67000000"": ""67,000,000"", ""68000000"": ""68,000,000"", ""69000000"": ""69,000,000"", ""70000000"": ""70,000,000"", ""71000000"": ""71,000,000"", ""72000000"": ""72,000,000"", ""73000000"": ""73,000,000"", ""74000000"": ""74,000,000"", ""75000000"": ""75,000,000"", ""76000000"": ""76,000,000"", ""77000000"": ""77,000,000"", ""78000000"": ""78,000,000"", ""79000000"": ""79,000,000"", ""80000000"": ""80,000,000"", ""81000000"": ""81,000,000"", ""82000000"": ""82,000,000"", ""83000000"": ""83,000,000"", ""84000000"": ""84,000,000"", ""85000000"": ""85,000,000"", ""86000000"": ""86,000,000"", ""87000000"": ""87,000,000"", ""88000000"": ""88,000,000"", ""89000000"": ""89,000,000"", ""90000000"": ""90,000,000"", ""91000000"": ""91,000,000"", ""92000000"": ""92,000,000"", ""93000000"": ""93,000,000"", ""94000000"": ""94,000,000"", ""95000000"": ""95,000,000"", ""96000000"": ""96,000,000"", ""97000000"": ""97,000,000"", ""98000000"": ""98,000,000"", ""99000000"": ""99,000,000"", ""100000000"": ""100,000,000"", ""101000000"": ""101,000,000"", ""102000000"": ""102,000,000"", ""103000000"": ""103,000,000"", ""104000000"": ""104,000,000"", ""105000000"": ""105,000,000"", ""106000000"": ""106,000,000"", ""107000000"": ""107,000,000"", ""108000000"": ""108,000,000"", ""109000000"": ""109,000,000"", ""110000000"": ""110,000,000"", ""111000000"": ""111,000,000"", ""112000000"": ""112,000,000"", ""113000000"": ""113,000,000"", ""114000000"": ""114,000,000"", ""115000000"": ""115,000,000"", ""116000000"": ""116,000,000"", ""117000000"": ""117,000,000"", ""118000000"": ""118,000,000"", ""119000000"": ""119,000,000"", ""120000000"": ""120,000,000"", ""121000000"": ""121,000,000"", ""122000000"": ""122,000,000"", ""123000000"": ""123,000,000"", ""124000000"": ""124,000,000"", ""125000000"": ""125,000,000"", ""126000000"": ""126,000,000"", ""127000000"": ""127,000,000"", ""128000000"": ""128,000,000"", ""129000000"": ""129,000,000"", ""130000000"": ""130,000,000"", ""131000000"": ""131,000,000"", ""132000000"": ""132,000,000"", ""133000000"": ""133,000,000"", ""134000000"": ""134,000,000"", ""135000000"": ""135,000,000"", ""136000000"": ""136,000,000"", ""137000000"": ""137,000,000"", ""138000000"": ""138,000,000"", ""139000000"": ""139,000,000"", ""140000000"": ""140,000,000"", ""141000000"": ""141,000,000"", ""142000000"": ""142,000,000"", ""143000000"": ""143,000,000"", ""144000000"": ""144,000,000"", ""145000000"": ""145,000,000"", ""146000000"": ""146,000,000"", ""147000000"": ""147,000,000"", ""148000000"": ""148,000,000"", ""149000000"": ""149,000,000"", ""150000000"": ""150,000,000""}",formatter fn 0x2e13c run in the emulator (emu/t8.log),REPLAY TYPE (11) is AUTO,FRANCE=30000000,0x229f8 FUN_00022998,observed
16,STANDARD ADJUSTMENTS,STANDARD ADJUSTMENT #6,DYNAMIC REPLAY START,0x40de418,0x2102080,60000000,"60,000,000",60000000,5000000,150000000,1000000,yes,25,0x2e13c,"{""5000000"": ""5,000,000"", ""6000000"": ""6,000,000"", ""7000000"": ""7,000,000"", ""8000000"": ""8,000,000"", ""9000000"": ""9,000,000"", ""10000000"": ""10,000,000"", ""11000000"": ""11,000,000"", ""12000000"": ""12,000,000"", ""13000000"": ""13,000,000"", ""14000000"": ""14,000,000"", ""15000000"": ""15,000,000"", ""16000000"": ""16,000,000"", ""17000000"": ""17,000,000"", ""18000000"": ""18,000,000"", ""19000000"": ""19,000,000"", ""20000000"": ""20,000,000"", ""21000000"": ""21,000,000"", ""22000000"": ""22,000,000"", ""23000000"": ""23,000,000"", ""24000000"": ""24,000,000"", ""25000000"": ""25,000,000"", ""26000000"": ""26,000,000"", ""27000000"": ""27,000,000"", ""28000000"": ""28,000,000"", ""29000000"": ""29,000,000"", ""30000000"": ""30,000,000"", ""31000000"": ""31,000,000"", ""32000000"": ""32,000,000"", ""33000000"": ""33,000,000"", ""34000000"": ""34,000,000"", ""35000000"": ""35,000,000"", ""36000000"": ""36,000,000"", ""37000000"": ""37,000,000"", ""38000000"": ""38,000,000"", ""39000000"": ""39,000,000"", ""40000000"": ""40,000,000"", ""41000000"": ""41,000,000"", ""42000000"": ""42,000,000"", ""43000000"": ""43,000,000"", ""44000000"": ""44,000,000"", ""45000000"": ""45,000,000"", ""46000000"": ""46,000,000"", ""47000000"": ""47,000,000"", ""48000000"": ""48,000,000"", ""49000000"": ""49,000,000"", ""50000000"": ""50,000,000"", ""51000000"": ""51,000,000"", ""52000000"": ""52,000,000"", ""53000000"": ""53,000,000"", ""54000000"": ""54,000,000"", ""55000000"": ""55,000,000"", ""56000000"": ""56,000,000"", ""57000000"": ""57,000,000"", ""58000000"": ""58,000,000"", ""59000000"": ""59,000,000"", ""60000000"": ""60,000,000"", ""61000000"": ""61,000,000"", ""62000000"": ""62,000,000"", ""63000000"": ""63,000,000"", ""64000000"": ""64,000,000"", ""65000000"": ""65,000,000"", ""66000000"": ""66,000,000"", ""67000000"": ""67,000,000"", ""68000000"": ""68,000,000"", ""69000000"": ""69,000,000"", ""70000000"": ""70,000,000"", ""71000000"": ""71,000,000"", ""72000000"": ""72,000,000"", ""73000000"": ""73,000,000"", ""74000000"": ""74,000,000"", ""75000000"": ""75,000,000"", ""76000000"": ""76,000,000"", ""77000000"": ""77,000,000"", ""78000000"": ""78,000,000"", ""79000000"": ""79,000,000"", ""80000000"": ""80,000,000"", ""81000000"": ""81,000,000"", ""82000000"": ""82,000,000"", ""83000000"": ""83,000,000"", ""84000000"": ""84,000,000"", ""85000000"": ""85,000,000"", ""86000000"": ""86,000,000"", ""87000000"": ""87,000,000"", ""88000000"": ""88,000,000"", ""89000000"": ""89,000,000"", ""90000000"": ""90,000,000"", ""91000000"": ""91,000,000"", ""92000000"": ""92,000,000"", ""93000000"": ""93,000,000"", ""94000000"": ""94,000,000"", ""95000000"": ""95,000,000"", ""96000000"": ""96,000,000"", ""97000000"": ""97,000,000"", ""98000000"": ""98,000,000"", ""99000000"": ""99,000,000"", ""100000000"": ""100,000,000"", ""101000000"": ""101,000,000"", ""102000000"": ""102,000,000"", ""103000000"": ""103,000,000"", ""104000000"": ""104,000,000"", ""105000000"": ""105,000,000"", ""106000000"": ""106,000,000"", ""107000000"": ""107,000,000"", ""108000000"": ""108,000,000"", ""109000000"": ""109,000,000"", ""110000000"": ""110,000,000"", ""111000000"": ""111,000,000"", ""112000000"": ""112,000,000"", ""113000000"": ""113,000,000"", ""114000000"": ""114,000,000"", ""115000000"": ""115,000,000"", ""116000000"": ""116,000,000"", ""117000000"": ""117,000,000"", ""118000000"": ""118,000,000"", ""119000000"": ""119,000,000"", ""120000000"": ""120,000,000"", ""121000000"": ""121,000,000"", ""122000000"": ""122,000,000"", ""123000000"": ""123,000,000"", ""124000000"": ""124,000,000"", ""125000000"": ""125,000,000"", ""126000000"": ""126,000,000"", ""127000000"": ""127,000,000"", ""128000000"": ""128,000,000"", ""129000000"": ""129,000,000"", ""130000000"": ""130,000,000"", ""131000000"": ""131,000,000"", ""132000000"": ""132,000,000"", ""133000000"": ""133,000,000"", ""134000000"": ""134,000,000"", ""135000000"": ""135,000,000"", ""136000000"": ""136,000,000"", ""137000000"": ""137,000,000"", ""138000000"": ""138,000,000"", ""139000000"": ""139,000,000"", ""140000000"": ""140,000,000"", ""141000000"": ""141,000,000"", ""142000000"": ""142,000,000"", ""143000000"": ""143,000,000"", ""144000000"": ""144,000,000"", ""145000000"": ""145,000,000"", ""146000000"": ""146,000,000"", ""147000000"": ""147,000,000"", ""148000000"": ""148,000,000"", ""149000000"": ""149,000,000"", ""150000000"": ""150,000,000""}",formatter fn 0x2e13c run in the emulator (emu/t8.log),REPLAY TYPE (11) is DYNAMIC,CHUCK-E-CHEESE=50000000,0x22818 FUN_000227cc; 0x22e28 replay_award; 0x23280 FUN_000231a4,observed
17,STANDARD ADJUSTMENTS,STANDARD ADJUSTMENT #7,REPLAY LEVEL #1,0x40de438,0x2102088,15000000,"15,000,000",15000000,5000000,150000000,1000000,yes,25,0x2e13c,"{""5000000"": ""5,000,000"", ""6000000"": ""6,000,000"", ""7000000"": ""7,000,000"", ""8000000"": ""8,000,000"", ""9000000"": ""9,000,000"", ""10000000"": ""10,000,000"", ""11000000"": ""11,000,000"", ""12000000"": ""12,000,000"", ""13000000"": ""13,000,000"", ""14000000"": ""14,000,000"", ""15000000"": ""15,000,000"", ""16000000"": ""16,000,000"", ""17000000"": ""17,000,000"", ""18000000"": ""18,000,000"", ""19000000"": ""19,000,000"", ""20000000"": ""20,000,000"", ""21000000"": ""21,000,000"", ""22000000"": ""22,000,000"", ""23000000"": ""23,000,000"", ""24000000"": ""24,000,000"", ""25000000"": ""25,000,000"", ""26000000"": ""26,000,000"", ""27000000"": ""27,000,000"", ""28000000"": ""28,000,000"", ""29000000"": ""29,000,000"", ""30000000"": ""30,000,000"", ""31000000"": ""31,000,000"", ""32000000"": ""32,000,000"", ""33000000"": ""33,000,000"", ""34000000"": ""34,000,000"", ""35000000"": ""35,000,000"", ""36000000"": ""36,000,000"", ""37000000"": ""37,000,000"", ""38000000"": ""38,000,000"", ""39000000"": ""39,000,000"", ""40000000"": ""40,000,000"", ""41000000"": ""41,000,000"", ""42000000"": ""42,000,000"", ""43000000"": ""43,000,000"", ""44000000"": ""44,000,000"", ""45000000"": ""45,000,000"", ""46000000"": ""46,000,000"", ""47000000"": ""47,000,000"", ""48000000"": ""48,000,000"", ""49000000"": ""49,000,000"", ""50000000"": ""50,000,000"", ""51000000"": ""51,000,000"", ""52000000"": ""52,000,000"", ""53000000"": ""53,000,000"", ""54000000"": ""54,000,000"", ""55000000"": ""55,000,000"", ""56000000"": ""56,000,000"", ""57000000"": ""57,000,000"", ""58000000"": ""58,000,000"", ""59000000"": ""59,000,000"", ""60000000"": ""60,000,000"", ""61000000"": ""61,000,000"", ""62000000"": ""62,000,000"", ""63000000"": ""63,000,000"", ""64000000"": ""64,000,000"", ""65000000"": ""65,000,000"", ""66000000"": ""66,000,000"", ""67000000"": ""67,000,000"", ""68000000"": ""68,000,000"", ""69000000"": ""69,000,000"", ""70000000"": ""70,000,000"", ""71000000"": ""71,000,000"", ""72000000"": ""72,000,000"", ""73000000"": ""73,000,000"", ""74000000"": ""74,000,000"", ""75000000"": ""75,000,000"", ""76000000"": ""76,000,000"", ""77000000"": ""77,000,000"", ""78000000"": ""78,000,000"", ""79000000"": ""79,000,000"", ""80000000"": ""80,000,000"", ""81000000"": ""81,000,000"", ""82000000"": ""82,000,000"", ""83000000"": ""83,000,000"", ""84000000"": ""84,000,000"", ""85000000"": ""85,000,000"", ""86000000"": ""86,000,000"", ""87000000"": ""87,000,000"", ""88000000"": ""88,000,000"", ""89000000"": ""89,000,000"", ""90000000"": ""90,000,000"", ""91000000"": ""91,000,000"", ""92000000"": ""92,000,000"", ""93000000"": ""93,000,000"", ""94000000"": ""94,000,000"", ""95000000"": ""95,000,000"", ""96000000"": ""96,000,000"", ""97000000"": ""97,000,000"", ""98000000"": ""98,000,000"", ""99000000"": ""99,000,000"", ""100000000"": ""100,000,000"", ""101000000"": ""101,000,000"", ""102000000"": ""102,000,000"", ""103000000"": ""103,000,000"", ""104000000"": ""104,000,000"", ""105000000"": ""105,000,000"", ""106000000"": ""106,000,000"", ""107000000"": ""107,000,000"", ""108000000"": ""108,000,000"", ""109000000"": ""109,000,000"", ""110000000"": ""110,000,000"", ""111000000"": ""111,000,000"", ""112000000"": ""112,000,000"", ""113000000"": ""113,000,000"", ""114000000"": ""114,000,000"", ""115000000"": ""115,000,000"", ""116000000"": ""116,000,000"", ""117000000"": ""117,000,000"", ""118000000"": ""118,000,000"", ""119000000"": ""119,000,000"", ""120000000"": ""120,000,000"", ""121000000"": ""121,000,000"", ""122000000"": ""122,000,000"", ""123000000"": ""123,000,000"", ""124000000"": ""124,000,000"", ""125000000"": ""125,000,000"", ""126000000"": ""126,000,000"", ""127000000"": ""127,000,000"", ""128000000"": ""128,000,000"", ""129000000"": ""129,000,000"", ""130000000"": ""130,000,000"", ""131000000"": ""131,000,000"", ""132000000"": ""132,000,000"", ""133000000"": ""133,000,000"", ""134000000"": ""134,000,000"", ""135000000"": ""135,000,000"", ""136000000"": ""136,000,000"", ""137000000"": ""137,000,000"", ""138000000"": ""138,000,000"", ""139000000"": ""139,000,000"", ""140000000"": ""140,000,000"", ""141000000"": ""141,000,000"", ""142000000"": ""142,000,000"", ""143000000"": ""143,000,000"", ""144000000"": ""144,000,000"", ""145000000"": ""145,000,000"", ""146000000"": ""146,000,000"", ""147000000"": ""147,000,000"", ""148000000"": ""148,000,000"", ""149000000"": ""149,000,000"", ""150000000"": ""150,000,000""}",formatter fn 0x2e13c run in the emulator (emu/t8.log),REPLAY TYPE (11) is FIXED and REPLAY LEVELS (14) >= 1,,0x22a58 FUN_00022998,observed
18,STANDARD ADJUSTMENTS,STANDARD ADJUSTMENT #8,REPLAY LEVEL #2,0x40de458,0x2102090,30000000,"30,000,000",30000000,5000000,300000000,1000000,yes,25,0x2e13c,"{""5000000"": ""5,000,000"", ""6000000"": ""6,000,000"", ""7000000"": ""7,000,000"", ""8000000"": ""8,000,000"", ""9000000"": ""9,000,000"", ""10000000"": ""10,000,000"", ""11000000"": ""11,000,000"", ""12000000"": ""12,000,000"", ""13000000"": ""13,000,000"", ""14000000"": ""14,000,000"", ""15000000"": ""15,000,000"", ""16000000"": ""16,000,000"", ""17000000"": ""17,000,000"", ""18000000"": ""18,000,000"", ""19000000"": ""19,000,000"", ""20000000"": ""20,000,000"", ""21000000"": ""21,000,000"", ""22000000"": ""22,000,000"", ""23000000"": ""23,000,000"", ""24000000"": ""24,000,000"", ""25000000"": ""25,000,000"", ""26000000"": ""26,000,000"", ""27000000"": ""27,000,000"", ""28000000"": ""28,000,000"", ""29000000"": ""29,000,000"", ""30000000"": ""30,000,000"", ""31000000"": ""31,000,000"", ""32000000"": ""32,000,000"", ""33000000"": ""33,000,000"", ""34000000"": ""34,000,000"", ""35000000"": ""35,000,000"", ""36000000"": ""36,000,000"", ""37000000"": ""37,000,000"", ""38000000"": ""38,000,000"", ""39000000"": ""39,000,000"", ""40000000"": ""40,000,000"", ""41000000"": ""41,000,000"", ""42000000"": ""42,000,000"", ""43000000"": ""43,000,000"", ""44000000"": ""44,000,000"", ""45000000"": ""45,000,000"", ""46000000"": ""46,000,000"", ""47000000"": ""47,000,000"", ""48000000"": ""48,000,000"", ""49000000"": ""49,000,000"", ""50000000"": ""50,000,000"", ""51000000"": ""51,000,000"", ""52000000"": ""52,000,000"", ""53000000"": ""53,000,000"", ""54000000"": ""54,000,000"", ""55000000"": ""55,000,000"", ""56000000"": ""56,000,000"", ""57000000"": ""57,000,000"", ""58000000"": ""58,000,000"", ""59000000"": ""59,000,000"", ""60000000"": ""60,000,000"", ""61000000"": ""61,000,000"", ""62000000"": ""62,000,000"", ""63000000"": ""63,000,000"", ""64000000"": ""64,000,000"", ""65000000"": ""65,000,000"", ""66000000"": ""66,000,000"", ""67000000"": ""67,000,000"", ""68000000"": ""68,000,000"", ""69000000"": ""69,000,000"", ""70000000"": ""70,000,000"", ""71000000"": ""71,000,000"", ""72000000"": ""72,000,000"", ""73000000"": ""73,000,000"", ""74000000"": ""74,000,000"", ""75000000"": ""75,000,000"", ""76000000"": ""76,000,000"", ""77000000"": ""77,000,000"", ""78000000"": ""78,000,000"", ""79000000"": ""79,000,000"", ""80000000"": ""80,000,000"", ""81000000"": ""81,000,000"", ""82000000"": ""82,000,000"", ""83000000"": ""83,000,000"", ""84000000"": ""84,000,000"", ""85000000"": ""85,000,000"", ""86000000"": ""86,000,000"", ""87000000"": ""87,000,000"", ""88000000"": ""88,000,000"", ""89000000"": ""89,000,000"", ""90000000"": ""90,000,000"", ""91000000"": ""91,000,000"", ""92000000"": ""92,000,000"", ""93000000"": ""93,000,000"", ""94000000"": ""94,000,000"", ""95000000"": ""95,000,000"", ""96000000"": ""96,000,000"", ""97000000"": ""97,000,000"", ""98000000"": ""98,000,000"", ""99000000"": ""99,000,000"", ""100000000"": ""100,000,000"", ""101000000"": ""101,000,000"", ""102000000"": ""102,000,000"", ""103000000"": ""103,000,000"", ""104000000"": ""104,000,000"", ""105000000"": ""105,000,000"", ""106000000"": ""106,000,000"", ""107000000"": ""107,000,000"", ""108000000"": ""108,000,000"", ""109000000"": ""109,000,000"", ""110000000"": ""110,000,000"", ""111000000"": ""111,000,000"", ""112000000"": ""112,000,000"", ""113000000"": ""113,000,000"", ""114000000"": ""114,000,000"", ""115000000"": ""115,000,000"", ""116000000"": ""116,000,000"", ""117000000"": ""117,000,000"", ""118000000"": ""118,000,000"", ""119000000"": ""119,000,000"", ""120000000"": ""120,000,000"", ""121000000"": ""121,000,000"", ""122000000"": ""122,000,000"", ""123000000"": ""123,000,000"", ""124000000"": ""124,000,000"", ""125000000"": ""125,000,000"", ""126000000"": ""126,000,000"", ""127000000"": ""127,000,000"", ""128000000"": ""128,000,000"", ""129000000"": ""129,000,000"", ""130000000"": ""130,000,000"", ""131000000"": ""131,000,000"", ""132000000"": ""132,000,000"", ""133000000"": ""133,000,000"", ""134000000"": ""134,000,000"", ""135000000"": ""135,000,000"", ""136000000"": ""136,000,000"", ""137000000"": ""137,000,000"", ""138000000"": ""138,000,000"", ""139000000"": ""139,000,000"", ""140000000"": ""140,000,000"", ""141000000"": ""141,000,000"", ""142000000"": ""142,000,000"", ""143000000"": ""143,000,000"", ""144000000"": ""144,000,000"", ""145000000"": ""145,000,000"", ""146000000"": ""146,000,000"", ""147000000"": ""147,000,000"", ""148000000"": ""148,000,000"", ""149000000"": ""149,000,000"", ""150000000"": ""150,000,000"", ""151000000"": ""151,000,000"", ""159000000"": ""159,000,000"", ""173000000"": ""173,000,000"", ""179000000"": ""179,000,000"", ""181000000"": ""181,000,000"", ""187000000"": ""187,000,000"", ""201000000"": ""201,000,000"", ""203000000"": ""203,000,000"", ""208000000"": ""208,000,000"", ""215000000"": ""215,000,000"", ""225000000"": ""225,000,000"", ""229000000"": ""229,000,000"", ""237000000"": ""237,000,000"", ""243000000"": ""243,000,000"", ""247000000"": ""247,000,000"", ""251000000"": ""251,000,000"", ""257000000"": ""257,000,000"", ""266000000"": ""266,000,000"", ""269000000"": ""269,000,000"", ""271000000"": ""271,000,000"", ""285000000"": ""285,000,000"", ""291000000"": ""291,000,000"", ""295000000"": ""295,000,000"", ""298000000"": ""298,000,000"", ""299000000"": ""299,000,000"", ""300000000"": ""300,000,000""}",formatter fn 0x2e13c run in the emulator (emu/t8.log); 172 of 296 values sampled,REPLAY TYPE (11) is FIXED and REPLAY LEVELS (14) >= 2,,0x22a58 FUN_00022998,observed
19,STANDARD ADJUSTMENTS,STANDARD ADJUSTMENT #9,REPLAY LEVEL #3,0x40de478,0x2102098,45000000,"45,000,000",45000000,5000000,450000000,1000000,yes,25,0x2e13c,"{""5000000"": ""5,000,000"", ""6000000"": ""6,000,000"", ""7000000"": ""7,000,000"", ""8000000"": ""8,000,000"", ""9000000"": ""9,000,000"", ""10000000"": ""10,000,000"", ""11000000"": ""11,000,000"", ""12000000"": ""12,000,000"", ""13000000"": ""13,000,000"", ""14000000"": ""14,000,000"", ""15000000"": ""15,000,000"", ""16000000"": ""16,000,000"", ""17000000"": ""17,000,000"", ""18000000"": ""18,000,000"", ""19000000"": ""19,000,000"", ""20000000"": ""20,000,000"", ""21000000"": ""21,000,000"", ""22000000"": ""22,000,000"", ""23000000"": ""23,000,000"", ""24000000"": ""24,000,000"", ""25000000"": ""25,000,000"", ""26000000"": ""26,000,000"", ""27000000"": ""27,000,000"", ""28000000"": ""28,000,000"", ""29000000"": ""29,000,000"", ""30000000"": ""30,000,000"", ""31000000"": ""31,000,000"", ""32000000"": ""32,000,000"", ""33000000"": ""33,000,000"", ""34000000"": ""34,000,000"", ""35000000"": ""35,000,000"", ""36000000"": ""36,000,000"", ""37000000"": ""37,000,000"", ""38000000"": ""38,000,000"", ""39000000"": ""39,000,000"", ""40000000"": ""40,000,000"", ""41000000"": ""41,000,000"", ""42000000"": ""42,000,000"", ""43000000"": ""43,000,000"", ""44000000"": ""44,000,000"", ""45000000"": ""45,000,000"", ""46000000"": ""46,000,000"", ""47000000"": ""47,000,000"", ""48000000"": ""48,000,000"", ""49000000"": ""49,000,000"", ""50000000"": ""50,000,000"", ""51000000"": ""51,000,000"", ""52000000"": ""52,000,000"", ""53000000"": ""53,000,000"", ""54000000"": ""54,000,000"", ""55000000"": ""55,000,000"", ""56000000"": ""56,000,000"", ""57000000"": ""57,000,000"", ""58000000"": ""58,000,000"", ""59000000"": ""59,000,000"", ""60000000"": ""60,000,000"", ""61000000"": ""61,000,000"", ""62000000"": ""62,000,000"", ""63000000"": ""63,000,000"", ""64000000"": ""64,000,000"", ""65000000"": ""65,000,000"", ""66000000"": ""66,000,000"", ""67000000"": ""67,000,000"", ""68000000"": ""68,000,000"", ""69000000"": ""69,000,000"", ""70000000"": ""70,000,000"", ""71000000"": ""71,000,000"", ""72000000"": ""72,000,000"", ""73000000"": ""73,000,000"", ""74000000"": ""74,000,000"", ""75000000"": ""75,000,000"", ""76000000"": ""76,000,000"", ""77000000"": ""77,000,000"", ""78000000"": ""78,000,000"", ""79000000"": ""79,000,000"", ""80000000"": ""80,000,000"", ""81000000"": ""81,000,000"", ""82000000"": ""82,000,000"", ""83000000"": ""83,000,000"", ""84000000"": ""84,000,000"", ""85000000"": ""85,000,000"", ""86000000"": ""86,000,000"", ""87000000"": ""87,000,000"", ""88000000"": ""88,000,000"", ""89000000"": ""89,000,000"", ""90000000"": ""90,000,000"", ""91000000"": ""91,000,000"", ""92000000"": ""92,000,000"", ""93000000"": ""93,000,000"", ""94000000"": ""94,000,000"", ""95000000"": ""95,000,000"", ""96000000"": ""96,000,000"", ""97000000"": ""97,000,000"", ""98000000"": ""98,000,000"", ""99000000"": ""99,000,000"", ""100000000"": ""100,000,000"", ""101000000"": ""101,000,000"", ""102000000"": ""102,000,000"", ""103000000"": ""103,000,000"", ""104000000"": ""104,000,000"", ""105000000"": ""105,000,000"", ""106000000"": ""106,000,000"", ""107000000"": ""107,000,000"", ""108000000"": ""108,000,000"", ""109000000"": ""109,000,000"", ""110000000"": ""110,000,000"", ""111000000"": ""111,000,000"", ""112000000"": ""112,000,000"", ""113000000"": ""113,000,000"", ""114000000"": ""114,000,000"", ""115000000"": ""115,000,000"", ""116000000"": ""116,000,000"", ""117000000"": ""117,000,000"", ""118000000"": ""118,000,000"", ""119000000"": ""119,000,000"", ""120000000"": ""120,000,000"", ""121000000"": ""121,000,000"", ""122000000"": ""122,000,000"", ""123000000"": ""123,000,000"", ""124000000"": ""124,000,000"", ""125000000"": ""125,000,000"", ""126000000"": ""126,000,000"", ""127000000"": ""127,000,000"", ""128000000"": ""128,000,000"", ""129000000"": ""129,000,000"", ""130000000"": ""130,000,000"", ""131000000"": ""131,000,000"", ""132000000"": ""132,000,000"", ""133000000"": ""133,000,000"", ""134000000"": ""134,000,000"", ""135000000"": ""135,000,000"", ""136000000"": ""136,000,000"", ""137000000"": ""137,000,000"", ""138000000"": ""138,000,000"", ""139000000"": ""139,000,000"", ""140000000"": ""140,000,000"", ""141000000"": ""141,000,000"", ""142000000"": ""142,000,000"", ""143000000"": ""143,000,000"", ""144000000"": ""144,000,000"", ""145000000"": ""145,000,000"", ""146000000"": ""146,000,000"", ""147000000"": ""147,000,000"", ""148000000"": ""148,000,000"", ""149000000"": ""149,000,000"", ""150000000"": ""150,000,000"", ""151000000"": ""151,000,000"", ""159000000"": ""159,000,000"", ""173000000"": ""173,000,000"", ""179000000"": ""179,000,000"", ""181000000"": ""181,000,000"", ""187000000"": ""187,000,000"", ""201000000"": ""201,000,000"", ""203000000"": ""203,000,000"", ""208000000"": ""208,000,000"", ""215000000"": ""215,000,000"", ""225000000"": ""225,000,000"", ""229000000"": ""229,000,000"", ""237000000"": ""237,000,000"", ""243000000"": ""243,000,000"", ""247000000"": ""247,000,000"", ""251000000"": ""251,000,000"", ""257000000"": ""257,000,000"", ""266000000"": ""266,000,000"", ""269000000"": ""269,000,000"", ""271000000"": ""271,000,000"", ""285000000"": ""285,000,000"", ""291000000"": ""291,000,000"", ""295000000"": ""295,000,000"", ""298000000"": ""298,000,000"", ""299000000"": ""299,000,000"", ""300000000"": ""300,000,000"", ""301000000"": ""301,000,000"", ""313000000"": ""313,000,000"", ""324000000"": ""324,000,000"", ""335000000"": ""335,000,000"", ""351000000"": ""351,000,000"", ""353000000"": ""353,000,000"", ""357000000"": ""357,000,000"", ""379000000"": ""379,000,000"", ""382000000"": ""382,000,000"", ""401000000"": ""401,000,000"", ""411000000"": ""411,000,000"", ""423000000"": ""423,000,000"", ""440000000"": ""440,000,000"", ""445000000"": ""445,000,000"", ""448000000"": ""448,000,000"", ""449000000"": ""449,000,000"", ""450000000"": ""450,000,000""}",formatter fn 0x2e13c run in the emulator (emu/t8.log); 189 of 446 values sampled,REPLAY TYPE (11) is FIXED and REPLAY LEVELS (14) >= 3,,0x22a58 FUN_00022998,observed
20,STANDARD ADJUSTMENTS,STANDARD ADJUSTMENT #10,REPLAY LEVEL #4,0x40de498,0x21020a0,60000000,"60,000,000",60000000,5000000,600000000,1000000,yes,25,0x2e13c,"{""5000000"": ""5,000,000"", ""6000000"": ""6,000,000"", ""7000000"": ""7,000,000"", ""8000000"": ""8,000,000"", ""9000000"": ""9,000,000"", ""10000000"": ""10,000,000"", ""11000000"": ""11,000,000"", ""12000000"": ""12,000,000"", ""13000000"": ""13,000,000"", ""14000000"": ""14,000,000"", ""15000000"": ""15,000,000"", ""16000000"": ""16,000,000"", ""17000000"": ""17,000,000"", ""18000000"": ""18,000,000"", ""19000000"": ""19,000,000"", ""20000000"": ""20,000,000"", ""21000000"": ""21,000,000"", ""22000000"": ""22,000,000"", ""23000000"": ""23,000,000"", ""24000000"": ""24,000,000"", ""25000000"": ""25,000,000"", ""26000000"": ""26,000,000"", ""27000000"": ""27,000,000"", ""28000000"": ""28,000,000"", ""29000000"": ""29,000,000"", ""30000000"": ""30,000,000"", ""31000000"": ""31,000,000"", ""32000000"": ""32,000,000"", ""33000000"": ""33,000,000"", ""34000000"": ""34,000,000"", ""35000000"": ""35,000,000"", ""36000000"": ""36,000,000"", ""37000000"": ""37,000,000"", ""38000000"": ""38,000,000"", ""39000000"": ""39,000,000"", ""40000000"": ""40,000,000"", ""41000000"": ""41,000,000"", ""42000000"": ""42,000,000"", ""43000000"": ""43,000,000"", ""44000000"": ""44,000,000"", ""45000000"": ""45,000,000"", ""46000000"": ""46,000,000"", ""47000000"": ""47,000,000"", ""48000000"": ""48,000,000"", ""49000000"": ""49,000,000"", ""50000000"": ""50,000,000"", ""51000000"": ""51,000,000"", ""52000000"": ""52,000,000"", ""53000000"": ""53,000,000"", ""54000000"": ""54,000,000"", ""55000000"": ""55,000,000"", ""56000000"": ""56,000,000"", ""57000000"": ""57,000,000"", ""58000000"": ""58,000,000"", ""59000000"": ""59,000,000"", ""60000000"": ""60,000,000"", ""61000000"": ""61,000,000"", ""62000000"": ""62,000,000"", ""63000000"": ""63,000,000"", ""64000000"": ""64,000,000"", ""65000000"": ""65,000,000"", ""66000000"": ""66,000,000"", ""67000000"": ""67,000,000"", ""68000000"": ""68,000,000"", ""69000000"": ""69,000,000"", ""70000000"": ""70,000,000"", ""71000000"": ""71,000,000"", ""72000000"": ""72,000,000"", ""73000000"": ""73,000,000"", ""74000000"": ""74,000,000"", ""75000000"": ""75,000,000"", ""76000000"": ""76,000,000"", ""77000000"": ""77,000,000"", ""78000000"": ""78,000,000"", ""79000000"": ""79,000,000"", ""80000000"": ""80,000,000"", ""81000000"": ""81,000,000"", ""82000000"": ""82,000,000"", ""83000000"": ""83,000,000"", ""84000000"": ""84,000,000"", ""85000000"": ""85,000,000"", ""86000000"": ""86,000,000"", ""87000000"": ""87,000,000"", ""88000000"": ""88,000,000"", ""89000000"": ""89,000,000"", ""90000000"": ""90,000,000"", ""91000000"": ""91,000,000"", ""92000000"": ""92,000,000"", ""93000000"": ""93,000,000"", ""94000000"": ""94,000,000"", ""95000000"": ""95,000,000"", ""96000000"": ""96,000,000"", ""97000000"": ""97,000,000"", ""98000000"": ""98,000,000"", ""99000000"": ""99,000,000"", ""100000000"": ""100,000,000"", ""101000000"": ""101,000,000"", ""102000000"": ""102,000,000"", ""103000000"": ""103,000,000"", ""104000000"": ""104,000,000"", ""105000000"": ""105,000,000"", ""106000000"": ""106,000,000"", ""107000000"": ""107,000,000"", ""108000000"": ""108,000,000"", ""109000000"": ""109,000,000"", ""110000000"": ""110,000,000"", ""111000000"": ""111,000,000"", ""112000000"": ""112,000,000"", ""113000000"": ""113,000,000"", ""114000000"": ""114,000,000"", ""115000000"": ""115,000,000"", ""116000000"": ""116,000,000"", ""117000000"": ""117,000,000"", ""118000000"": ""118,000,000"", ""119000000"": ""119,000,000"", ""120000000"": ""120,000,000"", ""121000000"": ""121,000,000"", ""122000000"": ""122,000,000"", ""123000000"": ""123,000,000"", ""124000000"": ""124,000,000"", ""125000000"": ""125,000,000"", ""126000000"": ""126,000,000"", ""127000000"": ""127,000,000"", ""128000000"": ""128,000,000"", ""129000000"": ""129,000,000"", ""130000000"": ""130,000,000"", ""131000000"": ""131,000,000"", ""132000000"": ""132,000,000"", ""133000000"": ""133,000,000"", ""134000000"": ""134,000,000"", ""135000000"": ""135,000,000"", ""136000000"": ""136,000,000"", ""137000000"": ""137,000,000"", ""138000000"": ""138,000,000"", ""139000000"": ""139,000,000"", ""140000000"": ""140,000,000"", ""141000000"": ""141,000,000"", ""142000000"": ""142,000,000"", ""143000000"": ""143,000,000"", ""144000000"": ""144,000,000"", ""145000000"": ""145,000,000"", ""146000000"": ""146,000,000"", ""147000000"": ""147,000,000"", ""148000000"": ""148,000,000"", ""149000000"": ""149,000,000"", ""150000000"": ""150,000,000"", ""151000000"": ""151,000,000"", ""159000000"": ""159,000,000"", ""173000000"": ""173,000,000"", ""179000000"": ""179,000,000"", ""181000000"": ""181,000,000"", ""187000000"": ""187,000,000"", ""201000000"": ""201,000,000"", ""203000000"": ""203,000,000"", ""208000000"": ""208,000,000"", ""215000000"": ""215,000,000"", ""225000000"": ""225,000,000"", ""229000000"": ""229,000,000"", ""237000000"": ""237,000,000"", ""243000000"": ""243,000,000"", ""247000000"": ""247,000,000"", ""251000000"": ""251,000,000"", ""257000000"": ""257,000,000"", ""266000000"": ""266,000,000"", ""269000000"": ""269,000,000"", ""271000000"": ""271,000,000"", ""285000000"": ""285,000,000"", ""291000000"": ""291,000,000"", ""295000000"": ""295,000,000"", ""298000000"": ""298,000,000"", ""299000000"": ""299,000,000"", ""300000000"": ""300,000,000"", ""301000000"": ""301,000,000"", ""313000000"": ""313,000,000"", ""324000000"": ""324,000,000"", ""335000000"": ""335,000,000"", ""351000000"": ""351,000,000"", ""353000000"": ""353,000,000"", ""357000000"": ""357,000,000"", ""379000000"": ""379,000,000"", ""382000000"": ""382,000,000"", ""401000000"": ""401,000,000"", ""411000000"": ""411,000,000"", ""423000000"": ""423,000,000"", ""440000000"": ""440,000,000"", ""445000000"": ""445,000,000"", ""448000000"": ""448,000,000"", ""449000000"": ""449,000,000"", ""450000000"": ""450,000,000"", ""451000000"": ""451,000,000"", ""469000000"": ""469,000,000"", ""498000000"": ""498,000,000"", ""501000000"": ""501,000,000"", ""527000000"": ""527,000,000"", ""551000000"": ""551,000,000"", ""556000000"": ""556,000,000"", ""585000000"": ""585,000,000"", ""598000000"": ""598,000,000"", ""599000000"": ""599,000,000"", ""600000000"": ""600,000,000""}",formatter fn 0x2e13c run in the emulator (emu/t8.log); 200 of 596 values sampled,REPLAY TYPE (11) is FIXED and REPLAY LEVELS (14) >= 4,,0x22a58 FUN_00022998,observed
21,STANDARD ADJUSTMENTS,STANDARD ADJUSTMENT #11,REPLAY BOOST,0x40de4b8,0x21020a8,1,YES,1,0,1,1,yes,9,msg list 0x3939c,"{""0"": ""NO"", ""1"": ""YES""}","msg list 0x3939c (0x2,0x3)",REPLAY TYPE (11) is FIXED or AUTO,,0x22a04 FUN_00022998; 0x22a64 FUN_00022998,observed
22,STANDARD ADJUSTMENTS,STANDARD ADJUSTMENT #12,SPECIAL LIMIT,0x40de4d8,0x21020b0,1,1,1,0,6,1,yes,27,0x2e16c,"{""0"": ""NO SPECIALS"", ""1"": ""1"", ""2"": ""2"", ""3"": ""3"", ""4"": ""4"", ""5"": ""5"", ""6"": ""UNLIMITED""}",formatter fn 0x2e16c run in the emulator (emu/t8.log),always,,0x23f8c FUN_00023f74,observed
23,STANDARD ADJUSTMENTS,STANDARD ADJUSTMENT #14,SPECIAL AWARD,0x40de4f8,0x21020b8,0,CREDIT,0,0,4,1,yes,26,msg list 0x3843c,"{""0"": ""CREDIT"", ""1"": ""TICKET"", ""2"": ""TOKEN"", ""3"": ""POINTS"", ""4"": ""EXTRA BALL""}","msg list 0x3843c (0x290,0x291,0x292,0x293,0x294)",SPECIAL LIMIT (22) != 0,,0x240e0 special_award,observed
24,STANDARD ADJUSTMENTS,STANDARD ADJUSTMENT #13,SPECIAL PERCENTAGE,0x40de518,0x21020c0,10,10%,10,1,50,1,yes,6,0x32b14,"{""1"": ""1%"", ""2"": ""2%"", ""3"": ""3%"", ""4"": ""4%"", ""5"": ""5%"", ""6"": ""6%"", ""7"": ""7%"", ""8"": ""8%"", ""9"": ""9%"", ""10"": ""10%"", ""11"": ""11%"", ""12"": ""12%"", ""13"": ""13%"", ""14"": ""14%"", ""15"": ""15%"", ""16"": ""16%"", ""17"": ""17%"", ""18"": ""18%"", ""19"": ""19%"", ""20"": ""20%"", ""21"": ""21%"", ""22"": ""22%"", ""23"": ""23%"", ""24"": ""24%"", ""25"": ""25%"", ""26"": ""26%"", ""27"": ""27%"", ""28"": ""28%"", ""29"": ""29%"", ""30"": ""30%"", ""31"": ""31%"", ""32"": ""32%"", ""33"": ""33%"", ""34"": ""34%"", ""35"": ""35%"", ""36"": ""36%"", ""37"": ""37%"", ""38"": ""38%"", ""39"": ""39%"", ""40"": ""40%"", ""41"": ""41%"", ""42"": ""42%"", ""43"": ""43%"", ""44"": ""44%"", ""45"": ""45%"", ""46"": ""46%"", ""47"": ""47%"", ""48"": ""48%"", ""49"": ""49%"", ""50"": ""50%""}",formatter fn 0x32b14 run in the emulator (emu/t8.log),SPECIAL LIMIT (22) != 0,,0x100e384 FUN_0100e358,observed
25,STANDARD ADJUSTMENTS,STANDARD ADJUSTMENT #15,FREE GAME LIMIT,0x40de538,0x21020c8,5,5,5,0,10,1,yes,14,0x2e06c,"{""0"": ""NO FREE GAMES"", ""1"": ""1"", ""2"": ""2"", ""3"": ""3"", ""4"": ""4"", ""5"": ""5"", ""6"": ""6"", ""7"": ""7"", ""8"": ""8"", ""9"": ""9"", ""10"": ""UNLIMITED""}",formatter fn 0x2e06c run in the emulator (emu/t8.log),always,CHUCK-E-CHEESE=1,none (no adj_get call site; see README),observed
26,STANDARD ADJUSTMENTS,STANDARD ADJUSTMENT #16,EXTRA BALL LIMIT,0x40de558,0x21020d0,5,5,5,0,10,1,yes,12,0x2e020,"{""0"": ""NO EXTRA BALLS"", ""1"": ""1"", ""2"": ""2"", ""3"": ""3"", ""4"": ""4"", ""5"": ""5"", ""6"": ""6"", ""7"": ""7"", ""8"": ""8"", ""9"": ""9"", ""10"": ""UNLIMITED""}",formatter fn 0x2e020 run in the emulator (emu/t8.log),always,CHUCK-E-CHEESE=9,0x1a04c FUN_0001a034,observed
27,STANDARD ADJUSTMENTS,STANDARD ADJUSTMENT #17,EXTRA BALL PERCENTAGE,0x40de578,0x21020d8,25,25%,25,1,50,1,yes,6,0x32b14,"{""1"": ""1%"", ""2"": ""2%"", ""3"": ""3%"", ""4"": ""4%"", ""5"": ""5%"", ""6"": ""6%"", ""7"": ""7%"", ""8"": ""8%"", ""9"": ""9%"", ""10"": ""10%"", ""11"": ""11%"", ""12"": ""12%"", ""13"": ""13%"", ""14"": ""14%"", ""15"": ""15%"", ""16"": ""16%"", ""17"": ""17%"", ""18"": ""18%"", ""19"": ""19%"", ""20"": ""20%"", ""21"": ""21%"", ""22"": ""22%"", ""23"": ""23%"", ""24"": ""24%"", ""25"": ""25%"", ""26"": ""26%"", ""27"": ""27%"", ""28"": ""28%"", ""29"": ""29%"", ""30"": ""30%"", ""31"": ""31%"", ""32"": ""32%"", ""33"": ""33%"", ""34"": ""34%"", ""35"": ""35%"", ""36"": ""36%"", ""37"": ""37%"", ""38"": ""38%"", ""39"": ""39%"", ""40"": ""40%"", ""41"": ""41%"", ""42"": ""42%"", ""43"": ""43%"", ""44"": ""44%"", ""45"": ""45%"", ""46"": ""46%"", ""47"": ""47%"", ""48"": ""48%"", ""49"": ""49%"", ""50"": ""50%""}",formatter fn 0x32b14 run in the emulator (emu/t8.log),EXTRA BALL LIMIT (26) != 0,FRANCE=10,0x1000a10 FUN_010009a8; 0x100e30c FUN_0100e2e0,observed
28,STANDARD ADJUSTMENTS,STANDARD ADJUSTMENT #18,GAME PRICING,0x40de598,0x21020e0,62,USA 10,62,0,64,1,yes,15,0x2e0fc,"{""0"": ""AUSTRALIA 1"", ""1"": ""AUSTRALIA 2"", ""2"": ""AUSTRALIA 3"", ""3"": ""AUSTRALIA 4"", ""4"": ""AUSTRALIA 5"", ""5"": ""AUSTRALIA 6"", ""6"": ""CANADA 1"", ""7"": ""CANADA 2"", ""8"": ""CROATIA"", ""9"": ""DENMARK 1"", ""10"": ""DENMARK 2"", ""11"": ""EURO 1"", ""12"": ""EURO 2"", ""13"": ""EURO 3"", ""14"": ""EURO 4"", ""15"": ""EURO 5"", ""16"": ""EURO 6"", ""17"": ""EURO 7"", ""18"": ""EURO 8"", ""19"": ""EURO 9"", ""20"": ""EURO 10"", ""21"": ""EURO 11"", ""22"": ""EURO 12"", ""23"": ""GERMANY 1"", ""24"": ""GERMANY 2"", ""25"": ""GERMANY 3"", ""26"": ""ITALY 1"", ""27"": ""ITALY 2"", ""28"": ""JAPAN 1"", ""29"": ""JAPAN 2"", ""30"": ""LITHUANIA"", ""31"": ""MIDDLE EAST"", ""32"": ""NEW ZEALAND 1"", ""33"": ""NEW ZEALAND 2"", ""34"": ""NORWAY 1"", ""35"": ""NORWAY 2"", ""36"": ""NORWAY 3"", ""37"": ""NORWAY 4"", ""38"": ""PORTUGAL"", ""39"": ""RUSSIA"", ""40"": ""SOUTH AFRICA 1"", ""41"": ""SOUTH AFRICA 2"", ""42"": ""SWEDEN 1"", ""43"": ""SWEDEN 2"", ""44"": ""SWITZERLAND 1"", ""45"": ""SWITZERLAND 2"", ""46"": ""TAIWAN"", ""47"": ""UK 1"", ""48"": ""UK 2"", ""49"": ""UK 3"", ""50"": ""UK 4"", ""51"": ""UK 5"", ""52"": ""UK 6"", ""53"": ""USA 1"", ""54"": ""USA 2"", ""55"": ""USA 3"", ""56"": ""USA 4"", ""57"": ""USA 5"", ""58"": ""USA 6"", ""59"": ""USA 7"", ""60"": ""USA 8"", ""61"": ""USA 9"", ""62"": ""USA 10"", ""63"": ""USA 11"", ""64"": ""CUSTOM""}",formatter fn 0x2e0fc run in the emulator (emu/t8.log),always,AUSTRIA=19; BELGIUM=11; CANADA 1=6; NETHERLANDS=13; FINLAND=18; FRANCE=20; GERMANY=24; ITALY=26; DENMARK=9; NORWAY=34; SWEDEN=42; SWITZERLAND=44; AUSTRALIA=2; U.K.=51; GREECE=18; NEW ZEALAND=32; PORTUGAL=38; SPAIN=18; CHUCK-E-CHEESE=53; SOUTH AFRICA=40; JAPAN=29; CROATIA=8; MIDDLE EAST=31; TAIWAN=46; RUSSIA=39; CANADA 2=7; LITHUANIA=30,0x49ac FUN_00004990,observed
29,STANDARD ADJUSTMENTS,STANDARD ADJUSTMENT #20,MATCH AWARD,0x40de5b8,0x21020e8,0,CREDIT,0,0,2,1,yes,19,msg list 0x38418,"{""0"": ""CREDIT"", ""1"": ""TICKET"", ""2"": ""TOKEN""}","msg list 0x38418 (0x2d9,0x2da,0x2db)",MATCH PERCENTAGE (30) != OFF,,0x1b8b8 match_award,observed
30,STANDARD ADJUSTMENTS,STANDARD ADJUSTMENT #19,MATCH PERCENTAGE,0x40de5d8,0x21020f0,9,9%,9,0,11,1,yes,20,0x2e0bc,"{""0"": ""0%"", ""1"": ""1%"", ""2"": ""2%"", ""3"": ""3%"", ""4"": ""4%"", ""5"": ""5%"", ""6"": ""6%"", ""7"": ""7%"", ""8"": ""8%"", ""9"": ""9%"", ""10"": ""10%"", ""11"": ""OFF""}",formatter fn 0x2e0bc run in the emulator (emu/t8.log),always,FRANCE=10; CHUCK-E-CHEESE=11,0x1b678 match; 0x342ec FUN_00034124,observed
31,STANDARD ADJUSTMENTS,STANDARD ADJUSTMENT #21,BALLS PER GAME,0x40de5f8,0x21020f8,3,3,3,1,10,1,yes,4,0x32ac8,"{""1"": ""1"", ""2"": ""2"", ""3"": ""3"", ""4"": ""4"", ""5"": ""5"", ""6"": ""6"", ""7"": ""7"", ""8"": ""8"", ""9"": ""9"", ""10"": ""10""}",formatter fn 0x32ac8 run in the emulator (emu/t8.log),always,,0x213e0 FUN_000213c0; 0x25918 FUN_00025910,observed
32,STANDARD ADJUSTMENTS,STANDARD ADJUSTMENT #22,TILT WARNINGS,0x40de618,0x2102100,2,2,2,0,3,1,yes,4,0x32ac8,"{""0"": ""0"", ""1"": ""1"", ""2"": ""2"", ""3"": ""3""}",formatter fn 0x32ac8 run in the emulator (emu/t8.log),always,,0x243b4 tilt_warning,observed
33,STANDARD ADJUSTMENTS,STANDARD ADJUSTMENT #23,CREDIT LIMIT,0x40de638,0x2102108,30,30,30,4,50,1,yes,4,0x32ac8,"{""4"": ""4"", ""5"": ""5"", ""6"": ""6"", ""7"": ""7"", ""8"": ""8"", ""9"": ""9"", ""10"": ""10"", ""11"": ""11"", ""12"": ""12"", ""13"": ""13"", ""14"": ""14"", ""15"": ""15"", ""16"": ""16"", ""17"": ""17"", ""18"": ""18"", ""19"": ""19"", ""20"": ""20"", ""21"": ""21"", ""22"": ""22"", ""23"": ""23"", ""24"": ""24"", ""25"": ""25"", ""26"": ""26"", ""27"": ""27"", ""28"": ""28"", ""29"": ""29"", ""30"": ""30"", ""31"": ""31"", ""32"": ""32"", ""33"": ""33"", ""34"": ""34"", ""35"": ""35"", ""36"": ""36"", ""37"": ""37"", ""38"": ""38"", ""39"": ""39"", ""40"": ""40"", ""41"": ""41"", ""42"": ""42"", ""43"": ""43"", ""44"": ""44"", ""45"": ""45"", ""46"": ""46"", ""47"": ""47"", ""48"": ""48"", ""49"": ""49"", ""50"": ""50""}",formatter fn 0x32ac8 run in the emulator (emu/t8.log),always,U.K.=9; CHUCK-E-CHEESE=10,0x48c8 FUN_00004890,observed
34,STANDARD ADJUSTMENTS,STANDARD ADJUSTMENT #38,FREE PLAY,0x40de658,0x2102110,0,NO,0,0,1,1,yes,9,msg list 0x3939c,"{""0"": ""NO"", ""1"": ""YES""}","msg list 0x3939c (0x2,0x3)",always,,0x4fdc FUN_00004fb4,observed
35,STANDARD ADJUSTMENTS,STANDARD ADJUSTMENT #44,KNOCKER VOLUME,0x40de678,0x2102118,2,NORMAL,2,0,2,1,yes,18,msg list 0x38410,"{""0"": ""OFF"", ""1"": ""LOW"", ""2"": ""NORMAL""}","msg list 0x38410 (0x2dd,0x2de,0x2df)",always,GERMANY=1,0x1b4b8 FUN_0001b418,observed
36,STANDARD ADJUSTMENTS,STANDARD ADJUSTMENT #45,GAME RESTART,0x40de698,0x2102120,1,YES,1,0,1,1,yes,9,msg list 0x3939c,"{""0"": ""NO"", ""1"": ""YES""}","msg list 0x3939c (0x2,0x3)",always,NETHERLANDS=0; FRANCE=0; NORWAY=0; SWEDEN=0; CHUCK-E-CHEESE=0,0x20f28 start_button,observed
37,STANDARD ADJUSTMENTS,STANDARD ADJUSTMENT #46,BILL VALIDATOR,0x40de6b8,0x2102128,0,NO,0,0,1,1,yes,9,msg list 0x3939c,"{""0"": ""NO"", ""1"": ""YES""}","msg list 0x3939c (0x2,0x3)",always,,none (no adj_get call site; see README),observed
38,STANDARD ADJUSTMENTS,STANDARD ADJUSTMENT #48,BALL SAVE TIME,0x40de6d8,0x2102130,5, 0:05,5,0,16,1,yes,11,0x2dfb4,"{""0"": ""NO BALL SAVES"", ""1"": "" 0:01"", ""2"": "" 0:02"", ""3"": "" 0:03"", ""4"": "" 0:04"", ""5"": "" 0:05"", ""6"": "" 0:06"", ""7"": "" 0:07"", ""8"": "" 0:08"", ""9"": "" 0:09"", ""10"": "" 0:10"", ""11"": "" 0:11"", ""12"": "" 0:12"", ""13"": "" 0:13"", ""14"": "" 0:14"", ""15"": "" 0:15"", ""16"": ""AUTO""}",formatter fn 0x2dfb4 run in the emulator (emu/t8.log),always,CHUCK-E-CHEESE=5,0x19ad0 ball_save_arm,observed
39,STANDARD ADJUSTMENTS,STANDARD ADJUSTMENT #49,TIMED PLUNGER,0x40de6f8,0x2102138,0,OFF,0,0,60,1,yes,28,0x2e214,"{""0"": ""OFF"", ""1"": ""0:01"", ""2"": ""0:02"", ""3"": ""0:03"", ""4"": ""0:04"", ""5"": ""0:05"", ""6"": ""0:06"", ""7"": ""0:07"", ""8"": ""0:08"", ""9"": ""0:09"", ""10"": ""0:10"", ""11"": ""0:11"", ""12"": ""0:12"", ""13"": ""0:13"", ""14"": ""0:14"", ""15"": ""0:15"", ""16"": ""0:16"", ""17"": ""0:17"", ""18"": ""0:18"", ""19"": ""0:19"", ""20"": ""0:20"", ""21"": ""0:21"", ""22"": ""0:22"", ""23"": ""0:23"", ""24"": ""0:24"", ""25"": ""0:25"", ""26"": ""0:26"", ""27"": ""0:27"", ""28"": ""0:28"", ""29"": ""0:29"", ""30"": ""0:30"", ""31"": ""0:31"", ""32"": ""0:32"", ""33"": ""0:33"", ""34"": ""0:34"", ""35"": ""0:35"", ""36"": ""0:36"", ""37"": ""0:37"", ""38"": ""0:38"", ""39"": ""0:39"", ""40"": ""0:40"", ""41"": ""0:41"", ""42"": ""0:42"", ""43"": ""0:43"", ""44"": ""0:44"", ""45"": ""0:45"", ""46"": ""0:46"", ""47"": ""0:47"", ""48"": ""0:48"", ""49"": ""0:49"", ""50"": ""0:50"", ""51"": ""0:51"", ""52"": ""0:52"", ""53"": ""0:53"", ""54"": ""0:54"", ""55"": ""0:55"", ""56"": ""0:56"", ""57"": ""0:57"", ""58"": ""0:58"", ""59"": ""0:59"", ""60"": ""1:00""}",formatter fn 0x2e214 run in the emulator (emu/t8.log),always,FRANCE=60; CHUCK-E-CHEESE=60,0x1e62c FUN_0001e614,observed
40,STANDARD ADJUSTMENTS,STANDARD ADJUSTMENT #50,FLIPPER BALL LAUNCH,0x40de718,0x2102140,0,OFF,0,0,4,1,yes,13,msg list 0x383f6,"{""0"": ""OFF"", ""1"": ""LEFT FLIPPER"", ""2"": ""RIGHT FLIPPER"", ""3"": ""EITHER FLIPPER"", ""4"": ""BOTH FLIPPERS""}","msg list 0x383f6 (0x2e3,0x2e4,0x2e5,0x2e6,0x2e7)",always,CHUCK-E-CHEESE=2,0x2dcf4 FUN_0002dcc0; 0x2dd04 FUN_0002dcc0; 0x2dde0 FUN_0002dcc0,observed
41,STANDARD ADJUSTMENTS,STANDARD ADJUSTMENT #51,COINDOOR BALL SAVER,0x40de738,0x2102148,0,NO,0,0,1,1,yes,9,msg list 0x3939c,"{""0"": ""NO"", ""1"": ""YES""}","msg list 0x3939c (0x2,0x3)",always,CHUCK-E-CHEESE=1,0x1ea34 FUN_0001ea28,observed
42,STANDARD ADJUSTMENTS,STANDARD ADJUSTMENT #52,COMPETITION MODE,0x40de758,0x2102150,0,NO,0,0,1,1,yes,9,msg list 0x3939c,"{""0"": ""NO"", ""1"": ""YES""}","msg list 0x3939c (0x2,0x3)",always,,0x19ea4 FUN_00019e98,observed
43,STANDARD ADJUSTMENTS,STANDARD ADJUSTMENT #53,CONSOLATION BALL,0x40de778,0x2102158,1,YES,1,0,1,1,yes,9,msg list 0x3939c,"{""0"": ""NO"", ""1"": ""YES""}","msg list 0x3939c (0x2,0x3)",always,,none (no adj_get call site; see README),observed
44,STANDARD ADJUSTMENTS,STANDARD ADJUSTMENT #55,Q24 OPTION,0x40de798,0x2102160,0,COIN METER,0,0,2,1,yes,21,msg list 0x38420,"{""0"": ""COIN METER"", ""1"": ""TOKEN DISPENSER"", ""2"": ""KNOCKER""}","msg list 0x38420 (0x2e8,0x2e9,0x2ea)",always,,0xa744 FUN_0000a6f0; 0x1b390 FUN_0001b370,observed
45,STANDARD ADJUSTMENTS,STANDARD ADJUSTMENT #56,TICKET DISPENSER,0x40de7b8,0x2102168,0,NONE,0,0,4,1,yes,22,0x2e1bc,"{""0"": ""NONE"", ""1"": ""DELTRONIC DL-1275 WIDE"", ""2"": ""DELTRONIC DL-1275 STD."", ""3"": ""ENTROPY 2000 TD-963CR"", ""4"": ""BENCHMARK INTELLI-DUAL""}",formatter fn 0x2e1bc run in the emulator (emu/t8.log),always,CHUCK-E-CHEESE=1,none (no adj_get call site; see README),observed
46,STANDARD ADJUSTMENTS,STANDARD ADJUSTMENT #57,PLAYER COMPETITION,0x40de7d8,0x2102170,1,YES,1,0,1,1,yes,9,msg list 0x3939c,"{""0"": ""NO"", ""1"": ""YES""}","msg list 0x3939c (0x2,0x3)",always,,0x19eec FUN_00019ecc,observed
47,STANDARD ADJUSTMENTS,STANDARD ADJUSTMENT #58,TEAM SCORES,0x40de7f8,0x2102178,0,NO,0,0,1,1,yes,9,msg list 0x3939c,"{""0"": ""NO"", ""1"": ""YES""}","msg list 0x3939c (0x2,0x3)",always,,none (no adj_get call site; see README),observed
48,STANDARD ADJUSTMENTS,STANDARD ADJUSTMENT #24,ALLOW HIGH SCORES,0x40de818,0x2102180,1,YES,1,0,1,1,yes,9,msg list 0x3939c,"{""0"": ""NO"", ""1"": ""YES""}","msg list 0x3939c (0x2,0x3)",always,,0x1a508 FUN_0001a4f0; 0x1a6b4 FUN_0001a6ac; 0x34300 FUN_00034124,observed
49,STANDARD ADJUSTMENTS,STANDARD ADJUSTMENT #31,GRAND CHAMPION SCORE,0x40de838,0x2102188,75000000,"75,000,000",75000000,1000000,1000000000,1000000,yes,25,0x2e13c,"{""1000000"": ""1,000,000"", ""2000000"": ""2,000,000"", ""3000000"": ""3,000,000"", ""4000000"": ""4,000,000"", ""5000000"": ""5,000,000"", ""6000000"": ""6,000,000"", ""7000000"": ""7,000,000"", ""8000000"": ""8,000,000"", ""9000000"": ""9,000,000"", ""10000000"": ""10,000,000"", ""11000000"": ""11,000,000"", ""12000000"": ""12,000,000"", ""13000000"": ""13,000,000"", ""14000000"": ""14,000,000"", ""15000000"": ""15,000,000"", ""16000000"": ""16,000,000"", ""17000000"": ""17,000,000"", ""18000000"": ""18,000,000"", ""19000000"": ""19,000,000"", ""20000000"": ""20,000,000"", ""21000000"": ""21,000,000"", ""22000000"": ""22,000,000"", ""23000000"": ""23,000,000"", ""24000000"": ""24,000,000"", ""25000000"": ""25,000,000"", ""26000000"": ""26,000,000"", ""27000000"": ""27,000,000"", ""28000000"": ""28,000,000"", ""29000000"": ""29,000,000"", ""30000000"": ""30,000,000"", ""31000000"": ""31,000,000"", ""32000000"": ""32,000,000"", ""33000000"": ""33,000,000"", ""34000000"": ""34,000,000"", ""35000000"": ""35,000,000"", ""36000000"": ""36,000,000"", ""37000000"": ""37,000,000"", ""38000000"": ""38,000,000"", ""39000000"": ""39,000,000"", ""40000000"": ""40,000,000"", ""41000000"": ""41,000,000"", ""42000000"": ""42,000,000"", ""43000000"": ""43,000,000"", ""44000000"": ""44,000,000"", ""45000000"": ""45,000,000"", ""46000000"": ""46,000,000"", ""47000000"": ""47,000,000"", ""48000000"": ""48,000,000"", ""49000000"": ""49,000,000"", ""50000000"": ""50,000,000"", ""51000000"": ""51,000,000"", ""52000000"": ""52,000,000"", ""53000000"": ""53,000,000"", ""54000000"": ""54,000,000"", ""55000000"": ""55,000,000"", ""56000000"": ""56,000,000"", ""57000000"": ""57,000,000"", ""58000000"": ""58,000,000"", ""59000000"": ""59,000,000"", ""60000000"": ""60,000,000"", ""61000000"": ""61,000,000"", ""62000000"": ""62,000,000"", ""63000000"": ""63,000,000"", ""64000000"": ""64,000,000"", ""65000000"": ""65,000,000"", ""66000000"": ""66,000,000"", ""67000000"": ""67,000,000"", ""68000000"": ""68,000,000"", ""69000000"": ""69,000,000"", ""70000000"": ""70,000,000"", ""71000000"": ""71,000,000"", ""72000000"": ""72,000,000"", ""73000000"": ""73,000,000"", ""74000000"": ""74,000,000"", ""75000000"": ""75,000,000"", ""76000000"": ""76,000,000"", ""77000000"": ""77,000,000"", ""78000000"": ""78,000,000"", ""79000000"": ""79,000,000"", ""80000000"": ""80,000,000"", ""81000000"": ""81,000,000"", ""82000000"": ""82,000,000"", ""83000000"": ""83,000,000"", ""84000000"": ""84,000,000"", ""85000000"": ""85,000,000"", ""86000000"": ""86,000,000"", ""87000000"": ""87,000,000"", ""88000000"": ""88,000,000"", ""89000000"": ""89,000,000"", ""90000000"": ""90,000,000"", ""91000000"": ""91,000,000"", ""92000000"": ""92,000,000"", ""93000000"": ""93,000,000"", ""94000000"": ""94,000,000"", ""95000000"": ""95,000,000"", ""96000000"": ""96,000,000"", ""97000000"": ""97,000,000"", ""98000000"": ""98,000,000"", ""99000000"": ""99,000,000"", ""100000000"": ""100,000,000"", ""101000000"": ""101,000,000"", ""102000000"": ""102,000,000"", ""103000000"": ""103,000,000"", ""104000000"": ""104,000,000"", ""105000000"": ""105,000,000"", ""106000000"": ""106,000,000"", ""107000000"": ""107,000,000"", ""108000000"": ""108,000,000"", ""109000000"": ""109,000,000"", ""110000000"": ""110,000,000"", ""111000000"": ""111,000,000"", ""112000000"": ""112,000,000"", ""113000000"": ""113,000,000"", ""114000000"": ""114,000,000"", ""115000000"": ""115,000,000"", ""116000000"": ""116,000,000"", ""117000000"": ""117,000,000"", ""118000000"": ""118,000,000"", ""119000000"": ""119,000,000"", ""120000000"": ""120,000,000"", ""121000000"": ""121,000,000"", ""122000000"": ""122,000,000"", ""123000000"": ""123,000,000"", ""124000000"": ""124,000,000"", ""125000000"": ""125,000,000"", ""126000000"": ""126,000,000"", ""127000000"": ""127,000,000"", ""128000000"": ""128,000,000"", ""129000000"": ""129,000,000"", ""130000000"": ""130,000,000"", ""131000000"": ""131,000,000"", ""132000000"": ""132,000,000"", ""133000000"": ""133,000,000"", ""134000000"": ""134,000,000"", ""135000000"": ""135,000,000"", ""136000000"": ""136,000,000"", ""137000000"": ""137,000,000"", ""138000000"": ""138,000,000"", ""139000000"": ""139,000,000"", ""140000000"": ""140,000,000"", ""141000000"": ""141,000,000"", ""142000000"": ""142,000,000"", ""143000000"": ""143,000,000"", ""144000000"": ""144,000,000"", ""145000000"": ""145,000,000"", ""146000000"": ""146,000,000"", ""147000000"": ""147,000,000"", ""148000000"": ""148,000,000"", ""149000000"": ""149,000,000"", ""150000000"": ""150,000,000"", ""151000000"": ""151,000,000"", ""159000000"": ""159,000,000"", ""173000000"": ""173,000,000"", ""179000000"": ""179,000,000"", ""181000000"": ""181,000,000"", ""187000000"": ""187,000,000"", ""201000000"": ""201,000,000"", ""203000000"": ""203,000,000"", ""208000000"": ""208,000,000"", ""215000000"": ""215,000,000"", ""225000000"": ""225,000,000"", ""229000000"": ""229,000,000"", ""237000000"": ""237,000,000"", ""243000000"": ""243,000,000"", ""247000000"": ""247,000,000"", ""251000000"": ""251,000,000"", ""257000000"": ""257,000,000"", ""266000000"": ""266,000,000"", ""269000000"": ""269,000,000"", ""271000000"": ""271,000,000"", ""285000000"": ""285,000,000"", ""291000000"": ""291,000,000"", ""295000000"": ""295,000,000"", ""298000000"": ""298,000,000"", ""299000000"": ""299,000,000"", ""300000000"": ""300,000,000"", ""301000000"": ""301,000,000"", ""313000000"": ""313,000,000"", ""324000000"": ""324,000,000"", ""335000000"": ""335,000,000"", ""351000000"": ""351,000,000"", ""353000000"": ""353,000,000"", ""357000000"": ""357,000,000"", ""379000000"": ""379,000,000"", ""382000000"": ""382,000,000"", ""401000000"": ""401,000,000"", ""411000000"": ""411,000,000"", ""423000000"": ""423,000,000"", ""440000000"": ""440,000,000"", ""445000000"": ""445,000,000"", ""448000000"": ""448,000,000"", ""449000000"": ""449,000,000"", ""450000000"": ""450,000,000"", ""451000000"": ""451,000,000"", ""469000000"": ""469,000,000"", ""498000000"": ""498,000,000"", ""501000000"": ""501,000,000"", ""527000000"": ""527,000,000"", ""551000000"": ""551,000,000"", ""556000000"": ""556,000,000"", ""585000000"": ""585,000,000"", ""598000000"": ""598,000,000"", ""599000000"": ""599,000,000"", ""600000000"": ""600,000,000"", ""601000000"": ""601,000,000"", ""651000000"": ""651,000,000"", ""701000000"": ""701,000,000"", ""751000000"": ""751,000,000"", ""801000000"": ""801,000,000"", ""851000000"": ""851,000,000"", ""901000000"": ""901,000,000"", ""951000000"": ""951,000,000"", ""998000000"": ""998,000,000"", ""999000000"": ""999,000,000"", ""1000000000"": ""1,000,000,000""}",formatter fn 0x2e13c run in the emulator (emu/t8.log); 215 of 1000 values sampled,ALLOW HIGH SCORES (48) != 0,CHUCK-E-CHEESE=5000000,0x1a780 FUN_0001a728,observed
50,STANDARD ADJUSTMENTS,STANDARD ADJUSTMENT #32,HIGH SCORE #1,0x40de858,0x2102190,55000000,"55,000,000",55000000,1000000,1000000000,1000000,yes,25,0x2e13c,"{""1000000"": ""1,000,000"", ""2000000"": ""2,000,000"", ""3000000"": ""3,000,000"", ""4000000"": ""4,000,000"", ""5000000"": ""5,000,000"", ""6000000"": ""6,000,000"", ""7000000"": ""7,000,000"", ""8000000"": ""8,000,000"", ""9000000"": ""9,000,000"", ""10000000"": ""10,000,000"", ""11000000"": ""11,000,000"", ""12000000"": ""12,000,000"", ""13000000"": ""13,000,000"", ""14000000"": ""14,000,000"", ""15000000"": ""15,000,000"", ""16000000"": ""16,000,000"", ""17000000"": ""17,000,000"", ""18000000"": ""18,000,000"", ""19000000"": ""19,000,000"", ""20000000"": ""20,000,000"", ""21000000"": ""21,000,000"", ""22000000"": ""22,000,000"", ""23000000"": ""23,000,000"", ""24000000"": ""24,000,000"", ""25000000"": ""25,000,000"", ""26000000"": ""26,000,000"", ""27000000"": ""27,000,000"", ""28000000"": ""28,000,000"", ""29000000"": ""29,000,000"", ""30000000"": ""30,000,000"", ""31000000"": ""31,000,000"", ""32000000"": ""32,000,000"", ""33000000"": ""33,000,000"", ""34000000"": ""34,000,000"", ""35000000"": ""35,000,000"", ""36000000"": ""36,000,000"", ""37000000"": ""37,000,000"", ""38000000"": ""38,000,000"", ""39000000"": ""39,000,000"", ""40000000"": ""40,000,000"", ""41000000"": ""41,000,000"", ""42000000"": ""42,000,000"", ""43000000"": ""43,000,000"", ""44000000"": ""44,000,000"", ""45000000"": ""45,000,000"", ""46000000"": ""46,000,000"", ""47000000"": ""47,000,000"", ""48000000"": ""48,000,000"", ""49000000"": ""49,000,000"", ""50000000"": ""50,000,000"", ""51000000"": ""51,000,000"", ""52000000"": ""52,000,000"", ""53000000"": ""53,000,000"", ""54000000"": ""54,000,000"", ""55000000"": ""55,000,000"", ""56000000"": ""56,000,000"", ""57000000"": ""57,000,000"", ""58000000"": ""58,000,000"", ""59000000"": ""59,000,000"", ""60000000"": ""60,000,000"", ""61000000"": ""61,000,000"", ""62000000"": ""62,000,000"", ""63000000"": ""63,000,000"", ""64000000"": ""64,000,000"", ""65000000"": ""65,000,000"", ""66000000"": ""66,000,000"", ""67000000"": ""67,000,000"", ""68000000"": ""68,000,000"", ""69000000"": ""69,000,000"", ""70000000"": ""70,000,000"", ""71000000"": ""71,000,000"", ""72000000"": ""72,000,000"", ""73000000"": ""73,000,000"", ""74000000"": ""74,000,000"", ""75000000"": ""75,000,000"", ""76000000"": ""76,000,000"", ""77000000"": ""77,000,000"", ""78000000"": ""78,000,000"", ""79000000"": ""79,000,000"", ""80000000"": ""80,000,000"", ""81000000"": ""81,000,000"", ""82000000"": ""82,000,000"", ""83000000"": ""83,000,000"", ""84000000"": ""84,000,000"", ""85000000"": ""85,000,000"", ""86000000"": ""86,000,000"", ""87000000"": ""87,000,000"", ""88000000"": ""88,000,000"", ""89000000"": ""89,000,000"", ""90000000"": ""90,000,000"", ""91000000"": ""91,000,000"", ""92000000"": ""92,000,000"", ""93000000"": ""93,000,000"", ""94000000"": ""94,000,000"", ""95000000"": ""95,000,000"", ""96000000"": ""96,000,000"", ""97000000"": ""97,000,000"", ""98000000"": ""98,000,000"", ""99000000"": ""99,000,000"", ""100000000"": ""100,000,000"", ""101000000"": ""101,000,000"", ""102000000"": ""102,000,000"", ""103000000"": ""103,000,000"", ""104000000"": ""104,000,000"", ""105000000"": ""105,000,000"", ""106000000"": ""106,000,000"", ""107000000"": ""107,000,000"", ""108000000"": ""108,000,000"", ""109000000"": ""109,000,000"", ""110000000"": ""110,000,000"", ""111000000"": ""111,000,000"", ""112000000"": ""112,000,000"", ""113000000"": ""113,000,000"", ""114000000"": ""114,000,000"", ""115000000"": ""115,000,000"", ""116000000"": ""116,000,000"", ""117000000"": ""117,000,000"", ""118000000"": ""118,000,000"", ""119000000"": ""119,000,000"", ""120000000"": ""120,000,000"", ""121000000"": ""121,000,000"", ""122000000"": ""122,000,000"", ""123000000"": ""123,000,000"", ""124000000"": ""124,000,000"", ""125000000"": ""125,000,000"", ""126000000"": ""126,000,000"", ""127000000"": ""127,000,000"", ""128000000"": ""128,000,000"", ""129000000"": ""129,000,000"", ""130000000"": ""130,000,000"", ""131000000"": ""131,000,000"", ""132000000"": ""132,000,000"", ""133000000"": ""133,000,000"", ""134000000"": ""134,000,000"", ""135000000"": ""135,000,000"", ""136000000"": ""136,000,000"", ""137000000"": ""137,000,000"", ""138000000"": ""138,000,000"", ""139000000"": ""139,000,000"", ""140000000"": ""140,000,000"", ""141000000"": ""141,000,000"", ""142000000"": ""142,000,000"", ""143000000"": ""143,000,000"", ""144000000"": ""144,000,000"", ""145000000"": ""145,000,000"", ""146000000"": ""146,000,000"", ""147000000"": ""147,000,000"", ""148000000"": ""148,000,000"", ""149000000"": ""149,000,000"", ""150000000"": ""150,000,000"", ""151000000"": ""151,000,000"", ""159000000"": ""159,000,000"", ""173000000"": ""173,000,000"", ""179000000"": ""179,000,000"", ""181000000"": ""181,000,000"", ""187000000"": ""187,000,000"", ""201000000"": ""201,000,000"", ""203000000"": ""203,000,000"", ""208000000"": ""208,000,000"", ""215000000"": ""215,000,000"", ""225000000"": ""225,000,000"", ""229000000"": ""229,000,000"", ""237000000"": ""237,000,000"", ""243000000"": ""243,000,000"", ""247000000"": ""247,000,000"", ""251000000"": ""251,000,000"", ""257000000"": ""257,000,000"", ""266000000"": ""266,000,000"", ""269000000"": ""269,000,000"", ""271000000"": ""271,000,000"", ""285000000"": ""285,000,000"", ""291000000"": ""291,000,000"", ""295000000"": ""295,000,000"", ""298000000"": ""298,000,000"", ""299000000"": ""299,000,000"", ""300000000"": ""300,000,000"", ""301000000"": ""301,000,000"", ""313000000"": ""313,000,000"", ""324000000"": ""324,000,000"", ""335000000"": ""335,000,000"", ""351000000"": ""351,000,000"", ""353000000"": ""353,000,000"", ""357000000"": ""357,000,000"", ""379000000"": ""379,000,000"", ""382000000"": ""382,000,000"", ""401000000"": ""401,000,000"", ""411000000"": ""411,000,000"", ""423000000"": ""423,000,000"", ""440000000"": ""440,000,000"", ""445000000"": ""445,000,000"", ""448000000"": ""448,000,000"", ""449000000"": ""449,000,000"", ""450000000"": ""450,000,000"", ""451000000"": ""451,000,000"", ""469000000"": ""469,000,000"", ""498000000"": ""498,000,000"", ""501000000"": ""501,000,000"", ""527000000"": ""527,000,000"", ""551000000"": ""551,000,000"", ""556000000"": ""556,000,000"", ""585000000"": ""585,000,000"", ""598000000"": ""598,000,000"", ""599000000"": ""599,000,000"", ""600000000"": ""600,000,000"", ""601000000"": ""601,000,000"", ""651000000"": ""651,000,000"", ""701000000"": ""701,000,000"", ""751000000"": ""751,000,000"", ""801000000"": ""801,000,000"", ""851000000"": ""851,000,000"", ""901000000"": ""901,000,000"", ""951000000"": ""951,000,000"", ""998000000"": ""998,000,000"", ""999000000"": ""999,000,000"", ""1000000000"": ""1,000,000,000""}",formatter fn 0x2e13c run in the emulator (emu/t8.log); 215 of 1000 values sampled,ALLOW HIGH SCORES (48) != 0,CHUCK-E-CHEESE=4000000,0x1a780 FUN_0001a728,observed
51,STANDARD ADJUSTMENTS,STANDARD ADJUSTMENT #33,HIGH SCORE #2,0x40de878,0x2102198,40000000,"40,000,000",40000000,1000000,1000000000,1000000,yes,25,0x2e13c,"{""1000000"": ""1,000,000"", ""2000000"": ""2,000,000"", ""3000000"": ""3,000,000"", ""4000000"": ""4,000,000"", ""5000000"": ""5,000,000"", ""6000000"": ""6,000,000"", ""7000000"": ""7,000,000"", ""8000000"": ""8,000,000"", ""9000000"": ""9,000,000"", ""10000000"": ""10,000,000"", ""11000000"": ""11,000,000"", ""12000000"": ""12,000,000"", ""13000000"": ""13,000,000"", ""14000000"": ""14,000,000"", ""15000000"": ""15,000,000"", ""16000000"": ""16,000,000"", ""17000000"": ""17,000,000"", ""18000000"": ""18,000,000"", ""19000000"": ""19,000,000"", ""20000000"": ""20,000,000"", ""21000000"": ""21,000,000"", ""22000000"": ""22,000,000"", ""23000000"": ""23,000,000"", ""24000000"": ""24,000,000"", ""25000000"": ""25,000,000"", ""26000000"": ""26,000,000"", ""27000000"": ""27,000,000"", ""28000000"": ""28,000,000"", ""29000000"": ""29,000,000"", ""30000000"": ""30,000,000"", ""31000000"": ""31,000,000"", ""32000000"": ""32,000,000"", ""33000000"": ""33,000,000"", ""34000000"": ""34,000,000"", ""35000000"": ""35,000,000"", ""36000000"": ""36,000,000"", ""37000000"": ""37,000,000"", ""38000000"": ""38,000,000"", ""39000000"": ""39,000,000"", ""40000000"": ""40,000,000"", ""41000000"": ""41,000,000"", ""42000000"": ""42,000,000"", ""43000000"": ""43,000,000"", ""44000000"": ""44,000,000"", ""45000000"": ""45,000,000"", ""46000000"": ""46,000,000"", ""47000000"": ""47,000,000"", ""48000000"": ""48,000,000"", ""49000000"": ""49,000,000"", ""50000000"": ""50,000,000"", ""51000000"": ""51,000,000"", ""52000000"": ""52,000,000"", ""53000000"": ""53,000,000"", ""54000000"": ""54,000,000"", ""55000000"": ""55,000,000"", ""56000000"": ""56,000,000"", ""57000000"": ""57,000,000"", ""58000000"": ""58,000,000"", ""59000000"": ""59,000,000"", ""60000000"": ""60,000,000"", ""61000000"": ""61,000,000"", ""62000000"": ""62,000,000"", ""63000000"": ""63,000,000"", ""64000000"": ""64,000,000"", ""65000000"": ""65,000,000"", ""66000000"": ""66,000,000"", ""67000000"": ""67,000,000"", ""68000000"": ""68,000,000"", ""69000000"": ""69,000,000"", ""70000000"": ""70,000,000"", ""71000000"": ""71,000,000"", ""72000000"": ""72,000,000"", ""73000000"": ""73,000,000"", ""74000000"": ""74,000,000"", ""75000000"": ""75,000,000"", ""76000000"": ""76,000,000"", ""77000000"": ""77,000,000"", ""78000000"": ""78,000,000"", ""79000000"": ""79,000,000"", ""80000000"": ""80,000,000"", ""81000000"": ""81,000,000"", ""82000000"": ""82,000,000"", ""83000000"": ""83,000,000"", ""84000000"": ""84,000,000"", ""85000000"": ""85,000,000"", ""86000000"": ""86,000,000"", ""87000000"": ""87,000,000"", ""88000000"": ""88,000,000"", ""89000000"": ""89,000,000"", ""90000000"": ""90,000,000"", ""91000000"": ""91,000,000"", ""92000000"": ""92,000,000"", ""93000000"": ""93,000,000"", ""94000000"": ""94,000,000"", ""95000000"": ""95,000,000"", ""96000000"": ""96,000,000"", ""97000000"": ""97,000,000"", ""98000000"": ""98,000,000"", ""99000000"": ""99,000,000"", ""100000000"": ""100,000,000"", ""101000000"": ""101,000,000"", ""102000000"": ""102,000,000"", ""103000000"": ""103,000,000"", ""104000000"": ""104,000,000"", ""105000000"": ""105,000,000"", ""106000000"": ""106,000,000"", ""107000000"": ""107,000,000"", ""108000000"": ""108,000,000"", ""109000000"": ""109,000,000"", ""110000000"": ""110,000,000"", ""111000000"": ""111,000,000"", ""112000000"": ""112,000,000"", ""113000000"": ""113,000,000"", ""114000000"": ""114,000,000"", ""115000000"": ""115,000,000"", ""116000000"": ""116,000,000"", ""117000000"": ""117,000,000"", ""118000000"": ""118,000,000"", ""119000000"": ""119,000,000"", ""120000000"": ""120,000,000"", ""121000000"": ""121,000,000"", ""122000000"": ""122,000,000"", ""123000000"": ""123,000,000"", ""124000000"": ""124,000,000"", ""125000000"": ""125,000,000"", ""126000000"": ""126,000,000"", ""127000000"": ""127,000,000"", ""128000000"": ""128,000,000"", ""129000000"": ""129,000,000"", ""130000000"": ""130,000,000"", ""131000000"": ""131,000,000"", ""132000000"": ""132,000,000"", ""133000000"": ""133,000,000"", ""134000000"": ""134,000,000"", ""135000000"": ""135,000,000"", ""136000000"": ""136,000,000"", ""137000000"": ""137,000,000"", ""138000000"": ""138,000,000"", ""139000000"": ""139,000,000"", ""140000000"": ""140,000,000"", ""141000000"": ""141,000,000"", ""142000000"": ""142,000,000"", ""143000000"": ""143,000,000"", ""144000000"": ""144,000,000"", ""145000000"": ""145,000,000"", ""146000000"": ""146,000,000"", ""147000000"": ""147,000,000"", ""148000000"": ""148,000,000"", ""149000000"": ""149,000,000"", ""150000000"": ""150,000,000"", ""151000000"": ""151,000,000"", ""159000000"": ""159,000,000"", ""173000000"": ""173,000,000"", ""179000000"": ""179,000,000"", ""181000000"": ""181,000,000"", ""187000000"": ""187,000,000"", ""201000000"": ""201,000,000"", ""203000000"": ""203,000,000"", ""208000000"": ""208,000,000"", ""215000000"": ""215,000,000"", ""225000000"": ""225,000,000"", ""229000000"": ""229,000,000"", ""237000000"": ""237,000,000"", ""243000000"": ""243,000,000"", ""247000000"": ""247,000,000"", ""251000000"": ""251,000,000"", ""257000000"": ""257,000,000"", ""266000000"": ""266,000,000"", ""269000000"": ""269,000,000"", ""271000000"": ""271,000,000"", ""285000000"": ""285,000,000"", ""291000000"": ""291,000,000"", ""295000000"": ""295,000,000"", ""298000000"": ""298,000,000"", ""299000000"": ""299,000,000"", ""300000000"": ""300,000,000"", ""301000000"": ""301,000,000"", ""313000000"": ""313,000,000"", ""324000000"": ""324,000,000"", ""335000000"": ""335,000,000"", ""351000000"": ""351,000,000"", ""353000000"": ""353,000,000"", ""357000000"": ""357,000,000"", ""379000000"": ""379,000,000"", ""382000000"": ""382,000,000"", ""401000000"": ""401,000,000"", ""411000000"": ""411,000,000"", ""423000000"": ""423,000,000"", ""440000000"": ""440,000,000"", ""445000000"": ""445,000,000"", ""448000000"": ""448,000,000"", ""449000000"": ""449,000,000"", ""450000000"": ""450,000,000"", ""451000000"": ""451,000,000"", ""469000000"": ""469,000,000"", ""498000000"": ""498,000,000"", ""501000000"": ""501,000,000"", ""527000000"": ""527,000,000"", ""551000000"": ""551,000,000"", ""556000000"": ""556,000,000"", ""585000000"": ""585,000,000"", ""598000000"": ""598,000,000"", ""599000000"": ""599,000,000"", ""600000000"": ""600,000,000"", ""601000000"": ""601,000,000"", ""651000000"": ""651,000,000"", ""701000000"": ""701,000,000"", ""751000000"": ""751,000,000"", ""801000000"": ""801,000,000"", ""851000000"": ""851,000,000"", ""901000000"": ""901,000,000"", ""951000000"": ""951,000,000"", ""998000000"": ""998,000,000"", ""999000000"": ""999,000,000"", ""1000000000"": ""1,000,000,000""}",formatter fn 0x2e13c run in the emulator (emu/t8.log); 215 of 1000 values sampled,ALLOW HIGH SCORES (48) != 0,CHUCK-E-CHEESE=3000000,0x1a780 FUN_0001a728,observed
52,STANDARD ADJUSTMENTS,STANDARD ADJUSTMENT #34,HIGH SCORE #3,0x40de898,0x21021a0,30000000,"30,000,000",30000000,1000000,1000000000,1000000,yes,25,0x2e13c,"{""1000000"": ""1,000,000"", ""2000000"": ""2,000,000"", ""3000000"": ""3,000,000"", ""4000000"": ""4,000,000"", ""5000000"": ""5,000,000"", ""6000000"": ""6,000,000"", ""7000000"": ""7,000,000"", ""8000000"": ""8,000,000"", ""9000000"": ""9,000,000"", ""10000000"": ""10,000,000"", ""11000000"": ""11,000,000"", ""12000000"": ""12,000,000"", ""13000000"": ""13,000,000"", ""14000000"": ""14,000,000"", ""15000000"": ""15,000,000"", ""16000000"": ""16,000,000"", ""17000000"": ""17,000,000"", ""18000000"": ""18,000,000"", ""19000000"": ""19,000,000"", ""20000000"": ""20,000,000"", ""21000000"": ""21,000,000"", ""22000000"": ""22,000,000"", ""23000000"": ""23,000,000"", ""24000000"": ""24,000,000"", ""25000000"": ""25,000,000"", ""26000000"": ""26,000,000"", ""27000000"": ""27,000,000"", ""28000000"": ""28,000,000"", ""29000000"": ""29,000,000"", ""30000000"": ""30,000,000"", ""31000000"": ""31,000,000"", ""32000000"": ""32,000,000"", ""33000000"": ""33,000,000"", ""34000000"": ""34,000,000"", ""35000000"": ""35,000,000"", ""36000000"": ""36,000,000"", ""37000000"": ""37,000,000"", ""38000000"": ""38,000,000"", ""39000000"": ""39,000,000"", ""40000000"": ""40,000,000"", ""41000000"": ""41,000,000"", ""42000000"": ""42,000,000"", ""43000000"": ""43,000,000"", ""44000000"": ""44,000,000"", ""45000000"": ""45,000,000"", ""46000000"": ""46,000,000"", ""47000000"": ""47,000,000"", ""48000000"": ""48,000,000"", ""49000000"": ""49,000,000"", ""50000000"": ""50,000,000"", ""51000000"": ""51,000,000"", ""52000000"": ""52,000,000"", ""53000000"": ""53,000,000"", ""54000000"": ""54,000,000"", ""55000000"": ""55,000,000"", ""56000000"": ""56,000,000"", ""57000000"": ""57,000,000"", ""58000000"": ""58,000,000"", ""59000000"": ""59,000,000"", ""60000000"": ""60,000,000"", ""61000000"": ""61,000,000"", ""62000000"": ""62,000,000"", ""63000000"": ""63,000,000"", ""64000000"": ""64,000,000"", ""65000000"": ""65,000,000"", ""66000000"": ""66,000,000"", ""67000000"": ""67,000,000"", ""68000000"": ""68,000,000"", ""69000000"": ""69,000,000"", ""70000000"": ""70,000,000"", ""71000000"": ""71,000,000"", ""72000000"": ""72,000,000"", ""73000000"": ""73,000,000"", ""74000000"": ""74,000,000"", ""75000000"": ""75,000,000"", ""76000000"": ""76,000,000"", ""77000000"": ""77,000,000"", ""78000000"": ""78,000,000"", ""79000000"": ""79,000,000"", ""80000000"": ""80,000,000"", ""81000000"": ""81,000,000"", ""82000000"": ""82,000,000"", ""83000000"": ""83,000,000"", ""84000000"": ""84,000,000"", ""85000000"": ""85,000,000"", ""86000000"": ""86,000,000"", ""87000000"": ""87,000,000"", ""88000000"": ""88,000,000"", ""89000000"": ""89,000,000"", ""90000000"": ""90,000,000"", ""91000000"": ""91,000,000"", ""92000000"": ""92,000,000"", ""93000000"": ""93,000,000"", ""94000000"": ""94,000,000"", ""95000000"": ""95,000,000"", ""96000000"": ""96,000,000"", ""97000000"": ""97,000,000"", ""98000000"": ""98,000,000"", ""99000000"": ""99,000,000"", ""100000000"": ""100,000,000"", ""101000000"": ""101,000,000"", ""102000000"": ""102,000,000"", ""103000000"": ""103,000,000"", ""104000000"": ""104,000,000"", ""105000000"": ""105,000,000"", ""106000000"": ""106,000,000"", ""107000000"": ""107,000,000"", ""108000000"": ""108,000,000"", ""109000000"": ""109,000,000"", ""110000000"": ""110,000,000"", ""111000000"": ""111,000,000"", ""112000000"": ""112,000,000"", ""113000000"": ""113,000,000"", ""114000000"": ""114,000,000"", ""115000000"": ""115,000,000"", ""116000000"": ""116,000,000"", ""117000000"": ""117,000,000"", ""118000000"": ""118,000,000"", ""119000000"": ""119,000,000"", ""120000000"": ""120,000,000"", ""121000000"": ""121,000,000"", ""122000000"": ""122,000,000"", ""123000000"": ""123,000,000"", ""124000000"": ""124,000,000"", ""125000000"": ""125,000,000"", ""126000000"": ""126,000,000"", ""127000000"": ""127,000,000"", ""128000000"": ""128,000,000"", ""129000000"": ""129,000,000"", ""130000000"": ""130,000,000"", ""131000000"": ""131,000,000"", ""132000000"": ""132,000,000"", ""133000000"": ""133,000,000"", ""134000000"": ""134,000,000"", ""135000000"": ""135,000,000"", ""136000000"": ""136,000,000"", ""137000000"": ""137,000,000"", ""138000000"": ""138,000,000"", ""139000000"": ""139,000,000"", ""140000000"": ""140,000,000"", ""141000000"": ""141,000,000"", ""142000000"": ""142,000,000"", ""143000000"": ""143,000,000"", ""144000000"": ""144,000,000"", ""145000000"": ""145,000,000"", ""146000000"": ""146,000,000"", ""147000000"": ""147,000,000"", ""148000000"": ""148,000,000"", ""149000000"": ""149,000,000"", ""150000000"": ""150,000,000"", ""151000000"": ""151,000,000"", ""159000000"": ""159,000,000"", ""173000000"": ""173,000,000"", ""179000000"": ""179,000,000"", ""181000000"": ""181,000,000"", ""187000000"": ""187,000,000"", ""201000000"": ""201,000,000"", ""203000000"": ""203,000,000"", ""208000000"": ""208,000,000"", ""215000000"": ""215,000,000"", ""225000000"": ""225,000,000"", ""229000000"": ""229,000,000"", ""237000000"": ""237,000,000"", ""243000000"": ""243,000,000"", ""247000000"": ""247,000,000"", ""251000000"": ""251,000,000"", ""257000000"": ""257,000,000"", ""266000000"": ""266,000,000"", ""269000000"": ""269,000,000"", ""271000000"": ""271,000,000"", ""285000000"": ""285,000,000"", ""291000000"": ""291,000,000"", ""295000000"": ""295,000,000"", ""298000000"": ""298,000,000"", ""299000000"": ""299,000,000"", ""300000000"": ""300,000,000"", ""301000000"": ""301,000,000"", ""313000000"": ""313,000,000"", ""324000000"": ""324,000,000"", ""335000000"": ""335,000,000"", ""351000000"": ""351,000,000"", ""353000000"": ""353,000,000"", ""357000000"": ""357,000,000"", ""379000000"": ""379,000,000"", ""382000000"": ""382,000,000"", ""401000000"": ""401,000,000"", ""411000000"": ""411,000,000"", ""423000000"": ""423,000,000"", ""440000000"": ""440,000,000"", ""445000000"": ""445,000,000"", ""448000000"": ""448,000,000"", ""449000000"": ""449,000,000"", ""450000000"": ""450,000,000"", ""451000000"": ""451,000,000"", ""469000000"": ""469,000,000"", ""498000000"": ""498,000,000"", ""501000000"": ""501,000,000"", ""527000000"": ""527,000,000"", ""551000000"": ""551,000,000"", ""556000000"": ""556,000,000"", ""585000000"": ""585,000,000"", ""598000000"": ""598,000,000"", ""599000000"": ""599,000,000"", ""600000000"": ""600,000,000"", ""601000000"": ""601,000,000"", ""651000000"": ""651,000,000"", ""701000000"": ""701,000,000"", ""751000000"": ""751,000,000"", ""801000000"": ""801,000,000"", ""851000000"": ""851,000,000"", ""901000000"": ""901,000,000"", ""951000000"": ""951,000,000"", ""998000000"": ""998,000,000"", ""999000000"": ""999,000,000"", ""1000000000"": ""1,000,000,000""}",formatter fn 0x2e13c run in the emulator (emu/t8.log); 215 of 1000 values sampled,ALLOW HIGH SCORES (48) != 0,CHUCK-E-CHEESE=2000000,0x1a780 FUN_0001a728,observed
53,STANDARD ADJUSTMENTS,STANDARD ADJUSTMENT #35,HIGH SCORE #4,0x40de8b8,0x21021a8,25000000,"25,000,000",25000000,1000000,1000000000,1000000,yes,25,0x2e13c,"{""1000000"": ""1,000,000"", ""2000000"": ""2,000,000"", ""3000000"": ""3,000,000"", ""4000000"": ""4,000,000"", ""5000000"": ""5,000,000"", ""6000000"": ""6,000,000"", ""7000000"": ""7,000,000"", ""8000000"": ""8,000,000"", ""9000000"": ""9,000,000"", ""10000000"": ""10,000,000"", ""11000000"": ""11,000,000"", ""12000000"": ""12,000,000"", ""13000000"": ""13,000,000"", ""14000000"": ""14,000,000"", ""15000000"": ""15,000,000"", ""16000000"": ""16,000,000"", ""17000000"": ""17,000,000"", ""18000000"": ""18,000,000"", ""19000000"": ""19,000,000"", ""20000000"": ""20,000,000"", ""21000000"": ""21,000,000"", ""22000000"": ""22,000,000"", ""23000000"": ""23,000,000"", ""24000000"": ""24,000,000"", ""25000000"": ""25,000,000"", ""26000000"": ""26,000,000"", ""27000000"": ""27,000,000"", ""28000000"": ""28,000,000"", ""29000000"": ""29,000,000"", ""30000000"": ""30,000,000"", ""31000000"": ""31,000,000"", ""32000000"": ""32,000,000"", ""33000000"": ""33,000,000"", ""34000000"": ""34,000,000"", ""35000000"": ""35,000,000"", ""36000000"": ""36,000,000"", ""37000000"": ""37,000,000"", ""38000000"": ""38,000,000"", ""39000000"": ""39,000,000"", ""40000000"": ""40,000,000"", ""41000000"": ""41,000,000"", ""42000000"": ""42,000,000"", ""43000000"": ""43,000,000"", ""44000000"": ""44,000,000"", ""45000000"": ""45,000,000"", ""46000000"": ""46,000,000"", ""47000000"": ""47,000,000"", ""48000000"": ""48,000,000"", ""49000000"": ""49,000,000"", ""50000000"": ""50,000,000"", ""51000000"": ""51,000,000"", ""52000000"": ""52,000,000"", ""53000000"": ""53,000,000"", ""54000000"": ""54,000,000"", ""55000000"": ""55,000,000"", ""56000000"": ""56,000,000"", ""57000000"": ""57,000,000"", ""58000000"": ""58,000,000"", ""59000000"": ""59,000,000"", ""60000000"": ""60,000,000"", ""61000000"": ""61,000,000"", ""62000000"": ""62,000,000"", ""63000000"": ""63,000,000"", ""64000000"": ""64,000,000"", ""65000000"": ""65,000,000"", ""66000000"": ""66,000,000"", ""67000000"": ""67,000,000"", ""68000000"": ""68,000,000"", ""69000000"": ""69,000,000"", ""70000000"": ""70,000,000"", ""71000000"": ""71,000,000"", ""72000000"": ""72,000,000"", ""73000000"": ""73,000,000"", ""74000000"": ""74,000,000"", ""75000000"": ""75,000,000"", ""76000000"": ""76,000,000"", ""77000000"": ""77,000,000"", ""78000000"": ""78,000,000"", ""79000000"": ""79,000,000"", ""80000000"": ""80,000,000"", ""81000000"": ""81,000,000"", ""82000000"": ""82,000,000"", ""83000000"": ""83,000,000"", ""84000000"": ""84,000,000"", ""85000000"": ""85,000,000"", ""86000000"": ""86,000,000"", ""87000000"": ""87,000,000"", ""88000000"": ""88,000,000"", ""89000000"": ""89,000,000"", ""90000000"": ""90,000,000"", ""91000000"": ""91,000,000"", ""92000000"": ""92,000,000"", ""93000000"": ""93,000,000"", ""94000000"": ""94,000,000"", ""95000000"": ""95,000,000"", ""96000000"": ""96,000,000"", ""97000000"": ""97,000,000"", ""98000000"": ""98,000,000"", ""99000000"": ""99,000,000"", ""100000000"": ""100,000,000"", ""101000000"": ""101,000,000"", ""102000000"": ""102,000,000"", ""103000000"": ""103,000,000"", ""104000000"": ""104,000,000"", ""105000000"": ""105,000,000"", ""106000000"": ""106,000,000"", ""107000000"": ""107,000,000"", ""108000000"": ""108,000,000"", ""109000000"": ""109,000,000"", ""110000000"": ""110,000,000"", ""111000000"": ""111,000,000"", ""112000000"": ""112,000,000"", ""113000000"": ""113,000,000"", ""114000000"": ""114,000,000"", ""115000000"": ""115,000,000"", ""116000000"": ""116,000,000"", ""117000000"": ""117,000,000"", ""118000000"": ""118,000,000"", ""119000000"": ""119,000,000"", ""120000000"": ""120,000,000"", ""121000000"": ""121,000,000"", ""122000000"": ""122,000,000"", ""123000000"": ""123,000,000"", ""124000000"": ""124,000,000"", ""125000000"": ""125,000,000"", ""126000000"": ""126,000,000"", ""127000000"": ""127,000,000"", ""128000000"": ""128,000,000"", ""129000000"": ""129,000,000"", ""130000000"": ""130,000,000"", ""131000000"": ""131,000,000"", ""132000000"": ""132,000,000"", ""133000000"": ""133,000,000"", ""134000000"": ""134,000,000"", ""135000000"": ""135,000,000"", ""136000000"": ""136,000,000"", ""137000000"": ""137,000,000"", ""138000000"": ""138,000,000"", ""139000000"": ""139,000,000"", ""140000000"": ""140,000,000"", ""141000000"": ""141,000,000"", ""142000000"": ""142,000,000"", ""143000000"": ""143,000,000"", ""144000000"": ""144,000,000"", ""145000000"": ""145,000,000"", ""146000000"": ""146,000,000"", ""147000000"": ""147,000,000"", ""148000000"": ""148,000,000"", ""149000000"": ""149,000,000"", ""150000000"": ""150,000,000"", ""151000000"": ""151,000,000"", ""159000000"": ""159,000,000"", ""173000000"": ""173,000,000"", ""179000000"": ""179,000,000"", ""181000000"": ""181,000,000"", ""187000000"": ""187,000,000"", ""201000000"": ""201,000,000"", ""203000000"": ""203,000,000"", ""208000000"": ""208,000,000"", ""215000000"": ""215,000,000"", ""225000000"": ""225,000,000"", ""229000000"": ""229,000,000"", ""237000000"": ""237,000,000"", ""243000000"": ""243,000,000"", ""247000000"": ""247,000,000"", ""251000000"": ""251,000,000"", ""257000000"": ""257,000,000"", ""266000000"": ""266,000,000"", ""269000000"": ""269,000,000"", ""271000000"": ""271,000,000"", ""285000000"": ""285,000,000"", ""291000000"": ""291,000,000"", ""295000000"": ""295,000,000"", ""298000000"": ""298,000,000"", ""299000000"": ""299,000,000"", ""300000000"": ""300,000,000"", ""301000000"": ""301,000,000"", ""313000000"": ""313,000,000"", ""324000000"": ""324,000,000"", ""335000000"": ""335,000,000"", ""351000000"": ""351,000,000"", ""353000000"": ""353,000,000"", ""357000000"": ""357,000,000"", ""379000000"": ""379,000,000"", ""382000000"": ""382,000,000"", ""401000000"": ""401,000,000"", ""411000000"": ""411,000,000"", ""423000000"": ""423,000,000"", ""440000000"": ""440,000,000"", ""445000000"": ""445,000,000"", ""448000000"": ""448,000,000"", ""449000000"": ""449,000,000"", ""450000000"": ""450,000,000"", ""451000000"": ""451,000,000"", ""469000000"": ""469,000,000"", ""498000000"": ""498,000,000"", ""501000000"": ""501,000,000"", ""527000000"": ""527,000,000"", ""551000000"": ""551,000,000"", ""556000000"": ""556,000,000"", ""585000000"": ""585,000,000"", ""598000000"": ""598,000,000"", ""599000000"": ""599,000,000"", ""600000000"": ""600,000,000"", ""601000000"": ""601,000,000"", ""651000000"": ""651,000,000"", ""701000000"": ""701,000,000"", ""751000000"": ""751,000,000"", ""801000000"": ""801,000,000"", ""851000000"": ""851,000,000"", ""901000000"": ""901,000,000"", ""951000000"": ""951,000,000"", ""998000000"": ""998,000,000"", ""999000000"": ""999,000,000"", ""1000000000"": ""1,000,000,000""}",formatter fn 0x2e13c run in the emulator (emu/t8.log); 215 of 1000 values sampled,ALLOW HIGH SCORES (48) != 0,CHUCK-E-CHEESE=1000000,0x1a780 FUN_0001a728,observed
54,STANDARD ADJUSTMENTS,STANDARD ADJUSTMENT #25,HIGH SCORE AWARD,0x40de8d8,0x21021b0,0,CREDIT,0,0,2,1,yes,16,msg list 0x38402,"{""0"": ""CREDIT"", ""1"": ""TICKET"", ""2"": ""TOKEN""}","msg list 0x38402 (0x2ec,0x2ed,0x2ee)",ALLOW HIGH SCORES (48) != 0,,0x1ac5c FUN_0001abfc,observed
55,STANDARD ADJUSTMENTS,STANDARD ADJUSTMENT #26,GRAND CHAMPION AWARDS,0x40de8f8,0x21021b8,1,1,1,0,5,1,yes,4,0x32ac8,"{""0"": ""0"", ""1"": ""1"", ""2"": ""2"", ""3"": ""3"", ""4"": ""4"", ""5"": ""5""}",formatter fn 0x32ac8 run in the emulator (emu/t8.log),ALLOW HIGH SCORES (48) != 0,CHUCK-E-CHEESE=0,0x1ac4c FUN_0001abfc,observed
56,STANDARD ADJUSTMENTS,STANDARD ADJUSTMENT #27,HIGH SCORE #1 AWARDS,0x40de918,0x21021c0,1,1,1,0,3,1,yes,4,0x32ac8,"{""0"": ""0"", ""1"": ""1"", ""2"": ""2"", ""3"": ""3""}",formatter fn 0x32ac8 run in the emulator (emu/t8.log),ALLOW HIGH SCORES (48) != 0,U.K.=0; CHUCK-E-CHEESE=0,0x1ac4c FUN_0001abfc,observed
57,STANDARD ADJUSTMENTS,STANDARD ADJUSTMENT #28,HIGH SCORE #2 AWARDS,0x40de938,0x21021c8,0,0,0,0,2,1,yes,4,0x32ac8,"{""0"": ""0"", ""1"": ""1"", ""2"": ""2""}",formatter fn 0x32ac8 run in the emulator (emu/t8.log),ALLOW HIGH SCORES (48) != 0,CHUCK-E-CHEESE=0,0x1ac4c FUN_0001abfc,observed
58,STANDARD ADJUSTMENTS,STANDARD ADJUSTMENT #29,HIGH SCORE #3 AWARDS,0x40de958,0x21021d0,0,0,0,0,1,1,yes,4,0x32ac8,"{""0"": ""0"", ""1"": ""1""}",formatter fn 0x32ac8 run in the emulator (emu/t8.log),ALLOW HIGH SCORES (48) != 0,CHUCK-E-CHEESE=0,0x1ac4c FUN_0001abfc,observed
59,STANDARD ADJUSTMENTS,STANDARD ADJUSTMENT #30,HIGH SCORE #4 AWARDS,0x40de978,0x21021d8,0,0,0,0,1,1,yes,4,0x32ac8,"{""0"": ""0"", ""1"": ""1""}",formatter fn 0x32ac8 run in the emulator (emu/t8.log),ALLOW HIGH SCORES (48) != 0,CHUCK-E-CHEESE=0,0x1ac4c FUN_0001abfc,observed
60,STANDARD ADJUSTMENTS,STANDARD ADJUSTMENT #36,HSTD INITIALS,0x40de998,0x21021e0,0,3 INITIALS,0,0,1,1,yes,17,msg list 0x3840a,"{""0"": ""3 INITIALS"", ""1"": ""10 LETTER NAME""}","msg list 0x3840a (0x2ef,0x2f0)",ALLOW HIGH SCORES (48) != 0,U.K.=1; CHUCK-E-CHEESE=1,0x1a748 FUN_0001a728; 0x1af84 high_score_entry,observed
61,STANDARD ADJUSTMENTS,STANDARD ADJUSTMENT #37,HSTD RESET COUNT,0x40de9b8,0x21021e8,2000,2000,2000,0,9900,100,yes,5,0x32ad8,"{""0"": ""OFF"", ""100"": ""100"", ""200"": ""200"", ""300"": ""300"", ""400"": ""400"", ""500"": ""500"", ""600"": ""600"", ""700"": ""700"", ""800"": ""800"", ""900"": ""900"", ""1000"": ""1000"", ""1100"": ""1100"", ""1200"": ""1200"", ""1300"": ""1300"", ""1400"": ""1400"", ""1500"": ""1500"", ""1600"": ""1600"", ""1700"": ""1700"", ""1800"": ""1800"", ""1900"": ""1900"", ""2000"": ""2000"", ""2100"": ""2100"", ""2200"": ""2200"", ""2300"": ""2300"", ""2400"": ""2400"", ""2500"": ""2500"", ""2600"": ""2600"", ""2700"": ""2700"", ""2800"": ""2800"", ""2900"": ""2900"", ""3000"": ""3000"", ""3100"": ""3100"", ""3200"": ""3200"", ""3300"": ""3300"", ""3400"": ""3400"", ""3500"": ""3500"", ""3600"": ""3600"", ""3700"": ""3700"", ""3800"": ""3800"", ""3900"": ""3900"", ""4000"": ""4000"", ""4100"": ""4100"", ""4200"": ""4200"", ""4300"": ""4300"", ""4400"": ""4400"", ""4500"": ""4500"", ""4600"": ""4600"", ""4700"": ""4700"", ""4800"": ""4800"", ""4900"": ""4900"", ""5000"": ""5000"", ""5100"": ""5100"", ""5200"": ""5200"", ""5300"": ""5300"", ""5400"": ""5400"", ""5500"": ""5500"", ""5600"": ""5600"", ""5700"": ""5700"", ""5800"": ""5800"", ""5900"": ""5900"", ""6000"": ""6000"", ""6100"": ""6100"", ""6200"": ""6200"", ""6300"": ""6300"", ""6400"": ""6400"", ""6500"": ""6500"", ""6600"": ""6600"", ""6700"": ""6700"", ""6800"": ""6800"", ""6900"": ""6900"", ""7000"": ""7000"", ""7100"": ""7100"", ""7200"": ""7200"", ""7300"": ""7300"", ""7400"": ""7400"", ""7500"": ""7500"", ""7600"": ""7600"", ""7700"": ""7700"", ""7800"": ""7800"", ""7900"": ""7900"", ""8000"": ""8000"", ""8100"": ""8100"", ""8200"": ""8200"", ""8300"": ""8300"", ""8400"": ""8400"", ""8500"": ""8500"", ""8600"": ""8600"", ""8700"": ""8700"", ""8800"": ""8800"", ""8900"": ""8900"", ""9000"": ""9000"", ""9100"": ""9100"", ""9200"": ""9200"", ""9300"": ""9300"", ""9400"": ""9400"", ""9500"": ""9500"", ""9600"": ""9600"", ""9700"": ""9700"", ""9800"": ""9800"", ""9900"": ""9900""}",formatter fn 0x32ad8 run in the emulator (emu/t8.log),ALLOW HIGH SCORES (48) != 0,FRANCE=1000; CHUCK-E-CHEESE=4000,0x1a460 FUN_0001a458; 0x1a4f8 FUN_0001a4f0,observed
62,STANDARD ADJUSTMENTS,STANDARD ADJUSTMENT #62,COIN INPUT DELAY,0x40de9d8,0x21021f0,30,30,30,30,61,1,yes,2,0x32a84,"{""30"": ""30"", ""31"": ""31"", ""32"": ""32"", ""33"": ""33"", ""34"": ""34"", ""35"": ""35"", ""36"": ""36"", ""37"": ""37"", ""38"": ""38"", ""39"": ""39"", ""40"": ""40"", ""41"": ""41"", ""42"": ""42"", ""43"": ""43"", ""44"": ""44"", ""45"": ""45"", ""46"": ""46"", ""47"": ""47"", ""48"": ""48"", ""49"": ""49"", ""50"": ""50"", ""51"": ""51"", ""52"": ""52"", ""53"": ""53"", ""54"": ""54"", ""55"": ""55"", ""56"": ""56"", ""57"": ""57"", ""58"": ""58"", ""59"": ""59"", ""60"": ""60"", ""61"": ""OFF""}",formatter fn 0x32a84 run in the emulator (emu/t8.log),always,,0x4ab8 FUN_00004a50,observed
63,STANDARD ADJUSTMENTS,STANDARD ADJUSTMENT #63,LOST BALL RECOVERY,0x40de9f8,0x21021f8,1,YES,1,0,1,1,yes,9,msg list 0x3939c,"{""0"": ""NO"", ""1"": ""YES""}","msg list 0x3939c (0x2,0x3)",always,,0x1f7b4 FUN_0001f7a4,observed
64,STANDARD ADJUSTMENTS,STANDARD ADJUSTMENT #64,COIN DOOR DISABLE TILT,0x40dea18,0x2102200,0,NO,0,0,1,1,yes,9,msg list 0x3939c,"{""0"": ""NO"", ""1"": ""YES""}","msg list 0x3939c (0x2,0x3)",always,,0x2435c FUN_00024344,observed
65,FEATURE ADJUSTMENTS,FEATURE ADJUSTMENT #1,POP BUMPER DIFFICULTY,0x40dea38,0x2102208,1,MEDIUM,1,0,2,1,yes,30,msg list 0x383e2,"{""0"": ""EASY"", ""1"": ""MEDIUM"", ""2"": ""HARD""}","msg list 0x383e2 (0x2f3,0x2f4,0x2f5)",always,,0x101c24c pop_hits_for_next_level,observed
66,FEATURE ADJUSTMENTS,FEATURE ADJUSTMENT #2,ZUSE FAST SCORING TIMER,0x40dea58,0x2102210,25,25,25,15,45,1,yes,4,0x32ac8,"{""15"": ""15"", ""16"": ""16"", ""17"": ""17"", ""18"": ""18"", ""19"": ""19"", ""20"": ""20"", ""21"": ""21"", ""22"": ""22"", ""23"": ""23"", ""24"": ""24"", ""25"": ""25"", ""26"": ""26"", ""27"": ""27"", ""28"": ""28"", ""29"": ""29"", ""30"": ""30"", ""31"": ""31"", ""32"": ""32"", ""33"": ""33"", ""34"": ""34"", ""35"": ""35"", ""36"": ""36"", ""37"": ""37"", ""38"": ""38"", ""39"": ""39"", ""40"": ""40"", ""41"": ""41"", ""42"": ""42"", ""43"": ""43"", ""44"": ""44"", ""45"": ""45""}",formatter fn 0x32ac8 run in the emulator (emu/t8.log),always,,0x10318f0 on_zuse_fastscoring_started; 0x1031adc zfs_add_time,observed
67,FEATURE ADJUSTMENTS,FEATURE ADJUSTMENT #3,RECOGNIZER DIFFICULTY,0x40dea78,0x2102218,1,MEDIUM,1,0,2,1,yes,30,msg list 0x383e2,"{""0"": ""EASY"", ""1"": ""MEDIUM"", ""2"": ""HARD""}","msg list 0x383e2 (0x2f3,0x2f4,0x2f5)",always,,0x101fdb8 recog_reset_player_at_game_start,observed
68,FEATURE ADJUSTMENTS,FEATURE ADJUSTMENT #4,DISC MULTIBALL DISC SHOTS,0x40dea98,0x2102220,6,6,6,4,8,1,yes,4,0x32ac8,"{""4"": ""4"", ""5"": ""5"", ""6"": ""6"", ""7"": ""7"", ""8"": ""8""}",formatter fn 0x32ac8 run in the emulator (emu/t8.log),always,,0x1007080 adj68_disc_shots,observed
69,FEATURE ADJUSTMENTS,FEATURE ADJUSTMENT #5,DISC MULTIBALL RECOGNIZER SHOTS,0x40deab8,0x2102228,3,3,3,1,5,1,yes,4,0x32ac8,"{""1"": ""1"", ""2"": ""2"", ""3"": ""3"", ""4"": ""4"", ""5"": ""5""}",formatter fn 0x32ac8 run in the emulator (emu/t8.log),always,,0x10070c4 adj69_recognizer_shots,observed
70,FEATURE ADJUSTMENTS,FEATURE ADJUSTMENT #6,DISC M.B. RESTART TIMER,0x40dead8,0x2102230,10,10,10,4,20,1,yes,36,0x1006d34,"{""4"": ""NONE"", ""5"": ""5"", ""6"": ""6"", ""7"": ""7"", ""8"": ""8"", ""9"": ""9"", ""10"": ""10"", ""11"": ""11"", ""12"": ""12"", ""13"": ""13"", ""14"": ""14"", ""15"": ""15"", ""16"": ""16"", ""17"": ""17"", ""18"": ""18"", ""19"": ""19"", ""20"": ""20""}",formatter fn 0x1006d34 run in the emulator (emu/t8.log),always,,0x10076a8 dmb_open_restart_window,observed
71,FEATURE ADJUSTMENTS,FEATURE ADJUSTMENT #7,DISC M.B. RESTART AUTOFIRE TIMER,0x40deaf8,0x2102238,10,10 SECONDS,10,0,20,1,yes,35,0x101bb68,"{""0"": ""NONE"", ""1"": ""1 SECOND"", ""2"": ""2 SECONDS"", ""3"": ""3 SECONDS"", ""4"": ""4 SECONDS"", ""5"": ""5 SECONDS"", ""6"": ""6 SECONDS"", ""7"": ""7 SECONDS"", ""8"": ""8 SECONDS"", ""9"": ""9 SECONDS"", ""10"": ""10 SECONDS"", ""11"": ""11 SECONDS"", ""12"": ""12 SECONDS"", ""13"": ""13 SECONDS"", ""14"": ""14 SECONDS"", ""15"": ""15 SECONDS"", ""16"": ""16 SECONDS"", ""17"": ""17 SECONDS"", ""18"": ""18 SECONDS"", ""19"": ""19 SECONDS"", ""20"": ""20 SECONDS""}",formatter fn 0x101bb68 run in the emulator (emu/t8.log),always,,0x1007844 dmb_restart_on_disc_hit,observed
72,FEATURE ADJUSTMENTS,FEATURE ADJUSTMENT #8,"TRON ""SPINNERS"" TIMER",0x40deb18,0x2102240,30,30,30,20,40,1,yes,4,0x32ac8,"{""20"": ""20"", ""21"": ""21"", ""22"": ""22"", ""23"": ""23"", ""24"": ""24"", ""25"": ""25"", ""26"": ""26"", ""27"": ""27"", ""28"": ""28"", ""29"": ""29"", ""30"": ""30"", ""31"": ""31"", ""32"": ""32"", ""33"": ""33"", ""34"": ""34"", ""35"": ""35"", ""36"": ""36"", ""37"": ""37"", ""38"": ""38"", ""39"": ""39"", ""40"": ""40""}",formatter fn 0x32ac8 run in the emulator (emu/t8.log),always,,0x100c5f4 tron_award_timer_task; 0x100d400 tron_award_refill_time_c,observed
73,FEATURE ADJUSTMENTS,FEATURE ADJUSTMENT #9,"TRON ""BUMPERS"" TIMER",0x40deb38,0x2102248,30,30,30,20,40,1,yes,4,0x32ac8,"{""20"": ""20"", ""21"": ""21"", ""22"": ""22"", ""23"": ""23"", ""24"": ""24"", ""25"": ""25"", ""26"": ""26"", ""27"": ""27"", ""28"": ""28"", ""29"": ""29"", ""30"": ""30"", ""31"": ""31"", ""32"": ""32"", ""33"": ""33"", ""34"": ""34"", ""35"": ""35"", ""36"": ""36"", ""37"": ""37"", ""38"": ""38"", ""39"": ""39"", ""40"": ""40""}",formatter fn 0x32ac8 run in the emulator (emu/t8.log),always,,0x100c5d0 tron_award_timer_task; 0x100d3bc tron_award_refill_time_b,observed
74,FEATURE ADJUSTMENTS,FEATURE ADJUSTMENT #10,"TRON ""DOUBLE SCORING"" TIMER",0x40deb58,0x2102250,30,30,30,20,40,1,yes,4,0x32ac8,"{""20"": ""20"", ""21"": ""21"", ""22"": ""22"", ""23"": ""23"", ""24"": ""24"", ""25"": ""25"", ""26"": ""26"", ""27"": ""27"", ""28"": ""28"", ""29"": ""29"", ""30"": ""30"", ""31"": ""31"", ""32"": ""32"", ""33"": ""33"", ""34"": ""34"", ""35"": ""35"", ""36"": ""36"", ""37"": ""37"", ""38"": ""38"", ""39"": ""39"", ""40"": ""40""}",formatter fn 0x32ac8 run in the emulator (emu/t8.log),always,,0x100c5ac tron_award_timer_task; 0x100d378 tron_award_refill_time_a,observed
75,FEATURE ADJUSTMENTS,FEATURE ADJUSTMENT #11,ABORT ANIMATIONS,0x40deb78,0x2102258,1,ONE,1,0,2,1,yes,32,msg list 0x36fdc,"{""0"": ""NONE"", ""1"": ""ONE"", ""2"": ""ALL""}","msg list 0x36fdc (0x54d,0x54e,0x54f)",always,,0x100fbfc FUN_0100fbb8; 0x100fdc4 FUN_0100fd88,observed
76,FEATURE ADJUSTMENTS,FEATURE ADJUSTMENT #12,DISABLE RECOGNIZER 3-BANK MOTOR,0x40deb98,0x2102260,0,NO,0,0,1,1,yes,9,msg list 0x3939c,"{""0"": ""NO"", ""1"": ""YES""}","msg list 0x3939c (0x2,0x3)",always,,0x19178 FUN_00019160,observed
77,FEATURE ADJUSTMENTS,FEATURE ADJUSTMENT #13,DISABLE DISC MOTOR,0x40debb8,0x2102268,0,NO,0,0,1,1,yes,9,msg list 0x3939c,"{""0"": ""NO"", ""1"": ""YES""}","msg list 0x3939c (0x2,0x3)",always,,0x10064b0 disc_motor_disabled_adj77,observed
78,FEATURE ADJUSTMENTS,FEATURE ADJUSTMENT #14,DISABLE ORBIT UP-POST,0x40debd8,0x2102270,0,NO,0,0,1,1,yes,9,msg list 0x3939c,"{""0"": ""NO"", ""1"": ""YES""}","msg list 0x3939c (0x2,0x3)",always,,0x100aad0 FUN_0100aac8,observed
79,FEATURE ADJUSTMENTS,FEATURE ADJUSTMENT #15,DISABLE PLUNGE POST,0x40debf8,0x2102278,0,NO,0,0,1,1,yes,9,msg list 0x3939c,"{""0"": ""NO"", ""1"": ""YES""}","msg list 0x3939c (0x2,0x3)",always,,0x1029180 skill_on_serve; 0x102a3b0 sw23_shooter_lane,observed
80,FEATURE ADJUSTMENTS,FEATURE ADJUSTMENT #16,DISABLE DROP TARGETS,0x40dec18,0x2102280,0,NO,0,0,1,1,yes,9,msg list 0x3939c,"{""0"": ""NO"", ""1"": ""YES""}","msg list 0x3939c (0x2,0x3)",always,,0x100b928 FUN_0100b910,observed
81,FEATURE ADJUSTMENTS,FEATURE ADJUSTMENT #17,DISABLE RECOGNIZER MOTOR,0x40dec38,0x2102288,0,NO,0,0,1,1,yes,9,msg list 0x3939c,"{""0"": ""NO"", ""1"": ""YES""}","msg list 0x3939c (0x2,0x3)",always,,0x17c38 FUN_00017c20,observed
82,FEATURE ADJUSTMENTS,FEATURE ADJUSTMENT #18,INSULT LEVEL,0x40dec58,0x2102290,1,MEDIUM,1,0,2,1,yes,34,msg list 0x36fe4,"{""0"": ""LOW"", ""1"": ""MEDIUM"", ""2"": ""HIGH""}","msg list 0x36fe4 (0x68b,0x68c,0x68d)",always,,0x10127d8 outlane_insult_speech,observed
83,FEATURE ADJUSTMENTS,FEATURE ADJUSTMENT #19,1ST END OF LINE M.B. LETTERS,0x40dec78,0x2102298,2,2,2,1,2,1,yes,4,0x32ac8,"{""1"": ""1"", ""2"": ""2""}",formatter fn 0x32ac8 run in the emulator (emu/t8.log),always,,0x1004414 eol_letters_ramp,observed
84,FEATURE ADJUSTMENTS,FEATURE ADJUSTMENT #20,2ND+ END OF LINE M.B. LETTERS,0x40dec98,0x21022a0,8,8,8,4,10,1,yes,4,0x32ac8,"{""4"": ""4"", ""5"": ""5"", ""6"": ""6"", ""7"": ""7"", ""8"": ""8"", ""9"": ""9"", ""10"": ""10""}",formatter fn 0x32ac8 run in the emulator (emu/t8.log),always,,0x1004420 eol_letters_ramp,observed
85,FEATURE ADJUSTMENTS,FEATURE ADJUSTMENT #21,END OF LINE EXTRA BALL,0x40decb8,0x21022a8,1,1,1,1,3,1,yes,37,0x10041f8,"{""1"": ""1"", ""2"": ""2"", ""3"": ""3""}",formatter fn 0x10041f8 run in the emulator (emu/t8.log),always,,0x100425c eol_extra_ball_check; 0x10043e4 eol_letters_ramp,observed
86,FEATURE ADJUSTMENTS,FEATURE ADJUSTMENT #22,SHAKER MOTOR (OPTIONAL),0x40decd8,0x21022b0,3,MAXIMAL USE,3,0,3,1,yes,33,msg list 0x370c8,"{""0"": ""NONE"", ""1"": ""MINIMAL USE"", ""2"": ""MODERATE USE"", ""3"": ""MAXIMAL USE""}","msg list 0x370c8 (0x4f0,0x4f1,0x4f2,0x4f3)",always,,0x10289cc shaker_run,observed
87,FEATURE ADJUSTMENTS,FEATURE ADJUSTMENT #23,MUSIC VOLUME,0x40decf8,0x21022b8,0,0,0,-60,60,1,no,4,0x32ac8,"{""-60"": ""-60"", ""-59"": ""-59"", ""-58"": ""-58"", ""-57"": ""-57"", ""-56"": ""-56"", ""-55"": ""-55"", ""-54"": ""-54"", ""-53"": ""-53"", ""-52"": ""-52"", ""-51"": ""-51"", ""-50"": ""-50"", ""-49"": ""-49"", ""-48"": ""-48"", ""-47"": ""-47"", ""-46"": ""-46"", ""-45"": ""-45"", ""-44"": ""-44"", ""-43"": ""-43"", ""-42"": ""-42"", ""-41"": ""-41"", ""-40"": ""-40"", ""-39"": ""-39"", ""-38"": ""-38"", ""-37"": ""-37"", ""-36"": ""-36"", ""-35"": ""-35"", ""-34"": ""-34"", ""-33"": ""-33"", ""-32"": ""-32"", ""-31"": ""-31"", ""-30"": ""-30"", ""-29"": ""-29"", ""-28"": ""-28"", ""-27"": ""-27"", ""-26"": ""-26"", ""-25"": ""-25"", ""-24"": ""-24"", ""-23"": ""-23"", ""-22"": ""-22"", ""-21"": ""-21"", ""-20"": ""-20"", ""-19"": ""-19"", ""-18"": ""-18"", ""-17"": ""-17"", ""-16"": ""-16"", ""-15"": ""-15"", ""-14"": ""-14"", ""-13"": ""-13"", ""-12"": ""-12"", ""-11"": ""-11"", ""-10"": ""-10"", ""-9"": ""-9"", ""-8"": ""-8"", ""-7"": ""-7"", ""-6"": ""-6"", ""-5"": ""-5"", ""-4"": ""-4"", ""-3"": ""-3"", ""-2"": ""-2"", ""-1"": ""-1"", ""0"": ""0"", ""1"": ""1"", ""2"": ""2"", ""3"": ""3"", ""4"": ""4"", ""5"": ""5"", ""6"": ""6"", ""7"": ""7"", ""8"": ""8"", ""9"": ""9"", ""10"": ""10"", ""11"": ""11"", ""12"": ""12"", ""13"": ""13"", ""14"": ""14"", ""15"": ""15"", ""16"": ""16"", ""17"": ""17"", ""18"": ""18"", ""19"": ""19"", ""20"": ""20"", ""21"": ""21"", ""22"": ""22"", ""23"": ""23"", ""24"": ""24"", ""25"": ""25"", ""26"": ""26"", ""27"": ""27"", ""28"": ""28"", ""29"": ""29"", ""30"": ""30"", ""31"": ""31"", ""32"": ""32"", ""33"": ""33"", ""34"": ""34"", ""35"": ""35"", ""36"": ""36"", ""37"": ""37"", ""38"": ""38"", ""39"": ""39"", ""40"": ""40"", ""41"": ""41"", ""42"": ""42"", ""43"": ""43"", ""44"": ""44"", ""45"": ""45"", ""46"": ""46"", ""47"": ""47"", ""48"": ""48"", ""49"": ""49"", ""50"": ""50"", ""51"": ""51"", ""52"": ""52"", ""53"": ""53"", ""54"": ""54"", ""55"": ""55"", ""56"": ""56"", ""57"": ""57"", ""58"": ""58"", ""59"": ""59"", ""60"": ""60""}",formatter fn 0x32ac8 run in the emulator (emu/t8.log),always,FRANCE=40 (game list),none (no adj_get call site; see README),observed
88,FEATURE ADJUSTMENTS,FEATURE ADJUSTMENT #24,SPEECH VOLUME,0x40ded18,0x21022c0,0,0,0,-60,60,1,no,4,0x32ac8,"{""-60"": ""-60"", ""-59"": ""-59"", ""-58"": ""-58"", ""-57"": ""-57"", ""-56"": ""-56"", ""-55"": ""-55"", ""-54"": ""-54"", ""-53"": ""-53"", ""-52"": ""-52"", ""-51"": ""-51"", ""-50"": ""-50"", ""-49"": ""-49"", ""-48"": ""-48"", ""-47"": ""-47"", ""-46"": ""-46"", ""-45"": ""-45"", ""-44"": ""-44"", ""-43"": ""-43"", ""-42"": ""-42"", ""-41"": ""-41"", ""-40"": ""-40"", ""-39"": ""-39"", ""-38"": ""-38"", ""-37"": ""-37"", ""-36"": ""-36"", ""-35"": ""-35"", ""-34"": ""-34"", ""-33"": ""-33"", ""-32"": ""-32"", ""-31"": ""-31"", ""-30"": ""-30"", ""-29"": ""-29"", ""-28"": ""-28"", ""-27"": ""-27"", ""-26"": ""-26"", ""-25"": ""-25"", ""-24"": ""-24"", ""-23"": ""-23"", ""-22"": ""-22"", ""-21"": ""-21"", ""-20"": ""-20"", ""-19"": ""-19"", ""-18"": ""-18"", ""-17"": ""-17"", ""-16"": ""-16"", ""-15"": ""-15"", ""-14"": ""-14"", ""-13"": ""-13"", ""-12"": ""-12"", ""-11"": ""-11"", ""-10"": ""-10"", ""-9"": ""-9"", ""-8"": ""-8"", ""-7"": ""-7"", ""-6"": ""-6"", ""-5"": ""-5"", ""-4"": ""-4"", ""-3"": ""-3"", ""-2"": ""-2"", ""-1"": ""-1"", ""0"": ""0"", ""1"": ""1"", ""2"": ""2"", ""3"": ""3"", ""4"": ""4"", ""5"": ""5"", ""6"": ""6"", ""7"": ""7"", ""8"": ""8"", ""9"": ""9"", ""10"": ""10"", ""11"": ""11"", ""12"": ""12"", ""13"": ""13"", ""14"": ""14"", ""15"": ""15"", ""16"": ""16"", ""17"": ""17"", ""18"": ""18"", ""19"": ""19"", ""20"": ""20"", ""21"": ""21"", ""22"": ""22"", ""23"": ""23"", ""24"": ""24"", ""25"": ""25"", ""26"": ""26"", ""27"": ""27"", ""28"": ""28"", ""29"": ""29"", ""30"": ""30"", ""31"": ""31"", ""32"": ""32"", ""33"": ""33"", ""34"": ""34"", ""35"": ""35"", ""36"": ""36"", ""37"": ""37"", ""38"": ""38"", ""39"": ""39"", ""40"": ""40"", ""41"": ""41"", ""42"": ""42"", ""43"": ""43"", ""44"": ""44"", ""45"": ""45"", ""46"": ""46"", ""47"": ""47"", ""48"": ""48"", ""49"": ""49"", ""50"": ""50"", ""51"": ""51"", ""52"": ""52"", ""53"": ""53"", ""54"": ""54"", ""55"": ""55"", ""56"": ""56"", ""57"": ""57"", ""58"": ""58"", ""59"": ""59"", ""60"": ""60""}",formatter fn 0x32ac8 run in the emulator (emu/t8.log),always,FRANCE=40 (game list),0x100f0f4 FUN_0100f0cc,observed
