le_addr,le_name,pro_addr,method
0x00000010,DataAbort,0x00000010,call_graph_or_short_signature
0x00000014,NotUsed,0x00000014,call_graph_or_short_signature
0x00000018,IRQ,0x00000018,call_graph_or_short_signature
0x0000001c,FIQ,0x0000001c,signature_prefix
0x00000084,,0x00000084,signature_exact
0x000001a4,,0x000001a4,call_graph_or_short_signature
0x000001ac,Reset,0x000001ac,signature_exact
0x000001bc,Reset,0x000001bc,signature_exact
0x000001d8,thunk_FUN_00010ce8,0x000001d8,call_graph_or_short_signature
0x00000300,,0x00000300,call_graph_or_short_signature
0x00000308,,0x00000308,signature_prefix
0x000007a0,tube_set_rgb,0x010009a0,signature_prefix
0x000009ec,,0x00000340,signature_prefix
0x00000a38,,0x0000038c,signature_exact
0x00000da4,,0x0001797c,signature_prefix
0x00000e90,adj_get,0x000004b8,signature_prefix
0x00000f28,,0x00000550,signature_prefix
0x00000f8c,,0x000005b4,call_graph_or_short_signature
0x00001080,,0x000006a8,signature_prefix
0x000010e8,,0x00000710,signature_exact
0x00001118,,0x00000740,signature_exact
0x00001204,thunk_FUN_00001278,0x0000082c,call_graph_or_short_signature
0x00001208,,0x00000830,signature_prefix
0x00001278,,0x000008a0,call_graph_or_short_signature
0x000012bc,,0x000008e4,signature_exact
0x00001328,,0x00000950,signature_exact
0x000015d4,attract_start,0x00000bfc,call_graph_or_short_signature
0x000015dc,,0x00000c04,signature_exact
0x00001620,,0x00000c48,signature_exact
0x0000164c,audit_get,0x00000c74,signature_prefix
0x0000178c,audit_add,0x00000db4,signature_exact
0x00001900,,0x00000f28,signature_prefix
0x00001988,thunk_FUN_00001b40,0x00000fb0,call_graph_or_short_signature
0x0000198c,,0x00000fb4,signature_prefix
0x000019e0,,0x00001008,call_graph_or_short_signature
0x00001a50,,0x00001078,call_graph_or_short_signature
0x00001ac0,,0x000010e8,signature_prefix
0x00001b40,,0x00001168,signature_prefix
0x00001bc4,,0x000011ec,signature_prefix
0x00001c3c,,0x00001264,call_graph_or_short_signature
0x00001c44,,0x0000126c,signature_exact
0x00001ca4,,0x000012cc,signature_prefix
0x00001d50,,0x00001378,signature_prefix
0x00001e18,,0x00001440,signature_exact
0x00001fd4,,0x000015fc,signature_exact
0x00002394,,0x000019bc,signature_exact
0x000023c8,,0x000019f0,signature_exact
0x0000272c,checksum8,0x00001d54,signature_exact
0x000027a0,checksum16,0x00001dc8,signature_exact
0x00002810,,0x00001e38,signature_exact
0x00002844,,0x00001e6c,call_graph_or_short_signature
0x00002868,,0x00001e90,signature_prefix
0x00002880,,0x00001ea8,signature_prefix
0x000028d8,,0x00001f00,call_graph_or_short_signature
0x000028f4,,0x00001f1c,call_graph_or_short_signature
0x000029a0,,0x00001fc8,signature_prefix
0x000029e0,,0x00002008,call_graph_or_short_signature
0x00002a1c,,0x00002044,call_graph_or_short_signature
0x00002a60,,0x00002088,signature_exact
0x00002ac0,,0x000020e8,signature_prefix
0x00002b60,,0x00002188,call_graph_or_short_signature
0x00002bc8,,0x000021f0,signature_prefix
0x00002c54,,0x0000227c,signature_prefix
0x00002cb0,,0x000022d8,call_graph_or_short_signature
0x00002d18,,0x00002340,signature_prefix
0x00002de0,,0x00002408,signature_exact
0x00002e5c,,0x00002484,signature_prefix
0x00002f34,,0x0000255c,signature_exact
0x00002fbc,,0x000025e4,signature_prefix
0x00003034,,0x0000265c,signature_prefix
0x000030a8,,0x000026d0,signature_prefix
0x00003138,,0x00002760,call_graph_or_short_signature
0x00003174,,0x0000279c,signature_exact
0x00003350,,0x00002978,signature_prefix
0x000033a0,,0x000029c8,signature_prefix
0x0000343c,,0x00002a64,call_graph_or_short_signature
0x00003480,,0x00002aa8,call_graph_or_short_signature
0x00003560,,0x00002b88,signature_prefix
0x0000364c,,0x00002c74,call_graph_or_short_signature
0x00003688,,0x00002cb0,call_graph_or_short_signature
0x000036cc,,0x00002cf4,call_graph_or_short_signature
0x00003708,,0x00002d30,signature_prefix
0x00003750,,0x00002d78,call_graph_or_short_signature
0x0000378c,,0x00002db4,signature_prefix
0x00003938,,0x00002f60,signature_prefix
0x00003984,,0x00002fac,signature_prefix
0x00003a0c,,0x00003034,call_graph_or_short_signature
0x00003a4c,,0x00003074,call_graph_or_short_signature
0x00003a8c,,0x000030b4,signature_prefix
0x00003b68,,0x00003190,call_graph_or_short_signature
0x00003ba4,,0x000031cc,call_graph_or_short_signature
0x00003be4,,0x0000320c,call_graph_or_short_signature
0x00003c20,,0x00003248,call_graph_or_short_signature
0x00003c5c,,0x00003284,call_graph_or_short_signature
0x00003c98,,0x000032c0,signature_prefix
0x00003e30,,0x00003458,signature_prefix
0x00003e80,,0x000034a8,signature_prefix
0x00003f88,,0x000035b0,signature_prefix
0x00004068,,0x00003690,call_graph_or_short_signature
0x000041a0,,0x000037c8,call_graph_or_short_signature
0x000041b4,,0x000037dc,call_graph_or_short_signature
0x000041c8,,0x000037f0,call_graph_or_short_signature
0x000041dc,,0x00003804,call_graph_or_short_signature
0x000041f0,,0x00003818,signature_prefix
0x000042a8,,0x000038d0,signature_prefix
0x000043a4,,0x000039cc,signature_prefix
0x0000442c,,0x00003a54,signature_exact
0x0000477c,,0x00003da4,call_graph_or_short_signature
0x00004780,,0x00003da8,signature_exact
0x000047b0,,0x00003dd8,signature_prefix
0x000047f8,,0x00003e20,signature_exact
0x0000482c,,0x00003e54,signature_exact
0x00004890,,0x00003eb8,signature_exact
0x00004928,,0x00003f50,signature_exact
0x0000496c,,0x00003f94,signature_exact
0x0000498c,,0x00003fb4,call_graph_or_short_signature
0x00004990,,0x00003fb8,signature_exact
0x000049c8,,0x00003ff0,call_graph_or_short_signature
0x000049cc,,0x00003ff4,signature_exact
0x000049f8,,0x00004020,call_graph_or_short_signature
0x00004a00,,0x00004028,signature_prefix
0x00004a50,,0x00004078,signature_exact
0x00004cb4,,0x000042dc,signature_prefix
0x00004cf0,,0x00004318,signature_exact
0x00004d24,,0x0000434c,signature_exact
0x00004d48,,0x00004370,signature_exact
0x00004e70,,0x00004498,call_graph_or_short_signature
0x00004e74,,0x0000449c,signature_exact
0x00004e88,,0x000044b0,call_graph_or_short_signature
0x00004e8c,,0x000044b4,call_graph_or_short_signature
0x00004e9c,,0x000044c4,signature_exact
0x00004f18,,0x00004540,signature_exact
0x00004fb4,,0x000045dc,signature_exact
0x00004ff4,,0x0000461c,call_graph_or_short_signature
0x000050f4,,0x0000471c,signature_prefix
0x0000519c,,0x000047c4,signature_exact
0x000051b4,,0x000047dc,call_graph_or_short_signature
0x000051b8,,0x000047e0,call_graph_or_short_signature
0x000051c8,,0x000047f0,call_graph_or_short_signature
0x000051e4,,0x0000480c,signature_prefix
0x00005274,,0x0000489c,call_graph_or_short_signature
0x00005284,,0x000048ac,signature_exact
0x000052b4,,0x000048dc,signature_exact
0x000053f8,,0x00004a20,signature_exact
0x000054ec,,0x00004b14,signature_prefix
0x00005538,,0x00004b60,signature_prefix
0x00005580,,0x00004ba8,call_graph_or_short_signature
0x00005584,,0x00004bac,signature_exact
0x000055c8,,0x00004bf0,signature_exact
0x00005858,,0x00004e80,signature_exact
0x000058b8,,0x00004ee0,signature_exact
0x00005948,,0x00004f70,signature_exact
0x000059c8,,0x00004ff0,signature_exact
0x00005a04,,0x0000502c,signature_exact
0x00005a18,,0x00005040,signature_exact
0x00005a44,default,0x0000506c,signature_exact
0x00005aa8,fatal_halt,0x000050d0,signature_exact
0x00005ab4,,0x000050dc,signature_exact
0x00005ac8,error_log,0x000050f0,signature_exact
0x00005ad8,,0x00005100,signature_prefix
0x00005b08,,0x00005130,signature_exact
0x00005b60,,0x00005188,signature_exact
0x00005bd0,,0x000051f8,call_graph_or_short_signature
0x00005be0,,0x00005208,signature_exact
0x00005c1c,,0x00005244,signature_exact
0x00005c74,,0x0000529c,signature_exact
0x00005c88,,0x000052b0,signature_prefix
0x00005ea0,,0x000054c8,signature_exact
0x00005edc,,0x00005504,signature_exact
0x00005f2c,,0x00005554,signature_prefix
0x00005ff0,,0x00005618,signature_prefix
0x0000605c,,0x00005684,signature_exact
0x000060f4,,0x0000571c,signature_exact
0x00006110,,0x00005738,signature_prefix
0x00006154,,0x0000577c,signature_exact
0x00006164,,0x0000578c,call_graph_or_short_signature
0x00006180,,0x000057a8,signature_prefix
0x00006268,,0x00005890,signature_exact
0x00006274,,0x0000589c,signature_exact
0x000062d8,,0x00005900,call_graph_or_short_signature
0x000062e0,,0x00005908,signature_exact
0x00006334,,0x0000595c,signature_exact
0x00006360,,0x00005988,signature_exact
0x000063c0,,0x000059e8,signature_prefix
0x000064a4,,0x00005acc,signature_prefix
0x00006588,game_flag_clear,0x00005bb0,call_graph_or_short_signature
0x000065d8,game_flag_set,0x00005c00,call_graph_or_short_signature
0x00006628,,0x00005c50,signature_prefix
0x000066a8,game_flag_test,0x00005cd0,signature_prefix
0x00006700,,0x00005d28,signature_prefix
0x00006744,,0x00005d6c,call_graph_or_short_signature
0x00006748,,0x00005d70,signature_exact
0x00006870,,0x00005e98,signature_prefix
0x00006970,coil_pulse,0x00005f98,signature_exact
0x000069c0,coil_pulse_fn,0x00005fe8,signature_exact
0x00006a20,,0x00006048,signature_prefix
0x00006a60,,0x00006088,signature_prefix
0x00006a74,,0x0000609c,call_graph_or_short_signature
0x00006ad8,,0x00006100,call_graph_or_short_signature
0x00006b24,coilgroup_pulse,0x0000614c,call_graph_or_short_signature
0x00006b34,,0x0000615c,signature_prefix
0x00006b94,,0x000061bc,signature_prefix
0x00006c0c,,0x00006234,call_graph_or_short_signature
0x00006c14,,0x0000623c,signature_prefix
0x00006c6c,,0x00006294,call_graph_or_short_signature
0x00006ce0,thunk_FUN_00006ef8,0x00006308,call_graph_or_short_signature
0x00006ce4,,0x0000630c,signature_exact
0x00006ef8,,0x00006520,signature_prefix
0x00006f8c,,0x000065b4,signature_prefix
0x00006fe0,,0x00006608,signature_exact
0x00006ffc,,0x00006624,signature_prefix
0x00007040,,0x00006668,signature_prefix
0x00007090,,0x000066b8,signature_prefix
0x000070d8,,0x00006700,call_graph_or_short_signature
0x00007114,,0x0000673c,signature_prefix
0x000071b8,,0x000067e0,call_graph_or_short_signature
0x000071f4,,0x0000681c,signature_prefix
0x000072c8,,0x000068f0,call_graph_or_short_signature
0x00007304,flipper_buttons_held,0x0000692c,signature_prefix
0x00007378,,0x000069a0,signature_exact
0x00007390,,0x000069b8,signature_exact
0x000073a0,,0x000069c8,signature_exact
0x000073b0,,0x000069d8,signature_exact
0x000073c8,,0x000069f0,signature_exact
0x000073e4,,0x00006a0c,signature_exact
0x00007404,,0x00006a2c,signature_exact
0x0000743c,,0x00006a64,call_graph_or_short_signature
0x000075f8,,0x00006bd4,signature_prefix
0x0000762c,,0x00006c08,signature_prefix
0x00007694,,0x00006c70,signature_prefix
0x000077d0,,0x00006dac,signature_prefix
0x00007870,,0x00006e4c,signature_prefix
0x00007910,,0x00006eec,signature_exact
0x00007944,event_hook_add,0x00006f20,signature_prefix
0x000079ec,event_post,0x00006fc8,signature_prefix
0x00007a54,object_dtor_stub,0x00007030,call_graph_or_short_signature
0x00007a58,,0x00007034,call_graph_or_short_signature
0x00007a68,,0x00007044,call_graph_or_short_signature
0x00007a70,,0x0000704c,signature_exact
0x00007b84,,0x00007160,signature_exact
0x00007be8,,0x000071c4,signature_exact
0x00007c24,,0x00007200,signature_prefix
0x00007ce0,,0x000072bc,signature_prefix
0x00007d48,,0x00007324,signature_exact
0x00007d9c,lamp_layer_create,0x00007378,signature_prefix
0x00007ea8,,0x00007484,call_graph_or_short_signature
0x00007eb8,,0x00007494,signature_prefix
0x00007f68,,0x00007544,signature_exact
0x00008098,,0x00007674,call_graph_or_short_signature
0x0000809c,,0x00007678,signature_prefix
0x00008114,lamp_lookup,0x000076f0,signature_prefix
0x00008168,,0x00007744,signature_exact
0x000081a0,,0x0000777c,signature_exact
0x000081f8,lamp_off,0x000077d4,signature_exact
0x0000826c,lamp_bit_clear,0x00007848,signature_exact
0x000082b0,lamp_off_all,0x0000788c,signature_exact
0x0000833c,lamp_on,0x00007918,signature_exact
0x000083b0,lamp_bit_set,0x0000798c,signature_exact
0x000083f4,lamp_on_solid,0x000079d0,signature_exact
0x00008478,lamp_toggle,0x00007a54,signature_exact
0x000084f8,lamp_bit_toggle,0x00007ad4,signature_exact
0x00008548,lamp_test,0x00007b24,signature_exact
0x000085f4,lamp_bit_test,0x00007bd0,signature_exact
0x00008640,,0x00007c1c,signature_exact
0x000086c0,,0x00007c9c,signature_exact
0x00008710,,0x00007cec,signature_exact
0x00008730,,0x00007d0c,signature_exact
0x00008788,,0x00007d64,signature_exact
0x000087ac,leff_start,0x00007d88,signature_exact
0x0000898c,,0x00007f68,signature_exact
0x00008ab8,leff_current_priority,0x00008094,signature_prefix
0x00008afc,,0x000080d8,call_graph_or_short_signature
0x00008d10,,0x000082ec,call_graph_or_short_signature
0x00008d60,,0x0000833c,call_graph_or_short_signature
0x00008d90,leff_current_info,0x0000836c,call_graph_or_short_signature
0x00008de0,,0x000083bc,call_graph_or_short_signature
0x00008e30,,0x0000840c,signature_prefix
0x00008f78,lampgroup_count,0x00008554,call_graph_or_short_signature
0x00008fdc,,0x000085b8,call_graph_or_short_signature
0x00009068,lampgroup_off,0x00008644,call_graph_or_short_signature
0x000090d8,lampgroup_bit_clear,0x000086b4,call_graph_or_short_signature
0x00009200,lampgroup_on,0x000087dc,call_graph_or_short_signature
0x00009270,lampgroup_bit_set,0x0000884c,call_graph_or_short_signature
0x00009398,lampgroup_toggle,0x00008974,call_graph_or_short_signature
0x00009408,,0x000089e4,call_graph_or_short_signature
0x00009470,,0x00008a4c,signature_prefix
0x00009500,,0x00008adc,signature_prefix
0x00009588,,0x00008b64,signature_exact
0x00009750,,0x00008d2c,signature_exact
0x0000987c,,0x00008e58,signature_exact
0x00009a70,,0x0000904c,signature_exact
0x00009d00,,0x000092dc,call_graph_or_short_signature
0x00009fb8,,0x00009594,call_graph_or_short_signature
0x0000a10c,,0x000096e8,call_graph_or_short_signature
0x0000a180,,0x0000975c,signature_prefix
0x0000a1e4,,0x000097c0,signature_prefix
0x0000a23c,,0x00009818,signature_exact
0x0000a258,,0x00009834,signature_exact
0x0000a288,,0x00009864,signature_exact
0x0000a2c8,,0x000098a4,signature_exact
0x0000a2dc,,0x000098b8,signature_prefix
0x0000a370,,0x0000994c,signature_prefix
0x0000a3b4,,0x00009990,signature_prefix
0x0000a3d8,,0x000099b4,signature_prefix
0x0000a3ec,,0x000099c8,signature_exact
0x0000a424,language_get,0x00009a00,call_graph_or_short_signature
0x0000a440,lang_select,0x00009a1c,signature_exact
0x0000a45c,,0x00009a38,signature_exact
0x0000a498,,0x00009a74,call_graph_or_short_signature
0x0000a4bc,,0x00009a98,call_graph_or_short_signature
0x0000a4fc,,0x00009ad8,call_graph_or_short_signature
0x0000a544,,0x00009b20,call_graph_or_short_signature
0x0000a58c,msg_get,0x00009b68,call_graph_or_short_signature
0x0000a5d0,,0x00009bac,call_graph_or_short_signature
0x0000a61c,,0x00009bf8,signature_prefix
0x0000a688,,0x00009c64,call_graph_or_short_signature
0x0000a690,,0x00009c6c,signature_prefix
0x0000a6f0,,0x00009ccc,signature_prefix
0x0000a7a8,,0x00009d84,call_graph_or_short_signature
0x0000a7ec,,0x00009dc8,call_graph_or_short_signature
0x0000a844,,0x00009e20,signature_exact
0x0000a9d4,,0x00009fb0,call_graph_or_short_signature
0x0000aa64,nvram_unlock,0x0000a040,call_graph_or_short_signature
0x0000aaac,nvram_lock,0x0000a088,signature_prefix
0x0000aad8,nvram_lock_restore,0x0000a0b4,call_graph_or_short_signature
0x0000aadc,,0x0000a0b8,signature_exact
0x0000aafc,,0x0000a0d8,call_graph_or_short_signature
0x0000ab84,,0x0000a0dc,signature_exact
0x0000abe4,,0x0000a13c,signature_exact
0x0000ac18,,0x0000a170,signature_exact
0x0000b058,,0x0000a5b0,call_graph_or_short_signature
0x0000b05c,,0x0000a5b4,signature_prefix
0x0000b0f0,,0x0000a648,signature_exact
0x0000b1fc,,0x0000a754,call_graph_or_short_signature
0x0000b200,,0x0000a758,signature_prefix
0x0000b300,,0x0000a858,signature_prefix
0x0000b3b4,,0x0000a90c,signature_prefix
0x0000b46c,,0x0000a9c4,signature_exact
0x0000b4bc,,0x0000aa14,signature_prefix
0x0000b530,,0x0000aa88,signature_exact
0x0000b578,,0x0000aad0,signature_prefix
0x0000b5dc,,0x0000ab34,signature_exact
0x0000b624,task_create,0x0000ab7c,signature_prefix
0x0000b718,task_create_unique,0x0000ac70,call_graph_or_short_signature
0x0000b71c,,0x0000ac74,signature_exact
0x0000b76c,task_recreate,0x0000acc4,signature_prefix
0x0000b808,task_timer_restart,0x0000ad60,call_graph_or_short_signature
0x0000b840,task_spawn_child,0x0000ad98,signature_prefix
0x0000b91c,task_sleep,0x0000ae74,signature_prefix
0x0000b984,,0x0000aedc,call_graph_or_short_signature
0x0000ba04,task_exit,0x0000af5c,signature_prefix
0x0000ba3c,task_kill,0x0000af94,call_graph_or_short_signature
0x0000bad8,task_kill_ptr,0x0000b030,signature_prefix
0x0000bb40,task_kill_range,0x0000b098,signature_prefix
0x0000bbd0,task_kill_list,0x0000b128,signature_prefix
0x0000bc74,,0x0000b1cc,call_graph_or_short_signature
0x0000bcec,task_suspend,0x0000b244,call_graph_or_short_signature
0x0000bd84,,0x0000b2dc,call_graph_or_short_signature
0x0000bd88,,0x0000b2e0,signature_prefix
0x0000bdec,task_resume,0x0000b344,signature_prefix
0x0000be68,task_running,0x0000b3c0,signature_prefix
0x0000becc,task_running_range,0x0000b424,signature_prefix
0x0000bf40,,0x0000b498,call_graph_or_short_signature
0x0000bf48,,0x0000b4a0,signature_prefix
0x0000bfd0,,0x0000b528,signature_prefix
0x0000c044,,0x0000b59c,signature_prefix
0x0000c098,,0x0000b5f0,call_graph_or_short_signature
0x0000c0d0,task_set_id,0x0000b628,call_graph_or_short_signature
0x0000c0fc,,0x0000b654,signature_prefix
0x0000c154,,0x0000b6ac,call_graph_or_short_signature
0x0000c18c,,0x0000b6e4,call_graph_or_short_signature
0x0000c1b8,task_set_exit_handler,0x0000b710,call_graph_or_short_signature
0x0000c1bc,,0x0000b714,signature_exact
0x0000c268,,0x0000b7c0,signature_exact
0x0000c274,,0x0000b7cc,signature_prefix
0x0000c2b8,,0x0000b810,signature_prefix
0x0000c31c,,0x0000b874,signature_prefix
0x0000c3a0,,0x0000b8f8,signature_prefix
0x0000c404,leff_stop,0x0000b95c,signature_prefix
0x0000c488,,0x0000b9e0,signature_exact
0x0000c668,,0x0000bbc0,signature_exact
0x0000c674,,0x0000bbcc,call_graph_or_short_signature
0x0000c684,,0x0000bbdc,signature_prefix
0x0000c6b4,,0x0000bc0c,signature_exact
0x0000c6d4,,0x0000bc2c,signature_exact
0x0000c708,bag_weighted_pick,0x0000bc60,signature_exact
0x0000c828,,0x0000bd80,signature_exact
0x0000c84c,bag_run_award,0x0000bda4,signature_exact
0x0000c8a4,,0x0000bdfc,signature_prefix
0x0000c8dc,,0x0000be34,signature_prefix
0x0000c914,,0x0000be6c,signature_prefix
0x0000c988,,0x0000bee0,signature_prefix
0x0000c9dc,,0x0000bf34,signature_prefix
0x0000ca5c,,0x0000bfb4,call_graph_or_short_signature
0x0000ca60,,0x0000bfb8,signature_prefix
0x0000ca94,,0x0000bfec,call_graph_or_short_signature
0x0000caf8,,0x0000c050,call_graph_or_short_signature
0x0000cb24,,0x0000c07c,call_graph_or_short_signature
0x0000cb50,,0x0000c0a8,signature_prefix
0x0000cbb0,,0x0000c108,signature_exact
0x0000cc14,,0x0000c16c,signature_exact
0x0000cc44,,0x0000c19c,signature_exact
0x0000cc88,,0x0000c1e0,call_graph_or_short_signature
0x0000ccc8,,0x0000c220,call_graph_or_short_signature
0x0000cd08,,0x0000c260,call_graph_or_short_signature
0x0000cd4c,,0x0000c2a4,call_graph_or_short_signature
0x0000cd90,,0x0000c2e8,signature_exact
0x0000cdc0,,0x0000c318,signature_exact
0x0000ce08,,0x0000c360,signature_prefix
0x0000cebc,,0x0000c414,signature_exact
0x0000cf6c,,0x0000c4c4,signature_exact
0x0000cf9c,,0x0000c4f4,signature_exact
0x0000d230,,0x0000c788,signature_exact
0x0000d244,,0x0000c79c,signature_prefix
0x0000d2b4,,0x0000c80c,signature_exact
0x0000d41c,,0x0000c974,signature_exact
0x0000d438,,0x0000c990,signature_exact
0x0000d460,,0x0000c9b8,signature_prefix
0x0000d4f4,,0x0000ca4c,signature_exact
0x0000d50c,,0x0000ca64,signature_exact
0x0000d524,,0x0000ca7c,signature_exact
0x0000d5d0,,0x0000cb28,signature_exact
0x0000d5f4,,0x0000cb4c,signature_exact
0x0000d620,,0x0000cb78,call_graph_or_short_signature
0x0000d6a4,,0x0000cbfc,signature_exact
0x0000d6c0,,0x0000cc18,signature_exact
0x0000d6dc,,0x0000cc34,signature_exact
0x0000d6f8,,0x0000cc50,signature_prefix
0x0000d814,,0x0000cd70,signature_exact
0x0000dec0,,0x0000d420,signature_exact
0x0000ded4,,0x0000d434,signature_exact
0x0000deec,,0x0000d44c,signature_prefix
0x0000df90,,0x0000d4f0,call_graph_or_short_signature
0x0000dfac,,0x0000d50c,signature_exact
0x0000e000,,0x0000d560,signature_exact
0x0000e07c,,0x0000d5dc,call_graph_or_short_signature
0x0000e098,sw_is_disabled,0x0000d5f8,signature_exact
0x0000e134,,0x0000d694,signature_exact
0x0000e1ac,,0x0000d70c,call_graph_or_short_signature
0x0000e224,,0x0000d784,signature_exact
0x0000e260,,0x0000d7c0,signature_exact
0x0000e2d8,,0x0000d838,signature_exact
0x0000e318,,0x0000d878,signature_exact
0x0000e3d4,,0x0000d934,signature_prefix
0x0000e444,,0x0000d9a4,call_graph_or_short_signature
0x0000e4b8,,0x0000da18,call_graph_or_short_signature
0x0000e4c4,playfield_is_valid,0x0000da24,call_graph_or_short_signature
0x0000e4dc,playfield_set_valid,0x0000da3c,call_graph_or_short_signature
0x0000e4fc,,0x0000da5c,call_graph_or_short_signature
0x0000e544,,0x0000daa8,signature_exact
0x0000e588,,0x0000daec,call_graph_or_short_signature
0x0000e608,,0x0000db68,signature_prefix
0x0000e72c,,0x0000dc8c,signature_exact
0x0000e85c,switch_dispatch_debounce,0x0000ddbc,signature_exact
0x0000eadc,,0x0000e03c,call_graph_or_short_signature
0x0000eb50,,0x0000e0b0,call_graph_or_short_signature
0x0000eb5c,,0x0000e0bc,signature_prefix
0x0000ec84,,0x0000e1e4,signature_exact
0x0000ec9c,,0x0000e1fc,signature_exact
0x0000ecd0,,0x0000e230,call_graph_or_short_signature
0x0000ee48,,0x0000e3a8,signature_prefix
0x0000ee7c,,0x0000e3dc,call_graph_or_short_signature
0x0000ef60,,0x0000e4c0,signature_exact
0x0000ef8c,,0x0000e4ec,signature_exact
0x0000efb8,array_elem,0x0000e518,signature_exact
0x0000eff4,,0x0000e554,signature_prefix
0x0000f090,,0x0000e5f0,call_graph_or_short_signature
0x0000f098,,0x0000e5f8,signature_prefix
0x0000f0f0,,0x0000e650,signature_prefix
0x0000f178,,0x0000e6d8,signature_prefix
0x0000f248,,0x0000e7a8,call_graph_or_short_signature
0x0000f2b8,,0x0000e818,call_graph_or_short_signature
0x0000f32c,,0x0000e88c,call_graph_or_short_signature
0x0000f330,,0x0000e890,call_graph_or_short_signature
0x0000f340,debug_printf,0x0000e8a0,call_graph_or_short_signature
0x0000f344,,0x0000e8a4,signature_prefix
0x0000f378,,0x0000e8d8,signature_exact
0x0000f390,,0x0000e8f0,signature_prefix
0x0000f434,,0x0000e994,signature_exact
0x0000f704,,0x0000ec64,call_graph_or_short_signature
0x0000f708,,0x0000ec68,call_graph_or_short_signature
0x0000f718,,0x0000ec78,signature_exact
0x0000f754,,0x0000ecb4,signature_exact
0x0000f8d0,,0x0000ee30,signature_exact
0x0000f914,snd_play_009,0x0000ee74,signature_exact
0x0000f924,snd_play_00a,0x0000ee84,signature_exact
0x0000f934,snd_play_00b,0x0000ee94,signature_exact
0x0000f944,snd_play_00c,0x0000eea4,signature_exact
0x0000f954,,0x0000eeb4,signature_exact
0x0000f964,,0x0000eec4,signature_exact
0x0000f974,,0x0000eed4,signature_prefix
0x0000f9a8,,0x0000ef08,call_graph_or_short_signature
0x0000f9b0,,0x0000ef10,signature_prefix
0x0000fa34,,0x0000ef94,call_graph_or_short_signature
0x0000fa3c,,0x0000ef9c,signature_prefix
0x0000fad0,,0x0000f030,signature_exact
0x0000fb10,,0x0000f070,signature_prefix
0x0000fbd0,key_repeat_reset,0x0000f130,signature_exact
0x0000fbe8,key_repeat_reset_all,0x0000f148,call_graph_or_short_signature
0x0000fc20,,0x0000f180,call_graph_or_short_signature
0x0000fc28,,0x0000f188,call_graph_or_short_signature
0x0000fec0,,0x0000f420,signature_prefix
0x0000fef0,,0x0000f450,signature_prefix
0x0000ff5c,,0x0000f4bc,signature_exact
0x0000ff90,,0x0000f4f0,call_graph_or_short_signature
0x0000ff98,,0x0000f4f8,signature_prefix
0x0000ffd8,,0x0000f538,signature_prefix
0x00010098,,0x0000f5f8,call_graph_or_short_signature
0x0001009c,,0x0000f5fc,signature_exact
0x000100f8,,0x0000f658,signature_prefix
0x000101b4,,0x0000f714,signature_prefix
0x0001025c,,0x0000f7bc,call_graph_or_short_signature
0x000102b8,,0x0000f818,signature_prefix
0x00010358,,0x0000f8b8,signature_exact
0x00010380,,0x0000f8e0,signature_exact
0x000103a8,,0x0000f908,signature_exact
0x00010438,,0x0000f998,signature_prefix
0x000104a0,,0x0000fa00,signature_exact
0x000105d8,,0x0000fb38,call_graph_or_short_signature
0x0001061c,,0x0000fb7c,signature_prefix
0x000106a4,,0x0000fc04,signature_prefix
0x00010938,,0x0000fe98,call_graph_or_short_signature
0x000109c8,,0x0000ff28,signature_prefix
0x00010a08,,0x0000ff68,signature_exact
0x00010a14,,0x0000ff74,signature_prefix
0x00010a50,,0x0000ffb0,signature_prefix
0x00010ad4,,0x00010034,signature_prefix
0x00010b18,,0x00010078,signature_prefix
0x00010b78,,0x000100d8,signature_prefix
0x00010c08,switch_timeout_obj_clear,0x00010168,signature_exact
0x00010c20,,0x00010180,signature_exact
0x00010c34,switch_timeout_obj_expire,0x00010194,signature_exact
0x00010c70,switch_timeout_obj_add,0x000101d0,call_graph_or_short_signature
0x00010c78,,0x000101d8,signature_exact
0x00010ce8,,0x00010248,signature_prefix
0x00010d38,,0x00010298,signature_prefix
0x00010d7c,,0x000102dc,signature_prefix
0x00010f3c,,0x0001049c,signature_prefix
0x00010f7c,,0x000104dc,signature_prefix
0x00011018,,0x00010578,signature_prefix
0x00011058,,0x000105b8,signature_prefix
0x000110f4,,0x00010654,call_graph_or_short_signature
0x00011104,,0x00010664,signature_exact
0x0001149c,,0x000109fc,signature_prefix
0x000114b4,,0x00010a14,signature_exact
0x00011574,,0x00010ad4,call_graph_or_short_signature
0x00011578,,0x00010ad8,signature_exact
0x00011594,,0x00010af4,signature_exact
0x000115c0,,0x00010b20,signature_exact
0x00011628,,0x00010b88,signature_exact
0x00011650,,0x00010bb0,signature_exact
0x00011678,thunk_FUN_00011594,0x00010bd8,call_graph_or_short_signature
0x0001167c,,0x00010bdc,signature_prefix
0x000116f4,,0x00010c54,signature_prefix
0x00011758,,0x00010cb8,call_graph_or_short_signature
0x00011778,,0x00010cd8,signature_exact
0x000117f0,,0x00010d50,signature_exact
0x000118f0,,0x00010e50,signature_exact
0x00011950,,0x00010eb0,signature_exact
0x00011984,,0x00010ee4,signature_exact
0x000119bc,,0x00010f1c,signature_exact
0x00011ad4,,0x00011034,signature_exact
0x00011b54,,0x000110b4,signature_prefix
0x00011bec,,0x0001114c,signature_exact
0x00011c04,,0x00011164,signature_prefix
0x00011c84,,0x000111e4,signature_prefix
0x00011d04,,0x00011264,signature_prefix
0x00011d74,,0x000112d4,signature_exact
0x00011d84,,0x000112e4,call_graph_or_short_signature
0x00011d8c,,0x000112ec,signature_prefix
0x00011e8c,flash_bank_select,0x000113ec,signature_prefix
0x00011eb8,,0x00011418,signature_exact
0x00011edc,,0x01025b48,call_graph_or_short_signature
0x00011eec,,0x000114c4,signature_prefix
0x00011f08,,0x000114e0,call_graph_or_short_signature
0x00011f2c,irq_disable,0x000114e4,signature_exact
0x00011f48,,0x00011500,signature_exact
0x00011f64,irq_restore,0x0001151c,signature_exact
0x00011fbc,,0x00011574,signature_prefix
0x00012070,,0x00011628,signature_exact
0x00013440,,0x000129f8,signature_prefix
0x00013484,,0x00012a3c,signature_exact
0x00013604,,0x00012c04,signature_exact
0x000136ec,,0x00012cec,signature_exact
0x000136fc,,0x00012cfc,signature_exact
0x0001370c,,0x00012d0c,signature_prefix
0x0001373c,,0x00012d3c,signature_exact
0x0001374c,,0x00012d4c,signature_exact
0x000137a0,,0x00012da0,signature_exact
0x000137f0,,0x00012df0,signature_exact
0x00013838,,0x00012e38,signature_exact
0x00013874,,0x00012e74,signature_exact
0x000138b4,,0x00012eb4,signature_exact
0x000138f4,,0x00012ef4,signature_exact
0x00013930,,0x00012f30,signature_exact
0x00013974,,0x00012f74,signature_exact
0x000139b4,,0x00012fb4,signature_exact
0x000139c8,,0x00012fc8,signature_exact
0x00013a74,,0x00013074,signature_prefix
0x00013b30,,0x00013130,signature_exact
0x00013ce4,,0x000132e4,signature_exact
0x00013da8,,0x000133a8,signature_exact
0x00013df0,,0x000133f0,call_graph_or_short_signature
0x00013df4,,0x000133f4,signature_exact
0x00013e38,,0x00013438,signature_exact
0x00013e98,,0x00013498,signature_exact
0x00013eb8,,0x000134b8,signature_exact
0x00013f28,,0x00013528,signature_exact
0x00013f94,,0x00013594,signature_exact
0x0001404c,,0x0001364c,signature_exact
0x00014084,,0x00013684,signature_exact
0x000140cc,,0x000136cc,signature_exact
0x0001410c,,0x0001370c,signature_exact
0x00014184,,0x00013784,signature_exact
0x00014210,,0x00013810,signature_exact
0x00014278,,0x00013878,signature_exact
0x000142d0,,0x000138d0,signature_exact
0x00014310,,0x00013910,signature_exact
0x00014384,,0x00013984,signature_exact
0x00014420,,0x00013a20,signature_exact
0x00014440,,0x00013a40,signature_prefix
0x00014480,,0x00013a80,signature_prefix
0x00014514,,0x00013b14,signature_exact
0x00014550,,0x00013b50,call_graph_or_short_signature
0x00014560,,0x00013b60,call_graph_or_short_signature
0x00014568,,0x00013b68,call_graph_or_short_signature
0x00014570,,0x00013b70,signature_prefix
0x00014594,,0x00013b94,signature_prefix
0x000145b8,,0x00013bb8,signature_exact
0x000145f4,,0x00013bf4,signature_exact
0x000146ac,,0x00013cac,signature_exact
0x000146e4,,0x00013ce4,signature_exact
0x000148d0,,0x00013ed0,signature_prefix
0x00014984,,0x00013f84,signature_exact
0x00014a00,,0x00014000,signature_exact
0x00014aac,,0x000140ac,signature_exact
0x00014af4,,0x000140f4,signature_prefix
0x00014bd8,,0x000141d8,signature_exact
0x00014c28,,0x00014228,signature_exact
0x00014c9c,,0x0001429c,signature_prefix
0x00014e6c,,0x0001446c,signature_prefix
0x00014f50,,0x00014550,signature_exact
0x00014fa0,,0x000145a0,signature_exact
0x00014fb0,,0x000145b0,signature_prefix
0x00014fe8,,0x000145e8,signature_prefix
0x0001501c,,0x0001461c,signature_exact
0x0001509c,,0x0001469c,signature_exact
0x000152dc,,0x000148dc,call_graph_or_short_signature
0x0001535c,,0x0001495c,signature_prefix
0x000153e8,,0x000149e8,signature_exact
0x000155f4,,0x00014bf4,call_graph_or_short_signature
0x000155fc,,0x00014bfc,signature_exact
0x000157f8,,0x00014df8,signature_exact
0x0001587c,,0x00014e7c,signature_exact
0x00015888,,0x00014e88,signature_exact
0x000158a0,,0x00014ea0,signature_exact
0x00015a1c,,0x0001501c,signature_exact
0x00015a68,,0x00015068,signature_prefix
0x00015b70,,0x00015170,signature_exact
0x00015b88,,0x00015188,signature_exact
0x00015ba0,,0x000151a0,signature_exact
0x00015bb8,,0x000151b8,signature_exact
0x00015bd4,,0x000151d4,signature_exact
0x00015c04,,0x00015204,signature_prefix
0x00015c54,pio_shift_byte,0x00015254,signature_prefix
0x00015cac,,0x000152ac,signature_prefix
0x00015d0c,pio_shift_idle,0x0001530c,signature_prefix
0x00015d4c,,0x0001534c,signature_prefix
0x00015d60,,0x00015360,signature_exact
0x00015d80,,0x00015380,signature_exact
0x00015da0,,0x000153a0,signature_exact
0x00015dd4,,0x000153d4,signature_exact
0x00015e10,,0x00015410,signature_exact
0x00015e2c,,0x0001542c,signature_exact
0x00015e48,,0x00015448,signature_exact
0x00015e64,,0x00015464,signature_exact
0x00015e80,,0x00015480,signature_exact
0x00015e9c,,0x0001549c,signature_exact
0x00015eb8,,0x000154b8,signature_exact
0x00015ed4,,0x000154d4,call_graph_or_short_signature
0x00015ed8,,0x000154d8,signature_exact
0x00015ef4,,0x000154f4,call_graph_or_short_signature
0x00015ef8,,0x000154f8,signature_exact
0x00015f14,,0x00015514,call_graph_or_short_signature
0x00015f18,,0x00015518,signature_exact
0x00015f34,,0x00015534,call_graph_or_short_signature
0x00015f38,,0x00015538,signature_exact
0x00015f54,,0x00015554,call_graph_or_short_signature
0x00015f58,,0x00015558,signature_exact
0x00015f74,,0x00015574,call_graph_or_short_signature
0x00015f78,,0x00015578,signature_exact
0x00015f94,,0x00015594,call_graph_or_short_signature
0x00015f98,,0x00015598,signature_exact
0x00015fb4,,0x000155b4,signature_exact
0x00015fe4,,0x000155e4,call_graph_or_short_signature
0x00015fec,,0x000155ec,signature_exact
0x00016030,,0x00015630,signature_exact
0x00016080,,0x00015680,signature_exact
0x00016214,,0x00015814,signature_exact
0x000162f8,,0x000158f8,signature_exact
0x000163a0,,0x000159a0,signature_exact
0x00016458,,0x00015a58,signature_exact
0x00016504,,0x00015b04,signature_prefix
0x0001657c,,0x00015b7c,signature_prefix
0x00016618,,0x00015c18,signature_exact
0x00016634,,0x00015c34,signature_exact
0x000166f4,,0x00015cf4,signature_exact
0x00016790,,0x00015d90,signature_exact
0x000167cc,,0x00015dcc,signature_exact
0x00016a70,,0x00016070,signature_prefix
0x00016a94,,0x00016094,call_graph_or_short_signature
0x00016a98,,0x00016098,signature_exact
0x00016ac0,,0x000160c0,signature_prefix
0x00016afc,,0x000160fc,signature_exact
0x00016b48,,0x00016148,signature_exact
0x00016b88,,0x00016188,signature_exact
0x00016bc0,,0x000161c0,signature_prefix
0x00016c00,,0x00016200,signature_exact
0x00018004,,0x00016240,signature_exact
0x00018190,,0x000163cc,signature_prefix
0x00018228,,0x00016464,signature_prefix
0x00018274,,0x000164b0,signature_exact
0x000182b0,,0x000164ec,signature_prefix
0x000182fc,,0x00016538,signature_prefix
0x000183d0,,0x0001660c,signature_prefix
0x00018490,,0x000166cc,signature_prefix
0x000184f8,,0x00016734,signature_prefix
0x00018560,,0x0001679c,signature_prefix
0x000185ac,task_2b_2,0x000167e8,signature_exact
0x000186f4,,0x00016930,signature_prefix
0x00018734,,0x00016970,signature_prefix
0x00018800,,0x00016a3c,signature_prefix
0x000188c8,,0x00016b04,signature_exact
0x00018924,,0x00016b60,signature_prefix
0x00018978,,0x00016bb4,call_graph_or_short_signature
0x0001897c,,0x00016bb8,signature_exact
0x000189b0,,0x00016bec,signature_exact
0x00018b40,,0x00016d7c,signature_exact
0x00018cf4,,0x00016f30,signature_exact
0x00018d10,,0x00016f4c,signature_exact
0x00018d70,,0x00016fac,signature_exact
0x00018dc8,,0x00017004,signature_prefix
0x00018e34,,0x00017070,signature_prefix
0x00018e88,,0x000170c4,signature_exact
0x00018ee8,,0x00017124,signature_exact
0x00018f40,,0x0001717c,signature_prefix
0x00018fac,,0x000171e8,signature_exact
0x00019004,,0x00017240,signature_exact
0x00019064,,0x000172a0,signature_prefix
0x000190c0,,0x000172fc,signature_exact
0x00019130,,0x0001736c,signature_prefix
0x00019160,,0x0001739c,signature_exact
0x00019190,,0x000173cc,signature_exact
0x00019270,,0x000174ac,signature_exact
0x000194f8,rule_obj_init,0x00017734,call_graph_or_short_signature
0x00019578,,0x000177b4,signature_exact
0x000195dc,,0x00017818,signature_exact
0x00019628,,0x00017864,signature_prefix
0x00019648,rules_refresh_request,0x00017884,call_graph_or_short_signature
0x0001965c,,0x00017898,signature_prefix
0x00019688,,0x000178c4,call_graph_or_short_signature
0x00019690,,0x000178cc,signature_prefix
0x000196e4,,0x00017920,signature_prefix
0x00019720,,0x0001795c,signature_prefix
0x0001979c,leff_rule_dtor,0x000179d8,call_graph_or_short_signature
0x000197ac,,0x000179e8,signature_prefix
0x0001982c,lamp_rule_init,0x00017a68,signature_prefix
0x00019898,,0x00017ad4,call_graph_or_short_signature
0x000198a8,,0x00017ae4,signature_prefix
0x00019988,,0x00017bc4,signature_prefix
0x000199d4,,0x00017c10,signature_exact
0x00019a20,ball_save_task,0x00017c5c,signature_prefix
0x00019ac4,ball_save_arm,0x00017d00,signature_prefix
0x00019b0c,,0x00017d48,call_graph_or_short_signature
0x00019b1c,,0x00017d58,call_graph_or_short_signature
0x00019b34,ball_save_try,0x00017d70,signature_exact
0x00019bdc,,0x00017e18,call_graph_or_short_signature
0x00019be4,,0x00017e20,signature_exact
0x00019bf8,,0x00017e34,signature_prefix
0x00019c1c,,0x00017e58,call_graph_or_short_signature
0x00019c24,,0x00017e60,call_graph_or_short_signature
0x00019c58,ball_search_tick,0x00017e94,signature_prefix
0x00019d24,,0x00017f60,call_graph_or_short_signature
0x00019d58,ball_search_reset,0x00017f94,signature_prefix
0x00019d9c,,0x00017fd8,signature_prefix
0x00019dac,,0x00017fe8,signature_prefix
0x00019de0,,0x0001801c,signature_prefix
0x00019e10,,0x0001804c,signature_prefix
0x00019e98,,0x000180d4,signature_exact
0x00019ecc,,0x00018108,signature_prefix
0x00019f20,,0x0001815c,signature_exact
0x00019f98,,0x000181d4,signature_prefix
0x00019fd4,,0x00018210,signature_prefix
0x0001a014,shoot_again_lamp_update,0x00018250,signature_prefix
0x0001a034,,0x00018270,signature_prefix
0x0001a088,,0x000182c4,signature_prefix
0x0001a0c0,eb_light,0x000182fc,call_graph_or_short_signature
0x0001a168,eb_award,0x000183a4,signature_prefix
0x0001a1fc,eb_collect,0x00018438,call_graph_or_short_signature
0x0001a27c,,0x000184b8,signature_prefix
0x0001a2a4,,0x000184e0,signature_prefix
0x0001a3a4,shoot_again_lamp_update,0x000185e0,signature_prefix
0x0001a434,,0x00018670,signature_exact
0x0001a458,,0x00018694,signature_exact
0x0001a478,,0x000186b4,signature_exact
0x0001a4f0,,0x0001872c,signature_exact
0x0001a554,,0x00018790,signature_prefix
0x0001a5c0,,0x000187fc,signature_prefix
0x0001a63c,,0x00018878,signature_exact
0x0001a6ac,,0x000188e8,signature_exact
0x0001a6c8,,0x00018904,signature_exact
0x0001a728,,0x00018964,signature_exact
0x0001a7ac,,0x000189e8,signature_prefix
0x0001a828,,0x00018a64,signature_exact
0x0001a86c,,0x00018b78,signature_exact
0x0001a8c4,,0x00018bd0,signature_exact
0x0001a9f4,,0x00018d00,signature_prefix
0x0001aaac,,0x00018db8,call_graph_or_short_signature
0x0001aab8,,0x00018dc4,signature_prefix
0x0001ab18,,0x00018e24,signature_prefix
0x0001ab68,,0x00018e74,signature_exact
0x0001abfc,,0x00018f08,signature_exact
0x0001ad4c,high_score_entry,0x00019058,signature_exact
0x0001b0b4,,0x000193c0,call_graph_or_short_signature
0x0001b10c,,0x00019418,signature_exact
0x0001b124,,0x00019430,call_graph_or_short_signature
0x0001b134,,0x00019440,call_graph_or_short_signature
0x0001b144,,0x00019450,signature_exact
0x0001b2e0,instant_info_cancel,0x000195ec,signature_prefix
0x0001b320,,0x0001962c,call_graph_or_short_signature
0x0001b330,,0x0001963c,signature_prefix
0x0001b370,,0x0001967c,signature_prefix
0x0001b3a0,,0x000196ac,signature_prefix
0x0001b3ec,,0x000196f8,signature_prefix
0x0001b418,,0x00019724,signature_prefix
0x0001b52c,,0x00019838,call_graph_or_short_signature
0x0001b660,match,0x0001996c,signature_exact
0x0001b86c,match_award,0x00019b78,signature_prefix
0x0001b954,,0x00019c60,signature_exact
0x0001b980,,0x0102b0b0,signature_prefix
0x0001ba1c,,0x0102b14c,signature_exact
0x0001ba30,,0x0102b160,signature_exact
0x0001ba40,,0x0102b170,signature_exact
0x0001ba98,ball_dev_call,0x0102b1c8,signature_prefix
0x0001baf4,balldev_count_switches,0x0102b224,signature_exact
0x0001bb58,,0x0102b288,signature_prefix
0x0001bbb0,,0x0102b2e0,signature_exact
0x0001bc10,,0x0102b340,signature_exact
0x0001bc68,,0x0102b398,call_graph_or_short_signature
0x0001bc78,,0x0102b3a8,call_graph_or_short_signature
0x0001bc88,,0x0102b3b8,call_graph_or_short_signature
0x0001bcac,,0x0102b3dc,signature_prefix
0x0001bd18,balls_count_all,0x0102b448,signature_prefix
0x0001bdcc,,0x0102b4fc,signature_prefix
0x0001be30,,0x0102b560,signature_prefix
0x0001bed8,,0x0102b608,signature_prefix
0x0001bf34,,0x0102b664,signature_prefix
0x0001bf70,,0x0102b6a0,signature_prefix
0x0001bfb8,,0x0102b6e8,signature_prefix
0x0001c014,,0x0102b744,signature_prefix
0x0001c1b4,,0x0102b8e4,signature_prefix
0x0001c264,,0x0102b994,signature_prefix
0x0001c5b0,,0x0102bce0,signature_exact
0x0001c5d4,,0x0102bd04,signature_exact
0x0001c610,,0x0102bd40,signature_prefix
0x0001c668,,0x0102bd98,signature_prefix
0x0001c904,,0x0102c034,signature_exact
0x0001c924,,0x0102c054,call_graph_or_short_signature
0x0001ca3c,,0x0102c16c,signature_prefix
0x0001ccd0,,0x0102c400,call_graph_or_short_signature
0x0001ccec,,0x0102c41c,signature_exact
0x0001d05c,,0x0102c78c,signature_exact
0x0001d340,,0x0102ca70,call_graph_or_short_signature
0x0001d348,,0x0102ca78,signature_exact
0x0001d368,,0x0102ca98,signature_exact
0x0001d6d8,,0x0102ce08,signature_exact
0x0001d994,sw18_trough_4_l,0x0102d0c4,signature_prefix
0x0001da30,,0x0102d160,signature_prefix
0x0001da78,,0x0102d1a8,signature_prefix
0x0001dae0,,0x0102d210,signature_exact
0x0001dc70,,0x0102d3a0,signature_prefix
0x0001dc9c,,0x0102d3cc,call_graph_or_short_signature
0x0001dca0,,0x0102d3d0,call_graph_or_short_signature
0x0001dd90,trough_drain_check,0x0102d4c0,signature_exact
0x0001dfdc,,0x0102d70c,call_graph_or_short_signature
0x0001e044,balls_installed_max,0x0102d774,signature_prefix
0x0001e080,,0x0102d7b0,signature_prefix
0x0001e0e4,,0x0102d814,signature_prefix
0x0001e128,,0x0102d858,signature_exact
0x0001e17c,,0x0102d8ac,signature_prefix
0x0001e27c,,0x0102d9ac,call_graph_or_short_signature
0x0001e2c8,,0x0102d9f8,signature_prefix
0x0001e320,,0x0102da50,call_graph_or_short_signature
0x0001e38c,no_balldev_tasks,0x0102dabc,call_graph_or_short_signature
0x0001e3ac,,0x0102dadc,call_graph_or_short_signature
0x0001e400,,0x0102db30,call_graph_or_short_signature
0x0001e454,,0x0102db84,call_graph_or_short_signature
0x0001e4a8,balls_in_play,0x0102dbd8,signature_prefix
0x0001e58c,task_17,0x0102dcbc,signature_prefix
0x0001e614,,0x0102dd44,signature_prefix
0x0001e660,task_16,0x0102dd90,signature_prefix
0x0001e694,,0x0102ddc4,call_graph_or_short_signature
0x0001e6b8,,0x0102dde8,signature_prefix
0x0001e704,,0x0102de34,signature_prefix
0x0001e738,,0x0102de68,signature_exact
0x0001e918,,0x0102e048,signature_prefix
0x0001ea28,,0x0102e158,signature_prefix
0x0001ea60,,0x0102e190,signature_exact
0x0001ed7c,multiball_start,0x0102e4ac,signature_exact
0x0001eeb0,multiball_add_balls,0x0102e5e0,signature_exact
0x0001ef04,,0x0102e634,signature_prefix
0x0001efe4,,0x0102e714,signature_exact
0x0001f258,serve_ball,0x0102e988,signature_prefix
0x0001f368,,0x0102ea98,signature_prefix
0x0001f3b8,,0x0102eae8,signature_prefix
0x0001f470,,0x0102eba0,signature_exact
0x0001f4a0,task_ball_search,0x0102ebd0,signature_prefix
0x0001f634,,0x0102ed64,signature_prefix
0x0001f6fc,,0x0102ee2c,signature_exact
0x0001f758,,0x0102ee88,call_graph_or_short_signature
0x0001f768,,0x0102ee98,signature_prefix
0x0001f79c,ball_search_start,0x0102eecc,call_graph_or_short_signature
0x0001f7a4,,0x0102eed4,signature_prefix
0x0001f888,,0x0102efb8,signature_exact
0x0001fa44,,0x0102f174,signature_prefix
0x0001fa5c,,0x0102f18c,signature_prefix
0x0001faf0,,0x0102f220,signature_prefix
0x0001fb4c,,0x0102f27c,signature_prefix
0x0001fbb0,,0x0102f2e0,signature_prefix
0x0001fc18,,0x0102f348,signature_prefix
0x0001fc94,,0x0102f3c4,signature_prefix
0x0001fd48,,0x0102f478,signature_prefix
0x0001fdd4,,0x0102f504,call_graph_or_short_signature
0x0001feb8,,0x0102f5e8,call_graph_or_short_signature
0x0001febc,,0x0102f5ec,signature_prefix
0x0001ff30,,0x0102f660,call_graph_or_short_signature
0x0001ff74,,0x0102f6a4,signature_exact
0x0001ffac,,0x0102f6dc,signature_exact
0x0001ffdc,,0x0102f70c,signature_prefix
0x000200a4,,0x0102f7d4,signature_prefix
0x00020168,,0x0102f894,call_graph_or_short_signature
0x000202a8,,0x00019c8c,signature_exact
0x000202dc,,0x00019cc0,signature_exact
0x0002032c,,0x00019d10,signature_exact
0x00020448,,0x00019e2c,signature_prefix
0x00020584,game_init,0x00019f68,call_graph_or_short_signature
0x0002058c,,0x00019f70,signature_prefix
0x00020650,ball_start,0x0001a034,call_graph_or_short_signature
0x00020658,,0x0001a03c,signature_exact
0x00020764,end_of_ball,0x0001a148,signature_exact
0x00020a30,,0x0001a414,signature_prefix
0x00020a64,game_over,0x0001a448,signature_prefix
0x00020afc,game_start,0x0001a4e0,signature_exact
0x00020c5c,,0x0001a640,signature_prefix
0x00020d14,start_button_handler,0x0001a6f8,call_graph_or_short_signature
0x00020d1c,start_button,0x0001a700,signature_exact
0x00021004,sw16_start_button,0x0001a9e8,call_graph_or_short_signature
0x0002101c,sw15_tournament_start,0x0001aa00,call_graph_or_short_signature
0x00021034,,0x0001aa18,signature_exact
0x00021054,,0x0001aa38,signature_exact
0x00021080,,0x0001aa64,signature_exact
0x0002108c,,0x0001aa70,signature_prefix
0x000210d4,,0x0001aab8,signature_prefix
0x00021248,player_check,0x0001ac2c,call_graph_or_short_signature
0x00021254,,0x0001ac38,signature_exact
0x0002126c,num_players,0x0001ac50,signature_exact
0x000212a0,,0x0001ac84,call_graph_or_short_signature
0x000212ac,,0x0001ac90,signature_exact
0x000212e8,,0x0001accc,signature_exact
0x00021304,,0x0001ace8,signature_exact
0x00021360,current_player,0x0001ad44,call_graph_or_short_signature
0x00021394,,0x0001ad78,signature_prefix
0x000213bc,,0x0001ada0,call_graph_or_short_signature
0x000213c0,,0x0001ada4,signature_exact
0x000213ec,,0x0001add0,call_graph_or_short_signature
0x00021404,,0x0001ade8,signature_prefix
0x0002143c,,0x0001ae20,signature_prefix
0x00021470,,0x0001ae54,call_graph_or_short_signature
0x000214a4,,0x0001ae8c,signature_prefix
0x000214d0,next_up,0x0001aeb8,signature_prefix
0x000215d0,,0x0001afb8,signature_exact
0x000215e4,,0x0001afcc,signature_exact
0x00021650,,0x0001b038,signature_exact
0x000216a8,,0x0001b090,signature_exact
0x00021710,,0x0001b0f8,signature_exact
0x00021768,,0x0001b150,signature_exact
0x000217bc,,0x0001b1a4,signature_exact
0x0002181c,,0x0001b204,signature_exact
0x0002187c,,0x0001b264,signature_exact
0x000218d8,,0x0001b2c0,signature_exact
0x00021938,,0x0001b320,signature_exact
0x00021990,,0x0001b378,signature_exact
0x000219bc,,0x0001b3a4,call_graph_or_short_signature
0x000219dc,,0x0001b3c4,signature_prefix
0x00021a04,,0x0001b3ec,signature_exact
0x00021a50,,0x0001b438,signature_exact
0x00021a98,,0x0001b480,signature_exact
0x00021ab8,thunk_FUN_00021a04,0x0001b4a0,call_graph_or_short_signature
0x00021abc,,0x0001b4a4,signature_exact
0x00021b0c,,0x0001b4f4,call_graph_or_short_signature
0x00021b34,,0x0001b51c,signature_exact
0x00021c64,,0x0001b64c,signature_exact
0x00021c8c,,0x0001b674,signature_prefix
0x00021cd8,,0x0001b6c0,signature_prefix
0x00021d84,,0x0001b76c,signature_exact
0x00021db0,,0x0001b798,signature_prefix
0x00021e50,,0x0001b838,signature_prefix
0x00021f40,,0x0001b928,signature_prefix
0x00022008,score_award_check,0x0001b9f0,signature_exact
0x00022074,,0x0001ba5c,signature_prefix
0x0002218c,,0x0001bb74,call_graph_or_short_signature
0x00022190,,0x0001bb78,signature_prefix
0x000221e0,,0x0001bbc8,signature_exact
0x0002234c,,0x0001bd34,signature_exact
0x000224cc,thunk_FUN_0002234c,0x0001beb4,call_graph_or_short_signature
0x000224d0,,0x0001beb8,call_graph_or_short_signature
0x000224e0,,0x0001bec8,signature_prefix
0x00022548,,0x0001bf30,signature_prefix
0x000226e8,,0x0001c0d0,signature_prefix
0x00022778,,0x0001c160,signature_prefix
0x000227cc,,0x0001c1b4,signature_prefix
0x00022870,,0x0001c258,signature_prefix
0x000228ec,,0x0001c2d4,signature_exact
0x00022944,,0x0001c32c,signature_exact
0x00022998,,0x0001c380,signature_prefix
0x00022a90,,0x0001c478,signature_prefix
0x00022b38,,0x0001c520,call_graph_or_short_signature
0x00022bd4,,0x0001c5bc,call_graph_or_short_signature
0x00022be4,,0x0001c5cc,signature_exact
0x00022c08,,0x0001c5f0,signature_prefix
0x00022c80,,0x0001c668,signature_prefix
0x00022d2c,replay_award,0x0001c714,call_graph_or_short_signature
0x00022f18,replay_check,0x0001c900,signature_prefix
0x00022fd4,,0x0001c9bc,signature_exact
0x000231a4,,0x0001cb8c,signature_exact
0x000233c8,,0x0001cdb0,call_graph_or_short_signature
0x000233e8,,0x0001edbc,signature_prefix
0x0002340c,score_add,0x0001ce50,call_graph_or_short_signature
0x00023428,score_add_player,0x0001ce6c,call_graph_or_short_signature
0x000235a0,,0x0001d038,call_graph_or_short_signature
0x000235bc,,0x0001d054,call_graph_or_short_signature
0x000235fc,pf_mult_set,0x0001d08c,signature_exact
0x00023608,,0x0001d098,signature_prefix
0x00023638,,0x0001d0c8,call_graph_or_short_signature
0x00023648,,0x0001d0d8,signature_exact
0x0002367c,,0x0001d10c,signature_exact
0x00023728,,0x0001d1b8,call_graph_or_short_signature
0x0002373c,pf_mult_reset,0x0001d1cc,signature_prefix
0x00023760,,0x0001d1f0,call_graph_or_short_signature
0x00023774,,0x0001d204,call_graph_or_short_signature
0x000238b8,,0x0001d3d4,signature_prefix
0x00023a84,,0x0001d5a0,signature_exact
0x00023c6c,,0x0001d788,call_graph_or_short_signature
0x00023dd4,,0x0001d8f0,call_graph_or_short_signature
0x00023e18,slam_reset_task,0x0001d934,signature_exact
0x00023e40,slam_tilt,0x0001d95c,signature_prefix
0x00023f30,,0x0001da4c,signature_prefix
0x00023f60,,0x0001da7c,call_graph_or_short_signature
0x00023f74,,0x0001da90,signature_prefix
0x00023fc8,,0x0001dae4,signature_prefix
0x00024014,special_light,0x0001db30,call_graph_or_short_signature
0x000240ac,special_award,0x0001dbc8,call_graph_or_short_signature
0x00024218,special_collect,0x0001dd34,call_graph_or_short_signature
0x00024298,,0x0001ddb4,signature_prefix
0x00024320,,0x0001de3c,call_graph_or_short_signature
0x00024344,,0x0001de60,signature_prefix
0x00024398,tilt_warning,0x0001deb4,call_graph_or_short_signature
0x0002444c,tilt,0x0001df68,signature_prefix
0x00024520,task_2e,0x0001e03c,signature_prefix
0x00024564,tilt_switch,0x0001e080,signature_prefix
0x00024620,,0x0001e13c,signature_exact
0x00024650,,0x0001e16c,signature_exact
0x00024698,,0x0001e1b4,call_graph_or_short_signature
0x0002469c,,0x0001e1b8,signature_exact
0x000246cc,,0x0001e1e8,signature_exact
0x0002470c,,0x0001e228,signature_exact
0x0002478c,,0x0001e2a8,signature_exact
0x00024938,,0x0001e454,signature_prefix
0x000249e4,,0x0001e500,signature_prefix
0x00024aa0,tournament_bumpnwin_check,0x0001e5bc,signature_prefix
0x00024b58,,0x0001e674,signature_exact
0x00024bac,,0x0001e6c8,signature_exact
0x00024bf0,,0x0001e70c,signature_exact
0x00024c34,,0x0001e750,call_graph_or_short_signature
0x0002511c,,0x0001ec38,signature_prefix
0x000251cc,tournament_get_type,0x0001ece8,signature_exact
0x00025240,,0x0001ed5c,signature_exact
0x000252c4,,0x0001ede0,call_graph_or_short_signature
0x000252c8,,0x0001ede4,signature_exact
0x00025480,,0x0001ef9c,signature_exact
0x0002553c,tournament_get,0x0001f058,signature_exact
0x00025598,,0x0001f0b4,signature_exact
0x00025620,,0x0001f13c,signature_exact
0x00025674,,0x0001f190,signature_exact
0x00025704,,0x0001f220,signature_exact
0x00025784,,0x0001f2a0,signature_prefix
0x00025864,,0x0001f380,call_graph_or_short_signature
0x00025868,,0x0001f384,signature_prefix
0x00025910,,0x0001f42c,signature_exact
0x0002596c,,0x0001f488,signature_prefix
0x0002599c,,0x0001f4b8,signature_prefix
0x000259bc,,0x0001f4d8,signature_exact
0x00025a7c,,0x0001f598,signature_exact
0x00025abc,,0x0001f5d8,signature_exact
0x00025b9c,,0x0001f6b8,signature_prefix
0x00025c2c,,0x0001f748,signature_prefix
0x00025c4c,thunk_FUN_00025c2c,0x0001f768,call_graph_or_short_signature
0x00025c50,,0x0001f76c,signature_exact
0x00025e5c,,0x0001f978,signature_prefix
0x00025e70,,0x0001f98c,signature_prefix
0x00025f40,,0x0001fa5c,signature_prefix
0x0002617c,,0x0001fc98,signature_exact
0x000262f8,,0x0001fe14,signature_exact
0x00026468,,0x0001ff84,signature_exact
0x000265e4,,0x00020100,signature_exact
0x00026760,,0x0002027c,signature_exact
0x000268e8,,0x00020404,signature_exact
0x00026a64,,0x00020580,signature_exact
0x00026bcc,,0x000206e8,signature_exact
0x00026d30,,0x0002084c,signature_exact
0x00026fb8,,0x00020ad4,call_graph_or_short_signature
0x0002700c,,0x00020b28,signature_exact
0x000270bc,dmd_hline,0x00020bd8,call_graph_or_short_signature
0x00027100,dmd_hline_buf,0x00020c1c,call_graph_or_short_signature
0x00027104,,0x00020c20,signature_exact
0x00027174,,0x00020c90,call_graph_or_short_signature
0x000271b8,,0x00020cd4,call_graph_or_short_signature
0x000271bc,,0x00020cd8,signature_exact
0x0002722c,,0x00020d48,call_graph_or_short_signature
0x0002725c,,0x00020d78,signature_exact
0x00027274,dmd_clear_work1,0x00020d90,call_graph_or_short_signature
0x00027290,dmd_clear_work0,0x00020dac,call_graph_or_short_signature
0x000272ac,,0x00020dc8,signature_prefix
0x000272e4,,0x00020e00,signature_exact
0x000272f0,,0x00020e0c,signature_exact
0x00027324,dmd_copy_rect,0x00020e40,signature_exact
0x0002738c,,0x00020ea8,signature_exact
0x000273c0,,0x00020edc,signature_exact
0x000273dc,,0x00020ef8,call_graph_or_short_signature
0x00027400,dmd_fill_work0,0x00020f1c,call_graph_or_short_signature
0x00027424,,0x00020f40,signature_prefix
0x0002746c,dmd_fill_rect,0x00020f88,call_graph_or_short_signature
0x000274c0,,0x00020fdc,signature_exact
0x000275b0,,0x000210cc,signature_exact
0x0002760c,,0x00021128,signature_exact
0x000276d0,dmd_page_alloc,0x000211ec,signature_prefix
0x0002779c,dmd_page_alloc_pair,0x000212b8,signature_prefix
0x00027830,dmd_show_pages,0x0002134c,signature_prefix
0x000278b8,dmd_flip,0x000213d4,signature_prefix
0x000278ec,,0x00021408,signature_prefix
0x0002791c,deff_frame_sleep,0x00021438,call_graph_or_short_signature
0x00027940,,0x0002145c,signature_prefix
0x00027994,,0x000214b0,signature_prefix
0x000279c4,,0x000214e0,call_graph_or_short_signature
0x000279e8,,0x00021504,signature_prefix
0x00027a70,,0x0002158c,call_graph_or_short_signature
0x00027a88,,0x000215a4,call_graph_or_short_signature
0x00027acc,,0x000215e8,call_graph_or_short_signature
0x00027ad0,,0x000215ec,signature_prefix
0x00027b34,,0x00021650,signature_prefix
0x00027b74,,0x00021690,signature_prefix
0x00027b94,,0x000216b0,signature_exact
0x00027ec4,,0x000219e0,signature_prefix
0x00027ff0,,0x00021b0c,signature_prefix
0x000280b0,deff_start,0x00021bcc,signature_exact
0x000280c4,,0x00021be0,call_graph_or_short_signature
0x000280d0,,0x00021bec,signature_prefix
0x00028114,,0x00021c30,signature_prefix
0x0002818c,deff_running,0x00021ca8,call_graph_or_short_signature
0x000281f4,,0x00021d10,signature_prefix
0x00028224,,0x00021d40,signature_prefix
0x0002829c,,0x00021db8,signature_exact
0x000282e0,,0x00021dfc,signature_exact
0x000283f8,,0x00021f14,signature_prefix
0x00028468,,0x00021f84,signature_prefix
0x00028524,,0x00022040,call_graph_or_short_signature
0x00028544,,0x00022060,signature_prefix
0x00028580,,0x0002209c,signature_prefix
0x000285c0,,0x000220dc,signature_prefix
0x00028604,,0x00022120,signature_prefix
0x00028788,,0x000222a4,signature_exact
0x000287a4,,0x000222c0,signature_prefix
0x000287d4,,0x000222f0,signature_prefix
0x00028940,font_height,0x0002245c,call_graph_or_short_signature
0x00028990,,0x000224ac,call_graph_or_short_signature
0x000289e0,,0x000224fc,signature_exact
0x00028a04,,0x00022520,call_graph_or_short_signature
0x00028a24,,0x00022540,call_graph_or_short_signature
0x00028a28,,0x00022544,signature_exact
0x00028a74,text_width,0x00022590,signature_exact
0x00028be0,,0x000226fc,signature_exact
0x00028c1c,,0x00022738,signature_exact
0x00028c6c,,0x00022788,signature_exact
0x00028ca8,text_draw_msg,0x000227c4,signature_exact
0x00028d08,,0x00022824,signature_exact
0x00028d5c,text_printf_msg,0x00022878,call_graph_or_short_signature
0x00028d64,,0x00022880,signature_exact
0x00028de0,,0x000228fc,signature_exact
0x00028e48,text_draw_msg_fit,0x00022964,signature_exact
0x00028eb0,,0x000229cc,call_graph_or_short_signature
0x00028eb8,,0x000229d4,signature_exact
0x00028f34,text_draw_str_page,0x00022a50,signature_exact
0x00028f74,text_draw_str,0x00022a90,signature_exact
0x00029174,,0x00022c90,call_graph_or_short_signature
0x00029178,,0x00022c94,signature_exact
0x000291e8,,0x00022d04,signature_exact
0x00029248,,0x00022d64,signature_exact
0x0002928c,text_draw_str_fit,0x00022da8,signature_exact
0x00029388,,0x00022ea4,signature_exact
0x000293fc,,0x00022f18,signature_exact
0x0002959c,,0x000230b8,signature_prefix
0x000295e0,,0x000230fc,signature_exact
0x00029600,,0x0002311c,signature_exact
0x00029648,,0x00023164,signature_exact
0x00029690,,0x000231ac,signature_exact
0x000296ec,,0x00023208,signature_prefix
0x00029754,,0x00023270,signature_exact
0x000298b8,,0x000233d4,signature_exact
0x00029a20,,0x0002353c,signature_exact
0x00029b7c,,0x00023698,signature_exact
0x00029ce4,,0x00023800,signature_exact
0x0002a16c,,0x00023c88,signature_exact
0x0002a2a8,,0x00023dc4,signature_prefix
0x0002a45c,,0x00023f78,signature_exact
0x0002a868,,0x00024384,signature_exact
0x0002aac0,,0x000245dc,signature_exact
0x0002ae54,,0x00024970,signature_prefix
0x0002ae84,,0x000249a0,signature_prefix
0x0002af68,,0x00024a84,signature_exact
0x0002af84,,0x00024aa0,signature_prefix
0x0002b084,,0x00024ba0,call_graph_or_short_signature
0x0002b08c,,0x00024ba8,call_graph_or_short_signature
0x0002b094,bitmap_width,0x00024bb0,call_graph_or_short_signature
0x0002b110,,0x00024c2c,call_graph_or_short_signature
0x0002b118,bitmap_height,0x00024c34,call_graph_or_short_signature
0x0002b194,bitmap_blit,0x00024cb0,signature_prefix
0x0002b210,,0x00024d2c,call_graph_or_short_signature
0x0002b2a0,bitmap_blit_masked,0x00024dbc,signature_prefix
0x0002b32c,,0x00024e48,signature_exact
0x0002b378,bitmap_draw,0x00024e94,call_graph_or_short_signature
0x0002b424,bitmap_draw_masked,0x00024f40,call_graph_or_short_signature
0x0002b4d8,,0x00024ff4,call_graph_or_short_signature
0x0002b554,palette_identity,0x00025070,signature_exact
0x0002b56c,palette_fill,0x00025088,signature_exact
0x0002b594,,0x000250b0,signature_exact
0x0002b5b0,,0x000250cc,signature_prefix
0x0002b614,,0x00025114,call_graph_or_short_signature
0x0002b618,,0x00025118,signature_exact
0x0002b638,,0x00025138,signature_exact
0x0002b648,,0x00025148,signature_exact
0x0002b658,,0x00025158,signature_prefix
0x0002b678,,0x00025178,signature_prefix
0x0002b6d0,,0x000251d0,signature_prefix
0x0002b780,,0x00025280,signature_exact
0x0002b7b0,,0x000252b0,signature_exact
0x0002b7d4,,0x000252d4,signature_exact
0x0002b950,,0x00025450,signature_exact
0x0002ba40,,0x00025540,signature_exact
0x0002bb98,,0x00025698,signature_prefix
0x0002bc38,,0x00025738,signature_prefix
0x0002bd00,,0x00025800,signature_exact
0x0002bd6c,,0x0002586c,signature_exact
0x0002bde8,,0x000258e8,signature_prefix
0x0002be5c,,0x0002595c,signature_exact
0x0002bed8,,0x000259d8,signature_exact
0x0002bf6c,,0x00025a6c,signature_exact
0x0002c06c,,0x00025b6c,signature_exact
0x0002c18c,,0x00025c8c,signature_prefix
0x0002c1c8,snd_next_handle,0x00025cc8,call_graph_or_short_signature
0x0002c1e4,snd_start_sample,0x00025ce4,signature_exact
0x0002c744,snd_resolve_call,0x00026244,signature_exact
0x0002c8f4,snd_play,0x000263f4,signature_exact
0x0002c924,snd_play_arg,0x00026424,signature_exact
0x0002c950,snd_play2,0x00026450,signature_exact
0x0002c984,snd_play_after,0x00026484,call_graph_or_short_signature
0x0002ca1c,snd_play_chain,0x0002651c,signature_exact
0x0002ca40,,0x00026540,signature_exact
0x0002ca64,,0x00026564,signature_exact
0x0002ca9c,,0x0002659c,signature_prefix
0x0002cb00,,0x00026600,signature_prefix
0x0002cbb4,,0x000266b4,call_graph_or_short_signature
0x0002ccd4,,0x000267d4,call_graph_or_short_signature
0x0002cd2c,,0x0002682c,signature_prefix
0x0002cd90,,0x00026890,signature_prefix
0x0002ceb4,,0x000269b4,signature_prefix
0x0002cf10,,0x00026a10,signature_prefix
0x0002d024,,0x00026b24,signature_prefix
0x0002d0e8,,0x00026be8,call_graph_or_short_signature
0x0002d114,,0x00026c14,signature_prefix
0x0002d178,,0x00026c78,call_graph_or_short_signature
0x0002d180,,0x00026c80,signature_prefix
0x0002d1f8,,0x00026cf8,call_graph_or_short_signature
0x0002d23c,,0x00026d3c,signature_exact
0x0002d2d0,,0x00026dd0,signature_prefix
0x0002d33c,,0x00026e3c,signature_prefix
0x0002d368,,0x00026e68,signature_prefix
0x0002d39c,,0x00026e9c,signature_exact
0x0002d3d0,,0x00026ed0,signature_exact
0x0002d414,,0x00026f14,signature_exact
0x0002d454,,0x00026f54,signature_prefix
0x0002d4c4,,0x00026fc4,signature_exact
0x0002d4d4,,0x00026fd4,signature_prefix
0x0002d530,,0x00027030,signature_prefix
0x0002d56c,,0x0002706c,signature_exact
0x0002d590,,0x00027090,signature_prefix
0x0002d644,,0x00027144,signature_prefix
0x0002d6b0,,0x000271b0,call_graph_or_short_signature
0x0002d6b8,,0x000271b8,signature_prefix
0x0002d808,,0x00027308,signature_prefix
0x0002d8b4,,0x000273b4,signature_exact
0x0002dc3c,thunk_FUN_00020448,0x0002773c,call_graph_or_short_signature
0x0002dc40,,0x00027740,signature_exact
0x0002dc4c,,0x0002774c,call_graph_or_short_signature
0x0002dc50,,0x00027750,signature_exact
0x0002dc78,,0x00027778,call_graph_or_short_signature
0x0002dc80,,0x00027780,call_graph_or_short_signature
0x0002dc90,thunk_FUN_00020448,0x00027790,call_graph_or_short_signature
0x0002dc94,,0x00027794,call_graph_or_short_signature
0x0002dca0,,0x000277a0,signature_exact
0x0002dcc0,,0x000277c0,signature_exact
0x0002dea4,,0x000279a4,call_graph_or_short_signature
0x0002deb4,,0x000279b4,signature_exact
0x0002dedc,,0x000279dc,signature_prefix
0x0002df5c,,0x00027a5c,call_graph_or_short_signature
0x0002df6c,,0x00027a6c,signature_exact
0x0002df8c,,0x00027a8c,signature_exact
0x0002e0bc,,0x00027bc0,call_graph_or_short_signature
0x0002e0fc,,0x00027c04,signature_prefix
0x0002e27c,,0x00027d7c,signature_exact
0x0002e2bc,,0x00027dbc,signature_exact
0x0002e2f4,,0x00027df4,signature_exact
0x0002e308,,0x00027e08,signature_exact
0x0002e354,,0x00027e54,signature_exact
0x0002e3a0,,0x00027ea0,signature_exact
0x0002e3f4,,0x00027ef4,signature_exact
0x0002e440,,0x00027f40,signature_exact
0x0002e484,,0x00027f84,signature_exact
0x0002e4c8,,0x00027fc8,signature_exact
0x0002e540,,0x00028040,call_graph_or_short_signature
0x0002e54c,,0x0002804c,signature_exact
0x0002e5a4,,0x000280a4,signature_exact
0x0002e5d4,,0x000280d4,signature_exact
0x0002e62c,,0x0002812c,signature_prefix
0x0002e6c4,,0x000281c4,signature_prefix
0x0002e7a8,,0x000282a4,signature_exact
0x0002e818,,0x00028314,signature_exact
0x0002e9b8,,0x000284b4,signature_exact
0x0002ea24,,0x00028520,signature_exact
0x0002ea90,,0x0002858c,signature_exact
0x0002eafc,,0x000285f8,signature_exact
0x0002eb6c,,0x00028668,signature_exact
0x0002eb8c,,0x00028688,signature_exact
0x0002ebac,,0x000286a8,signature_exact
0x0002ebcc,,0x000286c8,signature_exact
0x0002ebe8,,0x000286e4,signature_prefix
0x0002ecec,,0x000287e8,signature_exact
0x0002ed24,,0x00028820,call_graph_or_short_signature
0x0002ee44,,0x00028944,signature_exact
0x0002ee78,,0x00028978,signature_exact
0x0002ee90,,0x00028990,signature_exact
0x0002eec8,,0x000289c8,signature_exact
0x0002eee0,,0x000289e0,signature_exact
0x0002ef18,,0x00028a18,signature_exact
0x0002ef30,,0x00028a30,signature_exact
0x0002ef68,,0x00028a68,signature_exact
0x0002ef80,,0x00028a80,signature_exact
0x0002efb8,,0x00028ab8,signature_exact
0x0002efe8,,0x00028ae8,call_graph_or_short_signature
0x0002f0e8,,0x00028be8,signature_exact
0x0002f120,,0x00028c20,call_graph_or_short_signature
0x0002f260,,0x00028d60,signature_prefix
0x0002f4b4,,0x00028fb4,signature_exact
0x0002f4e8,,0x00028fe8,call_graph_or_short_signature
0x0002f6dc,,0x000291dc,signature_exact
0x0002f714,,0x00029214,signature_exact
0x0002f740,,0x00029240,signature_exact
0x0002f778,,0x00029278,signature_exact
0x0002f7a4,,0x000292a4,signature_exact
0x0002f7dc,,0x000292dc,signature_exact
0x0002f808,,0x00029308,signature_exact
0x0002f840,,0x00029340,signature_exact
0x0002f86c,,0x0002936c,signature_exact
0x0002f8b8,,0x000293b8,call_graph_or_short_signature
0x0002f9a0,,0x000294a0,signature_prefix
0x0002fa50,,0x00029550,signature_prefix
0x0002fbe0,,0x000296e0,signature_prefix
0x0002fcc0,,0x000297c0,signature_prefix
0x0002fd60,leff_013,0x00029860,signature_prefix
0x0002fdf8,leff_015,0x000298f8,signature_exact
0x0002fe1c,leff_014,0x0002991c,signature_prefix
0x0002ff04,,0x00029a04,signature_exact
0x0002ff4c,,0x00029a4c,signature_exact
0x0002ffa8,,0x00029aa8,signature_exact
0x0003005c,,0x00029b5c,signature_exact
0x00030078,,0x00029b78,signature_exact
0x00030094,,0x00029b94,signature_exact
0x000300bc,,0x00029bbc,signature_prefix
0x00030218,,0x00029d18,signature_exact
0x0003023c,,0x00029d3c,signature_exact
0x00030260,,0x00029d60,signature_exact
0x00030284,,0x00029d84,signature_exact
0x000302a8,,0x00029da8,signature_prefix
0x00030388,,0x00029e84,signature_exact
0x000303c0,,0x00029ebc,signature_exact
0x000303f8,,0x00029ef4,signature_exact
0x00030430,,0x00029f2c,signature_exact
0x0003046c,,0x00029f68,signature_exact
0x000304a4,,0x00029fa0,call_graph_or_short_signature
0x00030508,,0x0002a004,signature_prefix
0x000305d8,,0x0002a0d4,call_graph_or_short_signature
0x0003070c,,0x0002a208,signature_exact
0x00030750,,0x0002a24c,signature_exact
0x00030794,,0x0002a290,signature_exact
0x000307d8,,0x0002a2d4,signature_exact
0x0003081c,,0x0002a318,signature_exact
0x00030860,,0x0002a35c,call_graph_or_short_signature
0x000308e8,,0x0002a3e4,signature_prefix
0x00030c54,,0x0002a750,signature_exact
0x000319ac,,0x0002b4a8,call_graph_or_short_signature
0x00031d50,,0x0002b844,signature_prefix
0x00031d80,,0x0002b874,signature_prefix
0x00031e30,,0x0002b924,signature_exact
0x00031e40,,0x0002b934,signature_exact
0x00031e60,,0x0002b954,signature_exact
0x00031e6c,,0x0002b960,signature_exact
0x00031fc0,,0x0002bab4,signature_prefix
0x00032010,,0x0002bb04,signature_prefix
0x00032060,,0x0002bb54,call_graph_or_short_signature
0x00032704,,0x0002c1f4,call_graph_or_short_signature
0x000327a8,,0x0002c298,signature_prefix
0x00032a84,,0x0002c574,call_graph_or_short_signature
0x00032ad8,,0x0002c5c4,signature_prefix
0x00032b74,,0x0002c660,signature_prefix
0x00032c04,,0x0002c6f0,signature_prefix
0x00032c94,,0x0002c780,signature_prefix
0x00032d04,,0x0002c7f0,signature_prefix
0x00032e44,leff_002,0x0002c930,signature_exact
0x00032e80,,0x0002c96c,signature_prefix
0x00032ec0,,0x0002c9ac,call_graph_or_short_signature
0x00032fb0,,0x0002ca04,call_graph_or_short_signature
0x00032fd8,thunk_FUN_01047bf8,0x0002cabc,call_graph_or_short_signature
0x00033410,,0x0002cb70,call_graph_or_short_signature
0x0003342c,,0x0002cb8c,call_graph_or_short_signature
0x0003347c,,0x0002cbdc,signature_prefix
0x0003354c,,0x0002ccac,call_graph_or_short_signature
0x0003357c,,0x0002ccdc,signature_exact
0x000335cc,,0x0002cd2c,signature_prefix
0x000336a0,,0x0002ce00,call_graph_or_short_signature
0x00033afc,,0x0002cee8,signature_exact
0x00033b1c,,0x0002cf08,signature_prefix
0x00033be8,,0x0002cfd4,signature_exact
0x00033ef0,,0x0002d2dc,call_graph_or_short_signature
0x00033f1c,,0x0002d308,signature_prefix
0x00033f50,,0x0002d33c,signature_prefix
0x0003405c,,0x0002d448,call_graph_or_short_signature
0x00034064,,0x0002d450,signature_exact
0x000340cc,,0x0002d4b8,call_graph_or_short_signature
0x000340d0,,0x0002d4bc,signature_prefix
0x00034124,,0x0002d510,call_graph_or_short_signature
0x00034314,,0x0002d700,call_graph_or_short_signature
0x0003432c,,0x0002d718,call_graph_or_short_signature
0x0003433c,,0x0002d728,call_graph_or_short_signature
0x00034340,,0x0002d72c,signature_prefix
0x0003438c,,0x0002d778,call_graph_or_short_signature
0x00034390,,0x0002d77c,signature_prefix
0x00034408,,0x0002d7f4,call_graph_or_short_signature
0x0003440c,,0x0002d7f8,signature_prefix
0x00034438,,0x0002d824,call_graph_or_short_signature
0x0003443c,,0x0002d828,signature_exact
0x000349bc,,0x0002dda8,signature_exact
0x00034a6c,,0x0002de58,call_graph_or_short_signature
0x00034a70,,0x0002de5c,call_graph_or_short_signature
0x00034a74,,0x0002de60,signature_exact
0x00034fe0,,0x0002e3cc,call_graph_or_short_signature
0x00034fe4,,0x0002e3d0,signature_exact
0x000354c8,__udivsi3,0x0002e8b4,signature_exact
0x00035560,,0x0002e94c,call_graph_or_short_signature
0x00035564,,0x0002e950,signature_exact
0x00035a30,__umodsi3,0x0002ee1c,signature_exact
0x00035ae4,atoi,0x0002eed0,call_graph_or_short_signature
0x00035ae8,,0x0002eed4,signature_exact
0x00035ba8,,0x0002ef94,signature_prefix
0x00035bdc,,0x0002efc8,signature_prefix
0x00035ca0,,0x0002f08c,call_graph_or_short_signature
0x00035cd0,,0x0002f0bc,signature_exact
0x00035d20,,0x0002f10c,signature_prefix
0x00035dc8,,0x0002f1b4,call_graph_or_short_signature
0x00035e08,memcpy,0x0002f1f4,call_graph_or_short_signature
0x00035e0c,,0x0002f1f8,signature_exact
0x00035e40,memset,0x0002f22c,signature_exact
0x00035e6c,sprintf,0x0002f258,call_graph_or_short_signature
0x00035e70,,0x0002f25c,signature_exact
0x00035e8c,,0x0002f278,signature_exact
0x00035ec0,strcmp,0x0002f2ac,signature_exact
0x00035ef0,strcpy,0x0002f2dc,signature_exact
0x00035f0c,strlen,0x0002f2f8,signature_exact
0x00035f28,,0x0002f314,call_graph_or_short_signature
0x00035f68,,0x0002f354,signature_exact
0x00035fb0,vsprintf,0x0002f39c,call_graph_or_short_signature
0x01000000,deff_010,0x01000000,signature_prefix
0x01000128,attr_page_credits,0x01000128,signature_prefix
0x010001f0,attr_page_logo_scroll,0x010001f0,call_graph_or_short_signature
0x010002dc,,0x010002d8,signature_exact
0x01000308,attr_page_clock,0x01000304,call_graph_or_short_signature
0x01000564,attr_page_high_score,0x0100055c,signature_exact
0x01000768,attr_page_last_score,0x01000760,signature_prefix
0x01000898,attr_page_first_pass_only,0x01000890,call_graph_or_short_signature
0x010008a8,attr_page_game_over,0x010008a0,signature_prefix
0x0100094c,,0x01000944,signature_exact
0x01000980,,0x01000978,signature_exact
0x01000a88,bonus_ball_reset,0x01000a80,signature_prefix
0x01000b28,bonus_x_add,0x01000b20,signature_prefix
0x01000b7c,,0x01000b74,call_graph_or_short_signature
0x01000bcc,,0x01000bc4,signature_prefix
0x01000c00,,0x01000bf8,signature_prefix
0x01000c60,,0x01000c58,signature_prefix
0x01000cac,,0x01000ca4,call_graph_or_short_signature
0x01000cb0,bonus_sos_value,0x01000ca8,signature_exact
0x01000cd4,bonus_portal_value,0x01000ccc,signature_exact
0x01000cf8,bonus_total,0x01000cf0,signature_prefix
0x01000d60,bonus_total_provider,0x01000d58,signature_exact
0x01000d78,bonus_total_frames,0x01000d70,call_graph_or_short_signature
0x01000e28,bonus_count_exit,0x01000e20,call_graph_or_short_signature
0x01000e7c,bonus_count_task,0x01000e58,call_graph_or_short_signature
0x01001374,deff_025_bonus,0x010012e4,call_graph_or_short_signature
0x010014cc,leff_020,0x01001434,call_graph_or_short_signature
0x01001954,,0x01001524,call_graph_or_short_signature
0x01001acc,,0x01001590,signature_prefix
0x01001b54,,0x01001618,call_graph_or_short_signature
0x01001c08,,0x010016c8,signature_exact
0x01001c88,clu_on_end_of_ball,0x01001748,call_graph_or_short_signature
0x01001c98,clu_start_allowed,0x01001758,signature_exact
0x01001cf8,clu_try_start_at_vuk,0x010017b8,signature_exact
0x01001d40,clu_countdown_running,0x01008cb8,signature_exact
0x01001d54,clu_running_incl_grace,0x01001814,call_graph_or_short_signature
0x01001d7c,clu_queue_total_deff74,0x0100ebbc,signature_prefix
0x01001df4,clu_end_show_total,0x010018b4,call_graph_or_short_signature
0x01001edc,clu_base_value,0x0100199c,signature_prefix
0x01001f38,on_clu_hurryup_started,0x010019f8,call_graph_or_short_signature
0x01002054,clu_award_value,0x01001b14,signature_prefix
0x01002098,clu_collect_shot,0x01001b58,call_graph_or_short_signature
0x010021c8,clu_more_time,0x01001c88,call_graph_or_short_signature
0x01002234,clu_end_now,0x01001cf4,call_graph_or_short_signature
0x01002268,clu_collect_first_lit,0x01001d28,signature_prefix
0x010022d8,deff_071_terminate_clu,0x01001d88,call_graph_or_short_signature
0x010025d0,leff_077,0x010020b0,call_graph_or_short_signature
0x010028dc,,0x010022d8,call_graph_or_short_signature
0x010028ec,leff_078_clu_shot_lamps,0x010022e8,signature_prefix
0x01002a74,deff_073_clu_award,0x010023c4,call_graph_or_short_signature
0x01002c38,,0x01002580,signature_exact
0x01002c5c,,0x010025a4,signature_prefix
0x01002d10,,0x0100152c,signature_prefix
0x01002f9c,,0x01006850,call_graph_or_short_signature
0x0100317c,combo_first_ball_base,0x010028e0,signature_prefix
0x010031ac,combo_ball_start_reset,0x01002910,signature_prefix
0x01003208,combo_shot_entry,0x0100296c,signature_prefix
0x01003294,,0x010029f8,call_graph_or_short_signature
0x0100329c,,0x01002a00,signature_prefix
0x010032b4,combo_window_allowed,0x01002a18,call_graph_or_short_signature
0x010032ec,combo_base_raise_unused,0x01002a50,signature_prefix
0x01003358,,0x01002abc,call_graph_or_short_signature
0x01003370,combo_shot_is_lit,0x01002ad4,signature_prefix
0x010033bc,,0x01002b20,call_graph_or_short_signature
0x010033c4,task_cd_combo_window,0x01002b28,signature_prefix
0x0100344c,combo_value,0x01002bb0,signature_prefix
0x010034a4,,0x01002c08,call_graph_or_short_signature
0x010034ac,combo_history_trim,0x01002c10,signature_exact
0x010035c0,combo_history_append,0x01002d24,signature_prefix
0x01003618,combo_named_match,0x01002d7c,signature_prefix
0x010036f0,combo_append_and_match,0x01002e54,signature_exact
0x01003714,on_combo_shot,0x01002e78,signature_prefix
0x01003928,,0x0100308c,call_graph_or_short_signature
0x01003930,,0x01003094,call_graph_or_short_signature
0x01003940,,0x010030a4,signature_exact
0x010039e0,eol_combo_jackpot_collect,0x01003144,call_graph_or_short_signature
0x01003a74,leff159_combo_arrows,0x010031d8,signature_exact
0x01003bf0,,0x01003354,signature_prefix
0x01003c30,deff138_way_combo,0x01003394,call_graph_or_short_signature
0x01003e3c,,0x01003598,call_graph_or_short_signature
0x01003e40,leff_161,0x0100359c,signature_prefix
0x01004198,eol_game_reset,0x01016d38,signature_prefix
0x01004ac8,tubeshow_086,0x00000448,signature_exact
0x01004be8,eol_multiball_running,0x01012dd8,signature_exact
0x01004bfc,eol_running_or_grace_a,0x01012dec,call_graph_or_short_signature
0x01004c30,eol_running_or_grace,0x01012e20,call_graph_or_short_signature
0x01005074,eol_shot_score,0x01016360,call_graph_or_short_signature
0x01005124,eol_end_of_ball,0x0101582c,signature_prefix
0x010051c4,leff_057_eol_lit_flashers,0x0101ec54,signature_prefix
0x0100594c,,0x0100dd94,call_graph_or_short_signature
0x01005950,,0x0100dd98,signature_exact
0x01006240,eol_show_total,0x01018d40,signature_prefix
0x0100646c,,0x010038b8,call_graph_or_short_signature
0x010064a8,disc_motor_disabled_adj77,0x010038f4,call_graph_or_short_signature
0x010064c4,task_a8_disc_motor_run,0x01003910,signature_prefix
0x01006534,,0x01003980,call_graph_or_short_signature
0x010065ac,disc_motor_stop,0x010039f8,call_graph_or_short_signature
0x010065e8,,0x01003a34,call_graph_or_short_signature
0x01006610,leff76_disc_flasher_cond,0x01003ab8,signature_exact
0x01006684,disc_motor_direction_toggle_task,0x01003af0,signature_prefix
0x010066c0,rule_disc_motor,0x01003b2c,call_graph_or_short_signature
0x010067a4,,0x01003c04,call_graph_or_short_signature
0x010067b4,,0x01003c14,signature_exact
0x010067d8,,0x01003c38,call_graph_or_short_signature
0x01006828,,0x01003c88,signature_prefix
0x01006880,,0x01003ce4,call_graph_or_short_signature
0x0100688c,,0x01003cf0,call_graph_or_short_signature
0x01006b90,,0x01003ff4,call_graph_or_short_signature
0x01006d34,,0x01004198,call_graph_or_short_signature
0x01006de0,dmb_shot_entry,0x01004244,signature_prefix
0x01006e48,dmb_bank_state,0x01004278,signature_prefix
0x01006e88,dmb_disc_is_target,0x010042b8,signature_prefix
0x01006eec,dmb_running,0x0100431c,call_graph_or_short_signature
0x01006f00,dmb_running_or_ending,0x01004330,call_graph_or_short_signature
0x01006f34,dmb_running_or_end_task,0x01004364,call_graph_or_short_signature
0x01006f8c,,0x010043bc,signature_prefix
0x01006fd4,dmb_jackpot_seed_value,0x01004404,signature_prefix
0x01007018,dmb_blue_shot_value,0x01004448,signature_prefix
0x01007044,dmb_enter_phase0,0x01004474,signature_prefix
0x01007074,adj68_disc_shots,0x010044a4,signature_exact
0x01007084,dmb_enter_phase1,0x010044b4,signature_prefix
0x010070b8,adj69_recognizer_shots,0x010044e8,signature_exact
0x010070c8,dmb_enter_phase2,0x010044f8,signature_prefix
0x010070fc,task_88_queue_intro_deff46,0x0100452c,call_graph_or_short_signature
0x01007100,,0x01004530,signature_exact
0x01007128,dmb_start,0x01004558,signature_prefix
0x01007244,dmb_shot,0x01004674,signature_exact
0x01007558,dmb_show_total,0x01004988,signature_prefix
0x010075dc,task_89_queue_restart_deff52,0x01004a0c,call_graph_or_short_signature
0x010075e0,,0x01004a10,signature_exact
0x01007608,task_ad_restart_countdown,0x01004a38,call_graph_or_short_signature
0x0100769c,dmb_open_restart_window,0x01004acc,call_graph_or_short_signature
0x01007714,dmb_end,0x01004b44,call_graph_or_short_signature
0x010077ac,,0x01004bdc,call_graph_or_short_signature
0x010077c0,,0x01004bf0,call_graph_or_short_signature
0x010077d8,dmb_restart_window_open,0x01004c08,call_graph_or_short_signature
0x010077f0,task_8a_queue_restarted_deff54,0x01004c20,call_graph_or_short_signature
0x010077f4,,0x01004c24,signature_exact
0x0100781c,dmb_restart_on_disc_hit,0x01004c4c,call_graph_or_short_signature
0x010078c8,dmb_cancel_restart_window,0x01004cf8,call_graph_or_short_signature
0x010078d0,,0x01004d00,signature_exact
0x0100791c,leff_043,0x01025c18,call_graph_or_short_signature
0x01007a44,deff_046_disc,0x01004dd0,call_graph_or_short_signature
0x01007ca4,,0x01005028,signature_prefix
0x01007cf8,,0x0100507c,call_graph_or_short_signature
0x01007d4c,,0x010050d0,call_graph_or_short_signature
0x01007dec,leff_044,0x010067a0,signature_prefix
0x01007f34,deff_047_disc_multiball,0x01005238,call_graph_or_short_signature
0x010081f8,,0x010054f8,call_graph_or_short_signature
0x01008208,leff_045,0x01005508,signature_prefix
0x010082e4,leff_047,0x01027064,call_graph_or_short_signature
0x01008628,,0x010057b0,call_graph_or_short_signature
0x010086c4,,0x0100584c,call_graph_or_short_signature
0x01008760,,0x010058e8,call_graph_or_short_signature
0x010087b0,,0x01005938,call_graph_or_short_signature
0x0100884c,,0x010059d4,call_graph_or_short_signature
0x01009340,leff_051,0x010062a4,signature_exact
0x010095c4,leff_052,0x01006414,call_graph_or_short_signature
0x010096d0,deff_053_disc_multiball,0x01006488,call_graph_or_short_signature
0x010097ec,dmb_restart_display_cond,0x01018860,call_graph_or_short_signature
0x01009834,leff_053,0x010065ec,signature_exact
0x01009978,deff_054_disc,0x01027e70,call_graph_or_short_signature
0x01009a9c,leff_055,0x01005188,call_graph_or_short_signature
0x01009e94,,0x01006a60,signature_prefix
0x01009f08,,0x01006ad4,signature_prefix
0x01009f28,,0x01006af4,signature_prefix
0x01009f74,,0x01006b40,signature_exact
0x01009fb0,,0x01006b7c,signature_prefix
0x01009ffc,,0x01006bc8,signature_exact
0x0100a028,,0x01006bf4,signature_prefix
0x0100a074,,0x01006c40,signature_exact
0x0100a104,,0x01006cd0,signature_prefix
0x0100a178,,0x01006d44,signature_prefix
0x0100a1d0,,0x01006d9c,signature_prefix
0x0100a244,,0x01006e10,signature_prefix
0x0100a2b8,,0x01006e84,signature_prefix
0x0100a32c,,0x01006ef8,signature_prefix
0x0100a3a0,,0x01006f6c,signature_prefix
0x0100a414,,0x01006fe0,signature_prefix
0x0100a460,task_2b_3,0x0100702c,signature_prefix
0x0100a538,,0x01007104,signature_prefix
0x0100a594,,0x01007160,signature_prefix
0x0100a5d4,,0x010071a0,signature_exact
0x0100a5e8,,0x010071b4,signature_exact
0x0100a614,orbit_post_raise,0x010071e0,signature_exact
0x0100a654,,0x01007220,signature_exact
0x0100a678,,0x01007244,signature_prefix
0x0100a714,,0x010072e0,signature_exact
0x0100a724,,0x010072f0,signature_prefix
0x0100a758,,0x01007324,signature_prefix
0x0100a808,,0x010073d4,signature_exact
0x0100a844,,0x01007410,signature_prefix
0x0100a8b4,,0x01007480,signature_exact
0x0100a900,,0x010074cc,signature_exact
0x0100a96c,,0x01007538,signature_exact
0x0100a9c0,,0x0100758c,signature_exact
0x0100aac8,,0x01007694,signature_exact
0x0100aca4,,0x01007870,signature_exact
0x0100b964,,0x00016a08,call_graph_or_short_signature
0x0100ba80,,0x01028eec,call_graph_or_short_signature
0x0100bf70,,0x01011188,call_graph_or_short_signature
0x0100c0bc,tron_award_game_start_clear,0x01007b08,signature_prefix
0x0100c154,tron_award_ball_start,0x01007ba0,signature_prefix
0x0100c1e8,,0x01007c34,call_graph_or_short_signature
0x0100c1f0,,0x01007c3c,call_graph_or_short_signature
0x0100c248,,0x01007c94,call_graph_or_short_signature
0x0100c2a0,tron_award_lamps,0x01007cec,call_graph_or_short_signature
0x0100c470,tron_award_rotate_lit,0x01007ebc,call_graph_or_short_signature
0x0100c514,super_pops_lamp_chase,0x01007f60,call_graph_or_short_signature
0x0100c540,,0x01007f8c,call_graph_or_short_signature
0x0100c558,tron_award_timer_task,0x01007fa4,signature_prefix
0x0100c7bc,tron_award_start_lit,0x0100817c,call_graph_or_short_signature
0x0100ca20,tron_award_clear_all_unused,0x010083d4,signature_prefix
0x0100cee8,,0x01008878,call_graph_or_short_signature
0x0100d108,deff_112_super,0x01008a8c,signature_prefix
0x0100d1bc,,0x01008b40,signature_prefix
0x0100d320,,0x01002aa8,signature_exact
0x0100d348,,0x01003078,signature_exact
0x0100d35c,tron_award_refill_time_a,0x01008ce0,call_graph_or_short_signature
0x0100d3a0,tron_award_refill_time_b,0x01008d24,call_graph_or_short_signature
0x0100d3e4,tron_award_refill_time_c,0x01008d68,call_graph_or_short_signature
0x0100d5b4,,0x01008efc,call_graph_or_short_signature
0x0100d5c8,task_d1,0x01008f10,signature_prefix
0x0100d654,,0x01008f9c,call_graph_or_short_signature
0x0100d698,on_find_flynn_started,0x01008fd4,call_graph_or_short_signature
0x0100d74c,,0x01009088,signature_prefix
0x0100d79c,on_find_flynn_completed,0x010090d8,call_graph_or_short_signature
0x0100da00,tubeshow_013,0x01009320,call_graph_or_short_signature
0x0100da04,leff_157_roving_arrow,0x01009324,signature_prefix
0x0100dd64,arcade_ball_start_light,0x0100961c,call_graph_or_short_signature
0x0100dd78,,0x01009630,call_graph_or_short_signature
0x0100dd98,,0x01009650,call_graph_or_short_signature
0x0100ddb0,arcade_set_lit,0x01009668,signature_prefix
0x0100de24,arcade_is_lit,0x010096dc,call_graph_or_short_signature
0x0100de3c,arcade_try_collect,0x010096f4,signature_prefix
0x0100debc,arcade_pick_and_award,0x01009774,call_graph_or_short_signature
0x0100df3c,arcade_lamp_rule,0x010097f4,call_graph_or_short_signature
0x0100df9c,,0x01009854,signature_exact
0x0100dfc4,arcade_award_500k,0x0100987c,call_graph_or_short_signature
0x0100e0c4,arcade_award_quorra,0x0100997c,call_graph_or_short_signature
0x0100e12c,arcade_award_disc,0x010099e4,call_graph_or_short_signature
0x0100e184,arcade_award_light_cycle,0x01009a3c,signature_prefix
0x0100e244,arcade_weight_sos,0x01009af8,call_graph_or_short_signature
0x0100e248,,0x01009afc,signature_exact
0x0100e2e0,,0x01009b94,signature_exact
0x0100e33c,arcade_award_extra_ball,0x01009bf0,call_graph_or_short_signature
0x0100e358,,0x01009c0c,signature_exact
0x0100e3b8,,0x01020928,call_graph_or_short_signature
0x0100e49c,,0x01009d58,call_graph_or_short_signature
0x0100e844,,0x0100a104,signature_prefix
0x0100edd4,,0x0100a694,signature_prefix
0x0100ee04,,0x0100a6c4,signature_prefix
0x0100ee74,,0x0100a734,call_graph_or_short_signature
0x0100eea8,,0x0100a768,signature_prefix
0x0100ef94,,0x0100a854,signature_prefix
0x0100f050,,0x0100a910,signature_prefix
0x0100f0a4,,0x0100a964,call_graph_or_short_signature
0x0100f0cc,,0x0100a968,call_graph_or_short_signature
0x0100f1c0,,0x0100aa5c,call_graph_or_short_signature
0x0100f1d0,player_up_reminder_task,0x0100aa6c,call_graph_or_short_signature
0x0100f1d8,,0x0100aa74,signature_exact
0x0100f244,,0x0100aae0,call_graph_or_short_signature
0x0100f25c,,0x0100aaf8,signature_exact
0x0100f29c,game_over_music_task,0x0100ab38,signature_prefix
0x0100f400,,0x0100ac9c,signature_prefix
0x0100f430,leff_133,0x0100accc,signature_prefix
0x0100f4d8,,0x0100ad74,signature_prefix
0x0100f510,,0x0100adac,signature_prefix
0x0100f564,,0x0100ae00,signature_exact
0x0100f594,,0x0100ae30,signature_prefix
0x0100f5c8,,0x0100ae64,signature_prefix
0x0100f604,deff_040_player,0x0100aea0,call_graph_or_short_signature
0x0100f71c,,0x0100afb4,signature_prefix
0x0100f75c,bumper_busy_window_start,0x0100aff4,signature_prefix
0x0100f7bc,,0x0100b054,call_graph_or_short_signature
0x0100f7f0,,0x0100b088,signature_prefix
0x0100f8b0,multiballs_running_count,0x0100b148,signature_prefix
0x0100f918,any_multiball_running,0x0100b19c,call_graph_or_short_signature
0x0100f930,any_timed_mode_running,0x0100b1b4,signature_exact
0x0100f98c,more_time_refill_all,0x0100b210,signature_exact
0x0100f9d8,,0x0100b25c,call_graph_or_short_signature
0x0100fb10,,0x0100b394,signature_prefix
0x0100fbb0,queue_fullscreen_deff,0x0100b434,call_graph_or_short_signature
0x0100fecc,wait_display_idle,0x0100b750,signature_exact
0x0100ff08,,0x0100b78c,signature_exact
0x0100ff64,timed_mode_paused,0x0100b7e8,signature_exact
0x0100ffa0,,0x0100b824,signature_exact
0x01010038,,0x0100b8bc,signature_exact
0x01010150,,0x0100b9d4,signature_exact
0x01010a08,,0x0100c290,call_graph_or_short_signature
0x01010aa0,,0x0100c328,signature_prefix
0x01010b08,,0x0100c390,signature_exact
0x01010b90,deff_127,0x0100c418,signature_prefix
0x01011348,deff_128,0x0100cbb4,signature_prefix
0x01011e24,deff_129,0x0100d688,signature_prefix
0x01011e64,deff_130_game_over,0x0100d6c8,call_graph_or_short_signature
0x01011fb0,deff_131,0x0100d814,signature_prefix
0x01012030,on_extra_balls_lit,0x0100d894,signature_prefix
0x010120d8,task_c9,0x0100d93c,signature_prefix
0x01012190,eb_light_game,0x0100d9f4,call_graph_or_short_signature
0x01012228,eb_collect_game,0x0100da8c,call_graph_or_short_signature
0x01012640,deff_028,0x0100dea4,call_graph_or_short_signature
0x010126d4,deff_029_bump_n_win_award,0x0100df34,call_graph_or_short_signature
0x01012750,,0x0100dfb0,signature_exact
0x01012768,,0x0100dfc8,signature_prefix
0x010127b0,,0x0100e010,call_graph_or_short_signature
0x010127c0,outlane_insult_speech,0x0100e020,signature_prefix
0x01012850,,0x0100e0b0,signature_exact
0x01012ae8,,0x0100e350,call_graph_or_short_signature
0x01012aec,,0x0100e354,signature_exact
0x010132a0,,0x0100e3b8,signature_prefix
0x01013980,gem_qualify_enabled,0x0100ea6c,call_graph_or_short_signature
0x01013a08,gem_qualify_loop,0x0100eaf4,signature_prefix
0x01013ad0,gem_queue_total_deff79,0x0100183c,call_graph_or_short_signature
0x01013b48,gem_end_show_total,0x0100ec34,call_graph_or_short_signature
0x01013b5c,gem_countdown_running,0x0100ec48,call_graph_or_short_signature
0x01013b70,gem_running_incl_grace,0x0100ec5c,call_graph_or_short_signature
0x01013b78,,0x0100ec64,call_graph_or_short_signature
0x01013c5c,on_gem_hurryup_started,0x0100ed48,call_graph_or_short_signature
0x01013da8,on_gem_hurryup_awards,0x0100ee94,signature_prefix
0x01013f34,gem_more_time,0x0100f020,call_graph_or_short_signature
0x01013fd4,gem_status_panel_register,0x0100f0c0,call_graph_or_short_signature
0x010140f8,deff_075_gem_more_to_start,0x0100f138,call_graph_or_short_signature
0x010143b4,deff_076_gem_intro,0x0100f2e0,call_graph_or_short_signature
0x0101476c,deff_078_gem_award,0x0100f580,call_graph_or_short_signature
0x01014c64,,0x0100f95c,call_graph_or_short_signature
0x01014d54,tubeshow_020,0x0101771c,call_graph_or_short_signature
0x01015010,,0x0100fb78,signature_prefix
0x0101506c,,0x0100fbd4,signature_exact
0x01015094,,0x0100fbfc,signature_prefix
0x010150ec,,0x0100fc54,signature_prefix
0x010151e8,,0x0100fd50,signature_prefix
0x01015248,,0x0100fdb0,signature_exact
0x01015278,,0x0100fde0,signature_prefix
0x010152c8,,0x0100fe30,signature_prefix
0x010152fc,,0x0100fe64,signature_prefix
0x01015344,,0x0100feac,signature_prefix
0x010153c8,,0x0100ff30,signature_prefix
0x01015400,,0x0100ff68,signature_prefix
0x01015450,,0x0100ffb8,call_graph_or_short_signature
0x01015460,,0x0100ffc8,signature_exact
0x01015490,,0x0100fff8,signature_exact
0x010154c0,,0x01010028,call_graph_or_short_signature
0x010154d0,,0x01010038,signature_prefix
0x01015888,,0x010103f0,signature_exact
0x010158b0,,0x01010418,signature_exact
0x010159a8,,0x01010510,signature_exact
0x01015b1c,,0x01010684,signature_prefix
0x01015b5c,,0x010106c4,signature_prefix
0x01015ba0,,0x01010708,signature_prefix
0x01015bfc,,0x01010764,signature_exact
0x01015c28,,0x01010790,signature_prefix
0x01015c84,,0x010107ec,signature_prefix
0x01015e60,,0x010109c8,signature_prefix
0x01015ef0,,0x01010a58,call_graph_or_short_signature
0x01015f24,bonus_item_mask,0x01010a8c,signature_exact
0x01015f40,,0x01010aa8,signature_exact
0x01015f60,,0x01010ac8,signature_exact
0x01015f7c,bonus_item_value,0x01010ae4,call_graph_or_short_signature
0x01016008,,0x01010b70,signature_exact
0x01016048,,0x01010b90,signature_prefix
0x010160b8,items_player_reset,0x01010bc8,call_graph_or_short_signature
0x010160c8,items_clear_lit,0x01010bd8,signature_prefix
0x01016164,items_clear_all,0x01010c74,signature_exact
0x01016188,item_level_add,0x01010c98,call_graph_or_short_signature
0x010162a8,,0x01010db8,call_graph_or_short_signature
0x01016348,,0x01010e58,signature_prefix
0x010163ec,items_all_lit,0x01010efc,signature_prefix
0x0101643c,items_all_collected,0x01010f4c,signature_prefix
0x010164a0,item_lamps,0x01010fb0,signature_prefix
0x0101656c,,0x0101107c,signature_prefix
0x010167ac,clu_lane_entry,0x010112bc,signature_prefix
0x010167e0,,0x010112f0,signature_exact
0x010167f4,clu_lanes_player_init,0x01011304,signature_prefix
0x0101688c,clu_lanes_active,0x0101139c,call_graph_or_short_signature
0x010168d0,clu_lane_lamps_rule,0x010113c8,signature_exact
0x01016a68,,0x01011560,signature_prefix
0x01016abc,clu_lane_completion_value,0x010115b4,signature_prefix
0x01016b0c,clu_lane_hit,0x01011604,call_graph_or_short_signature
0x01016d14,clu_adv_lane_completion_silent,0x01011804,signature_prefix
0x01016e58,outlane_special_collect,0x01011948,signature_prefix
0x01016f14,,0x01011a04,call_graph_or_short_signature
0x01016fb0,,0x01011aa0,call_graph_or_short_signature
0x01016fc0,clu_lanes_rotate_toward_c,0x01011ab0,call_graph_or_short_signature
0x01017074,clu_lanes_rotate_toward_u,0x01011b64,call_graph_or_short_signature
0x01017128,sling_lamp_rotate,0x01011c18,call_graph_or_short_signature
0x01017230,deff_080_more_to_light_hurryup,0x01011d20,signature_prefix
0x01017420,leff_088,0x01011f10,signature_prefix
0x01017590,deff_082_special,0x01011fe8,call_graph_or_short_signature
0x010178fc,leff_001_chase_task,0x01012358,signature_prefix
0x0101794c,,0x010123a8,signature_prefix
0x01017dbc,,0x01012438,call_graph_or_short_signature
0x01017dc4,leff_001_attract,0x01012440,signature_prefix
0x01018084,,0x01009534,call_graph_or_short_signature
0x01018174,lc_progress_reset,0x01012d0c,signature_prefix
0x010181bc,lc_player_init,0x01012d54,signature_prefix
0x01018240,lc_mb_running,0x00018018,signature_prefix
0x010182c0,popcount8,0x01012e58,signature_exact
0x010183a0,lc_chain_a_advance,0x01012f38,call_graph_or_short_signature
0x010183a8,,0x01012f40,signature_prefix
0x01018544,lc_chain_b_advance,0x010130dc,call_graph_or_short_signature
0x0101854c,,0x010130e4,call_graph_or_short_signature
0x01018608,,0x010131a0,call_graph_or_short_signature
0x0101860c,lc_progress_allowed,0x010131a4,call_graph_or_short_signature
0x01018678,lc_progress_shot_open,0x01013204,signature_prefix
0x010186bc,light_cycle_target,0x01013248,signature_prefix
0x01018804,light_cycle_mb_shot,0x01013390,signature_exact
0x01018ba0,deff_083_more,0x0101371c,call_graph_or_short_signature
0x01018e34,,0x0100c3a4,signature_exact
0x01018e48,deff_084_light_cycle,0x01013904,call_graph_or_short_signature
0x01019208,,0x0100c3e0,signature_exact
0x0101921c,deff_085_light_cycle,0x01013bb8,call_graph_or_short_signature
0x010194fc,,0x01013ea4,signature_prefix
0x01019588,leff_093,0x01013f30,signature_prefix
0x01019768,,0x01014008,call_graph_or_short_signature
0x01019788,deff_086_light_cycle,0x01014028,call_graph_or_short_signature
0x0101a5c0,deff_089_double,0x01014c10,call_graph_or_short_signature
0x0101a948,,0x0001d938,signature_prefix
0x0101ac74,,0x01015070,call_graph_or_short_signature
0x0101aff0,leff_094,0x010153ec,signature_prefix
0x0101b0dc,lc_can_start,0x0101543c,call_graph_or_short_signature
0x0101b15c,lc_chains_init,0x010154bc,signature_prefix
0x0101b26c,lc_mb_start,0x010155cc,call_graph_or_short_signature
0x0101b368,lc_vuk_start_if_lit,0x010156c8,signature_prefix
0x0101b444,lc_mb_end_to_one_ball,0x010157a4,call_graph_or_short_signature
0x0101b488,lc_mb_resume_in_end_window,0x010157e8,call_graph_or_short_signature
0x0101b4fc,lc_progress_lamps_rule,0x0101585c,signature_prefix
0x0101bbc0,,0x01015ad0,call_graph_or_short_signature
0x0101bc7c,,0x01015b8c,signature_prefix
0x0101bcec,multiballs_one_ball_left,0x01015bfc,call_graph_or_short_signature
0x0101bd08,sw11_video_game_eject,0x01015c14,signature_prefix
0x0101bd48,,0x01015c54,signature_prefix
0x0101bdb8,,0x01015cc4,call_graph_or_short_signature
0x0101bdd0,,0x01015cdc,call_graph_or_short_signature
0x0101bf48,leff_035,0x01015e54,signature_exact
0x0101bfc4,,0x01015f80,signature_prefix
0x0101c024,,0x01015fe0,call_graph_or_short_signature
0x0101c088,,0x01016044,signature_prefix
0x0101c0ec,,0x010160a8,signature_prefix
0x0101c1b0,,0x0101616c,signature_prefix
0x0101c244,pop_hits_for_next_level,0x01016200,signature_prefix
0x0101c28c,pop_first_ball_reset,0x01016248,signature_prefix
0x0101c30c,pop_value_ball_reset,0x010162c8,signature_prefix
0x0101c348,,0x01016304,signature_exact
0x0101c358,,0x01016314,signature_prefix
0x0101c3ac,,0x01016368,call_graph_or_short_signature
0x0101c800,deff_044_level_completed,0x010167bc,call_graph_or_short_signature
0x0101c8dc,leff_042,0x01016898,signature_exact
0x0101ca38,deff_135_big_bump1_s,0x010169f4,call_graph_or_short_signature
0x0101cb28,,0x01016ae4,call_graph_or_short_signature
0x0101cb2c,,0x01016ae8,signature_exact
0x0101cb54,leff_154,0x01016b10,signature_prefix
0x0101cbc4,task_cb,0x01016b80,signature_prefix
0x0101cc04,,0x01016bc0,call_graph_or_short_signature
0x0101ccf0,,0x01016cac,signature_prefix
0x0101cddc,quorra_shots_to_light,0x01016d98,signature_prefix
0x0101ce30,quorra_mb_running_or_end_window,0x01016dec,call_graph_or_short_signature
0x0101ce60,quorra_mb_scoring_active,0x01016e1c,call_graph_or_short_signature
0x0101cec4,quorra_add_ball_state,0x01016e4c,call_graph_or_short_signature
0x0101cef8,quorra_double_window_running,0x01016e80,call_graph_or_short_signature
0x0101cf0c,quorra_double_active,0x01016e94,call_graph_or_short_signature
0x0101cf14,,0x01016e9c,call_graph_or_short_signature
0x0101cf24,,0x01016eac,call_graph_or_short_signature
0x0101cf34,task_5c_quorra_double_window,0x01016ebc,signature_prefix
0x0101cf84,quorra_double_window_start,0x01016f0c,call_graph_or_short_signature
0x0101cfe0,quorra_double_window_kill,0x01016f68,call_graph_or_short_signature
0x0101cfec,quorra_jackpot_init,0x01016f74,signature_prefix
0x0101d044,quorra_jackpot_raise,0x01016fcc,signature_prefix
0x0101d06c,quorra_super_reset,0x01016ff4,signature_prefix
0x0101d0b4,quorra_mb_shot,0x0101703c,call_graph_or_short_signature
0x0101d33c,deff_062_to_light,0x010172b4,call_graph_or_short_signature
0x0101dca0,,0x01017a24,signature_prefix
0x0101dcf0,,0x01017a74,call_graph_or_short_signature
0x0101dcf4,,0x01017a78,signature_prefix
0x0101de30,deff_065_quorra_multiball,0x01017b1c,call_graph_or_short_signature
0x0101ed8c,leff_070,0x01018700,signature_exact
0x0101eeb0,deff_067_quorra_multiball,0x01018734,call_graph_or_short_signature
0x0101f0e4,,0x01018898,call_graph_or_short_signature
0x0101f0f4,leff_068,0x010188a8,call_graph_or_short_signature
0x0101f2f8,quorra_can_start,0x0101893c,call_graph_or_short_signature
0x0101f384,quorra_progress_allowed,0x010189bc,call_graph_or_short_signature
0x0101f410,quorra_progress_shot,0x01018a3c,call_graph_or_short_signature
0x0101f55c,quorra_mb_start,0x01018b88,call_graph_or_short_signature
0x0101f688,quorra_vuk,0x01018cb4,signature_prefix
0x0101f6f4,,0x01018d20,call_graph_or_short_signature
0x0101f798,quorra_mb_end_to_one_ball,0x01018dc4,call_graph_or_short_signature
0x0101f7e8,quorra_mb_resume_in_end_window,0x01018e14,call_graph_or_short_signature
0x0101f85c,quorra_advance_lamp_rule,0x01018e88,call_graph_or_short_signature
0x0101fd1c,,0x010192b0,signature_prefix
0x0101fd94,recog_reset_player_at_game_start,0x01019328,signature_prefix
0x0101ffd8,recog_targets_count_active,0x010193e0,signature_exact
0x01020abc,,0x01019c18,signature_exact
0x01020b38,dbattle_is_lit,0x01019c94,call_graph_or_short_signature
0x01020b4c,dbattle_can_progress,0x01019ca8,call_graph_or_short_signature
0x01020c40,dbattle_set_hits_needed,0x01019d90,signature_prefix
0x01020ca4,dbattle_start_award_value,0x01019df4,signature_prefix
0x01020cf0,task_9d,0x0101cadc,call_graph_or_short_signature
0x01020cf4,,0x0101cae0,signature_exact
0x01020d1c,dbattle_light,0x01019e6c,call_graph_or_short_signature
0x01020da8,dbattle_disc_hit_or_start_multiball,0x01019ef8,call_graph_or_short_signature
0x01020ea4,dbattle_reset_target_state,0x01019ff4,call_graph_or_short_signature
0x01020f10,dbattle_clear,0x0101a060,call_graph_or_short_signature
0x01020ff8,leff_099,0x0101a148,call_graph_or_short_signature
0x0102114c,leff_101,0x0101a29c,signature_prefix
0x010211a0,leff_104,0x0101a2f0,signature_prefix
0x0102120c,deff_109_disc,0x0101a34c,call_graph_or_short_signature
0x010214e4,leff_105,0x0101a61c,signature_exact
0x010217e0,,0x0101a7e0,call_graph_or_short_signature
0x01021d44,,0x0101ad0c,call_graph_or_short_signature
0x01021d48,,0x0101ad10,signature_exact
0x010221ec,,0x0101b080,signature_prefix
0x0102225c,,0x0101b0f0,signature_prefix
0x01022388,,0x0101b210,call_graph_or_short_signature
0x010223c4,,0x0101b24c,call_graph_or_short_signature
0x010224ec,bank_motor_init,0x0101b374,call_graph_or_short_signature
0x01022f5c,,0x0101b454,signature_prefix
0x01022fc0,,0x0101b4b8,signature_exact
0x01022fdc,,0x0101b4d4,call_graph_or_short_signature
0x01022fec,,0x0101b4e4,call_graph_or_short_signature
0x01022ffc,,0x0101b4f4,call_graph_or_short_signature
0x01023010,,0x0101b508,call_graph_or_short_signature
0x0102304c,,0x0101b544,call_graph_or_short_signature
0x01023060,,0x0101b558,call_graph_or_short_signature
0x0102309c,,0x0101b594,call_graph_or_short_signature
0x010230b0,,0x0101b5a8,call_graph_or_short_signature
0x010230ec,deff_draw_status_panel,0x0101b5e4,signature_prefix
0x010235d8,,0x0101bad0,call_graph_or_short_signature
0x01023624,,0x0101bb20,signature_exact
0x01023670,,0x0101bb6c,signature_exact
0x01023704,,0x0101bc00,call_graph_or_short_signature
0x010237a0,,0x0101bc9c,signature_exact
0x01023858,,0x0101bd54,signature_prefix
0x010238ac,,0x0101bda8,signature_prefix
0x01023930,,0x0101be2c,call_graph_or_short_signature
0x01023940,,0x0101be3c,call_graph_or_short_signature
0x01023a98,deff_019,0x0101bf94,signature_prefix
0x01023bd0,,0x0101c06c,signature_exact
0x01023c24,,0x0101c0c0,signature_exact
0x01023cb0,,0x0101c14c,signature_prefix
0x01023fe4,anim_play_pal,0x0101c480,signature_exact
0x0102410c,,0x0101c5a8,call_graph_or_short_signature
0x010241a0,deff_status_frames,0x0101c63c,signature_prefix
0x01024230,,0x0101c6cc,signature_prefix
0x01024460,deff_hold_frames,0x0101c8fc,signature_prefix
0x01024640,,0x0101ca80,signature_prefix
0x0102466c,,0x0101caac,call_graph_or_short_signature
0x0102469c,task_a2,0x0101dd04,call_graph_or_short_signature
0x010246a0,,0x0101dd08,signature_exact
0x010246c8,,0x0101cb08,call_graph_or_short_signature
0x010246fc,sos_stage0_flynn_setup,0x0101cb3c,signature_prefix
0x010248c0,task_a1,0x0101e064,call_graph_or_short_signature
0x010248c4,,0x0101e068,signature_exact
0x010248ec,sos_stage0_flynn_shot,0x0101cd2c,signature_prefix
0x010249b8,sos_stage0_flynn_spot,0x0101cdf8,call_graph_or_short_signature
0x010249c0,sos_stage1_gem_setup,0x0101ce00,signature_prefix
0x01024b84,task_a1_2,0x0101e378,call_graph_or_short_signature
0x01024b88,,0x0101e37c,signature_exact
0x01024bb0,sos_stage1_gem_shot,0x0101cff0,signature_prefix
0x01024c7c,,0x0101d0bc,call_graph_or_short_signature
0x01024c84,sos_stage2_clu_setup,0x0101d0c4,signature_prefix
0x01024d68,,0x0101d1a8,call_graph_or_short_signature
0x01024e88,,0x0101d2c8,call_graph_or_short_signature
0x01024e8c,,0x0101d2cc,signature_exact
0x01024e9c,,0x0101d2dc,signature_exact
0x01024eb0,,0x0101d2f0,signature_prefix
0x01024f08,task_a1_3,0x0101e63c,call_graph_or_short_signature
0x01024f0c,,0x0101e640,signature_exact
0x01024f34,sos_stage2_clu_shot,0x0101d374,call_graph_or_short_signature
0x01025158,sos_stage3_zuse_setup,0x0101d598,signature_prefix
0x01025324,sos_stage3_zuse_shot,0x0101d764,signature_prefix
0x01025458,sos_stage4_quorra_setup,0x0101d898,signature_prefix
0x0102564c,sos_stage4_quorra_shot,0x0101da8c,signature_prefix
0x01025718,,0x0101db58,call_graph_or_short_signature
0x01025720,sos_stage5_disc_setup,0x0101db60,signature_prefix
0x010258f0,sos_stage5_disc_shot,0x0101dd30,signature_prefix
0x01025a74,sos_stage6_light_cycle_setup,0x0101deb4,signature_prefix
0x01025b58,,0x0101df98,call_graph_or_short_signature
0x01025c50,sos_stage6_light_cycle_shot,0x0101e090,signature_prefix
0x01025df8,sos_stage7_recognizer_setup,0x0101e238,signature_prefix
0x01025f64,sos_stage7_recognizer_shot,0x0101e3a4,signature_prefix
0x01026050,,0x0101e490,call_graph_or_short_signature
0x01026058,sos_stage8_tron_setup,0x0101e498,signature_prefix
0x01026228,sos_stage8_tron_shot,0x0101e668,signature_prefix
0x0102635c,,0x0101e79c,call_graph_or_short_signature
0x01026390,sos_count_get,0x0101e7d0,call_graph_or_short_signature
0x010263b0,,0x0101e7f0,call_graph_or_short_signature
0x010263f0,wizard_flag34_set,0x0101e830,call_graph_or_short_signature
0x01026404,task_a0,0x0101d738,call_graph_or_short_signature
0x01026408,,0x0101d73c,signature_exact
0x01026430,sos_complete,0x0101e870,call_graph_or_short_signature
0x01026444,,0x0101e884,signature_prefix
0x01026490,sos_stage_setup,0x0101e8d0,signature_prefix
0x01026520,sos_start,0x0101e960,call_graph_or_short_signature
0x01026524,,0x0101e964,call_graph_or_short_signature
0x010265f4,sos_try_start_at_vuk,0x0101ea34,call_graph_or_short_signature
0x01026608,simulation_shot,0x0101ea48,signature_prefix
0x01026724,,0x0101eb64,call_graph_or_short_signature
0x01026754,,0x0101eb94,call_graph_or_short_signature
0x01026784,,0x0101ebc4,call_graph_or_short_signature
0x01026794,sos_tilt_pay_skip_bonuses,0x0101ebd4,signature_prefix
0x01026bbc,,0x0101efc8,call_graph_or_short_signature
0x01026bc0,,0x0101efcc,signature_exact
0x01026e38,,0x0101f178,call_graph_or_short_signature
0x01026e6c,,0x0101f1ac,signature_prefix
0x01026edc,,0x0101f21c,signature_prefix
0x01026f4c,,0x0101f28c,signature_prefix
0x01026f74,leff_136,0x0101f2b4,call_graph_or_short_signature
0x01027090,,0x0100aafc,signature_prefix
0x010270a4,deff_115,0x0101f338,call_graph_or_short_signature
0x0102732c,,0x0101f51c,call_graph_or_short_signature
0x01027374,,0x0101f55c,signature_prefix
0x01027478,,0x0101f660,signature_prefix
0x01027dbc,,0x0100a9a4,signature_prefix
0x01028140,deff_125_sea_of,0x0101fce0,call_graph_or_short_signature
0x0102864c,,0x010200ac,signature_prefix
0x01028924,,0x01020318,signature_prefix
0x01028a00,skill_count_switch,0x010203f4,signature_prefix
0x01028a84,skill_instant_switch,0x01020478,signature_prefix
0x01028b04,skill_timeout_expired,0x010204f8,signature_prefix
0x01028b58,,0x01020738,signature_exact
0x01028b74,skillA_start_from_zen,0x01020754,signature_prefix
0x01028bc0,,0x010205b4,call_graph_or_short_signature
0x01028c68,skillA_value,0x0102065c,signature_prefix
0x01028cb8,skillA_collect_left_ramp,0x010206ac,call_graph_or_short_signature
0x01028d28,skillA_kill,0x0102071c,call_graph_or_short_signature
0x01028d98,,0x0102078c,call_graph_or_short_signature
0x01028dac,,0x010207a0,call_graph_or_short_signature
0x01028e54,skillB_value,0x01020848,signature_prefix
0x01028ea4,skillB_collect_right_ramp,0x01020898,call_graph_or_short_signature
0x01028f14,skillB_kill,0x01020908,call_graph_or_short_signature
0x01028f44,,0x01020938,call_graph_or_short_signature
0x01028f9c,skillC_start,0x01020990,call_graph_or_short_signature
0x01028fec,skillC_value,0x010209e0,signature_prefix
0x0102903c,task86_skillC_deff,0x01019e40,call_graph_or_short_signature
0x01029040,,0x01019e44,signature_exact
0x01029068,skillC_collect_vuk,0x01020a5c,call_graph_or_short_signature
0x010290e0,skillC_kill,0x01020ad4,call_graph_or_short_signature
0x01029148,skill_on_serve,0x01020b3c,signature_prefix
0x010291a4,skill_kill_all,0x01020b98,call_graph_or_short_signature
0x010299bc,spinner_values_ball_start_reset,0x01021254,signature_prefix
0x01029d94,leff_033,0x0102162c,call_graph_or_short_signature
0x0102a0f8,leff_034,0x0102198c,signature_exact
0x0102a128,,0x010219bc,signature_prefix
0x0102a188,base_score_if_not_tilted,0x01021a1c,signature_prefix
0x0102a1b4,,0x01021a48,signature_prefix
0x0102a284,,0x01021b18,call_graph_or_short_signature
0x0102a294,,0x01021b28,signature_prefix
0x0102a2f0,,0x01021b84,call_graph_or_short_signature
0x0102a31c,sw23_shooter_lane,0x01021bb0,call_graph_or_short_signature
0x0102a434,sw30_left_bumper,0x01021cc8,signature_prefix
0x0102a4a8,sw31_right_bumper,0x01021d38,signature_prefix
0x0102a51c,sw32_bottom_bumper,0x01021da8,signature_prefix
0x0102a590,sw26_left_slingshot,0x01021e18,signature_prefix
0x0102a600,sw27_right_slingshot,0x01021e84,signature_prefix
0x0102a728,left_orbit_shot_hooks,0x01022030,signature_prefix
0x0102a794,right_orbit_arcade_light,0x01022098,signature_prefix
0x0102a940,on_left_ramp_made,0x01022240,call_graph_or_short_signature
0x0102a948,,0x01022248,signature_prefix
0x0102aa50,on_right_ramp_made,0x01022340,call_graph_or_short_signature
0x0102aa58,,0x01022348,signature_prefix
0x0102ab6c,sw41_disc_opto,0x0102244c,call_graph_or_short_signature
0x0102ac1c,leff_075,0x010224f0,signature_exact
0x0102ac88,sw24_left_outlane,0x01022558,signature_prefix
0x0102adbc,sw29_right_outlane,0x0102267c,signature_prefix
0x0102ae3c,sw39_right_inner_loop,0x010226f8,call_graph_or_short_signature
0x0102ae44,sw39_right_inner_loop_shot,0x01022700,signature_prefix
0x0102aec8,sw49_recogniz_3_bank_l,0x01022780,call_graph_or_short_signature
0x0102b03c,sw52_3_bank_motor_dn,0x010227f4,signature_prefix
0x0102b088,sw53_3_bank_motor_up,0x01022840,call_graph_or_short_signature
0x0102b08c,sw07_z_use,0x01022844,call_graph_or_short_signature
0x0102b0d4,sw08_z_u_se,0x01022888,call_graph_or_short_signature
0x0102b11c,sw48_zu_s_e,0x010228cc,call_graph_or_short_signature
0x0102b164,sw13_zus_e,0x01022910,call_graph_or_short_signature
0x0102b20c,,0x01022960,signature_prefix
0x0102b26c,,0x010229c0,signature_prefix
0x0102b4d4,,0x01022c28,call_graph_or_short_signature
0x0102b4dc,,0x01022c30,signature_exact
0x0102b528,,0x01022c7c,signature_prefix
0x0102b744,,0x01022e98,signature_prefix
0x0102b980,,0x010230d4,signature_exact
0x0102c358,tron_letters_reset,0x01023aa4,call_graph_or_short_signature
0x0102c3b4,,0x01023b00,signature_prefix
0x0102c4a4,tron_letters_enabled_always_true,0x01023bf0,signature_exact
0x0102c4c4,task_9f,0x01023c00,call_graph_or_short_signature
0x0102c588,tron_letter_collect,0x01023cc4,call_graph_or_short_signature
0x0102c78c,,0x01023ec8,signature_prefix
0x0102c7e4,tron_spot_letter_unused,0x01023f20,signature_prefix
0x0102c870,deff_107_collect,0x01023fac,call_graph_or_short_signature
0x0102cc48,,0x010242d0,call_graph_or_short_signature
0x0102cc4c,,0x010242d4,call_graph_or_short_signature
0x0102cdd8,deff_038_match,0x01024460,signature_prefix
0x0102d0f0,,0x01024774,call_graph_or_short_signature
0x0102d188,,0x0102480c,signature_prefix
0x0102d244,,0x010248c8,signature_exact
0x0102d294,,0x01024918,signature_prefix
0x0102d2ec,,0x01024970,signature_exact
0x0102d368,,0x010249ec,call_graph_or_short_signature
0x0102d494,,0x01024b18,call_graph_or_short_signature
0x0102d644,,0x01024cd0,call_graph_or_short_signature
0x0102d764,,0x01024df4,call_graph_or_short_signature
0x0102d860,,0x01024ef4,call_graph_or_short_signature
0x0102da50,,0x010250e4,call_graph_or_short_signature
0x0102db1c,,0x010251b0,call_graph_or_short_signature
0x0102dca0,,0x01025334,signature_exact
0x0102dcb0,,0x01025344,signature_prefix
0x0102dd50,deff_045_end,0x010253e4,signature_prefix
0x0102e4d4,,0x01025b68,signature_exact
0x0102e570,task_a3,0x01025c04,signature_exact
0x0102e6d8,,0x01025d6c,call_graph_or_short_signature
0x0102e6e0,,0x01025d74,call_graph_or_short_signature
0x0102e704,,0x01025d98,call_graph_or_short_signature
0x0102e8c0,vuk_lit_item_add,0x01025f54,call_graph_or_short_signature
0x0102eaa4,vuk_lit_item_take,0x01026138,call_graph_or_short_signature
0x0102ec38,vuk_lit_item_test,0x010262cc,call_graph_or_short_signature
0x0102eddc,on_vuk,0x01026470,signature_exact
0x0102f024,vuk_eject_lamps_rule,0x010266b0,call_graph_or_short_signature
0x0102f314,portal_mb_add_a_ball,0x010269a0,signature_exact
0x0102f34c,portal_mb_shot_entry,0x010269d8,call_graph_or_short_signature
0x0102f37c,portal_mb_all_shots_done,0x01026a08,signature_prefix
0x0102f3e8,portal_count_get,0x01026a74,call_graph_or_short_signature
0x0102f434,portal_mb_can_start,0x01026ac0,call_graph_or_short_signature
0x0102f474,portal_mb_start,0x01026b00,call_graph_or_short_signature
0x0102f5f4,portal_mb_award_value,0x01026c80,signature_prefix
0x0102f654,portal_mb_super_lit,0x01026ce0,call_graph_or_short_signature
0x0102f694,portal_mb_running_or_grace,0x01026d20,call_graph_or_short_signature
0x0102f6c8,portal_mb_shot,0x01026d54,call_graph_or_short_signature
0x0102f8fc,portal_mb_restart_from_grace,0x01026f88,call_graph_or_short_signature
0x0102faec,deff_140_portal_intro,0x01027154,call_graph_or_short_signature
0x0102fe34,,0x01027494,call_graph_or_short_signature
0x0102fe38,,0x01027498,call_graph_or_short_signature
0x0102ffa0,deff_141_portal_status,0x01027544,call_graph_or_short_signature
0x01030188,,0x01027730,call_graph_or_short_signature
0x01030198,leff_166_portal_shot_lamps,0x01027740,call_graph_or_short_signature
0x01030514,deff_142_portal_award,0x01027a10,call_graph_or_short_signature
0x010307d8,deff_143_portal_super_jackpot,0x01027c24,call_graph_or_short_signature
0x010309b8,,0x01027df8,signature_exact
0x01031138,task_cc_zen_flasher,0x01028318,signature_exact
0x01031208,zen_use_charge,0x010283e8,call_graph_or_short_signature
0x0103129c,zen_award,0x0102847c,signature_prefix
0x01031338,deff_100_zen,0x01028518,call_graph_or_short_signature
0x01031490,leff_118,0x01028670,signature_exact
0x010314d0,,0x010286b0,signature_prefix
0x01031558,zfs_target_entry,0x01028738,signature_prefix
0x01031588,zfs_targets_reset,0x01028768,signature_prefix
0x01031664,zfs_on_end_of_ball,0x01028844,signature_exact
0x0103171c,zfs_end_show_total,0x010288fc,call_graph_or_short_signature
0x01031730,task_59_zfs_countdown,0x01028910,signature_prefix
0x010317bc,,0x0102899c,call_graph_or_short_signature
0x01031804,,0x010289e4,call_graph_or_short_signature
0x01031888,zfs_start_if_ready_unused,0x01028a68,signature_exact
0x010318ac,on_zuse_fastscoring_started,0x01028a8c,call_graph_or_short_signature
0x01031a5c,zfs_value_raise,0x01028c3c,signature_prefix
0x01031ab8,zfs_add_time,0x01028c98,signature_prefix
0x01031b5c,zfs_countdown_running,0x01028d3c,call_graph_or_short_signature
0x01031b78,,0x01028d58,call_graph_or_short_signature
0x01031b88,zfs_score_hit,0x01028d68,call_graph_or_short_signature
0x01031cc0,task_80_zfs_hit_queue,0x01028ea0,signature_prefix
0x01031e28,leff_126,0x01029008,signature_prefix
0x01031f08,zfs_more_time,0x010290e8,call_graph_or_short_signature
0x01031f8c,zfs_end_now,0x0102916c,call_graph_or_short_signature
0x01032018,zfs_status_panel_register,0x010291f8,call_graph_or_short_signature
0x01032028,leff_124_zfs_target_lamps,0x01029208,signature_prefix
0x010321b4,leff_125_zfs_chase,0x010292f8,signature_prefix
0x010323d0,,0x0102947c,signature_prefix
0x01032510,deff_094_zfs_intro,0x010295ac,call_graph_or_short_signature
0x010327a4,,0x010297a0,signature_prefix
0x010327c0,,0x010297bc,call_graph_or_short_signature
0x010327d8,deff_095_zfs_background,0x010297d4,call_graph_or_short_signature
0x01032900,,0x010298fc,signature_prefix
0x01032a30,,0x01029a28,call_graph_or_short_signature
0x01032bd0,deff_096_zfs_hit_popup,0x01029bc8,signature_prefix
0x01032cac,,0x01029ca4,call_graph_or_short_signature
0x01032cb0,,0x01029ca8,signature_exact
0x01032ebc,deff_098_zfs_time_extended,0x01029eb4,call_graph_or_short_signature
0x01033308,leff_130,0x0102a2f0,signature_exact
0x01033624,zuse_letters_reset,0x0102a4dc,signature_prefix
0x01033680,zuse_player_init,0x0102a538,signature_prefix
0x0103370c,zuse_set_value,0x0102a5c4,signature_exact
0x01033744,zuse_qualify_enabled,0x0102a5fc,call_graph_or_short_signature
0x01033790,zuse_letter_hit,0x0102a63c,call_graph_or_short_signature
0x010339fc,zuse_complete_set_adv,0x0102a8a8,call_graph_or_short_signature
0x01033da8,,0x0102ac24,signature_prefix
0x01033de4,leff_120,0x0102ac60,signature_prefix
0x01033efc,zuse_letter_lamps_rule,0x0102acec,signature_prefix
0x01034364,deff_001_attract_pages,0x0102fb70,signature_exact
0x010344d8,deff_014,0x0102fce4,call_graph_or_short_signature
0x010344dc,,0x0102fce8,signature_exact
0x010344f4,deff_020_ball_saved,0x0102fd00,call_graph_or_short_signature
0x010345bc,deff_011_locating_pinballs,0x0102fdc8,signature_prefix
0x01034664,,0x0102fe70,call_graph_or_short_signature
0x010346e8,deff_032,0x0102fef4,signature_exact
0x01034d34,deff_031_player,0x01030544,signature_exact
0x01034e78,,0x01030688,signature_prefix
0x01034f88,deff_033_player,0x01030798,call_graph_or_short_signature
0x01035090,deff_027,0x0103089c,signature_prefix
0x010350e8,deff_012_operator_alert,0x0102f9d4,signature_prefix
0x010353b0,,0x01030a20,signature_prefix
0x01035450,,0x01030ac0,signature_prefix
0x0103550c,,0x01030b7c,signature_prefix
0x010355cc,,0x01030c3c,signature_prefix
0x0103586c,,0x01030edc,signature_exact
0x0103587c,,0x01030eec,signature_exact
0x01035c40,,0x010312b0,signature_exact
0x01035c6c,,0x010312dc,signature_prefix
0x01035d3c,deff_022,0x010313ac,call_graph_or_short_signature
0x01035e48,deff_016_tournament_game,0x010314b8,call_graph_or_short_signature
0x01036030,deff_018_bump_n_win,0x010316a4,call_graph_or_short_signature
0x01036244,deff_035_qualified,0x010318bc,call_graph_or_short_signature
0x0103637c,,0x010319f4,call_graph_or_short_signature
0x010363a4,,0x01031a1c,signature_exact
0x0103649c,deff_036_place,0x01031b14,signature_exact
0x01036934,,0x01031fac,call_graph_or_short_signature
0x010369bc,deff_037_winner,0x01032034,signature_prefix
0x01036a5c,deff_034_not_qualified,0x010320d4,call_graph_or_short_signature
0x01036ce0,deff_009,0x01032350,signature_prefix
0x01036e6c,,0x01032414,signature_prefix
0x01036f1c,deff_004_50v_20v_disabled,0x010324c4,call_graph_or_short_signature
0x0103703c,deff_005,0x010325e4,signature_exact
0x01037588,,0x01032b30,signature_exact
0x01037994,,0x01032f3c,signature_prefix
0x01037a6c,deff_003_technician_alert,0x01033014,call_graph_or_short_signature
0x0103815c,deff_002_use_to_adjust_volume,0x01033704,signature_prefix
0x01038268,,0x01033810,signature_prefix
0x010383cc,,0x01033974,signature_prefix
0x01039078,,0x01034624,signature_prefix
0x01039554,,0x01034b08,signature_prefix
0x01039580,,0x01034b34,signature_prefix
0x010395e4,,0x01034b98,call_graph_or_short_signature
0x0103977c,,0x01034d30,call_graph_or_short_signature
0x010398ac,,0x01034e60,call_graph_or_short_signature
0x01039da4,,0x01035368,signature_prefix
0x0103a19c,,0x01035760,call_graph_or_short_signature
0x0103a494,,0x01035a58,call_graph_or_short_signature
0x0103a49c,,0x01035a60,signature_prefix
0x0103b4ac,,0x01036a6c,signature_exact
0x0103b9f8,,0x01036fb8,call_graph_or_short_signature
0x0103bf68,,0x0103752c,call_graph_or_short_signature
0x0103bf70,,0x01037534,signature_prefix
0x0103cde8,,0x0103841c,call_graph_or_short_signature
0x0103cff8,,0x01038628,signature_prefix
0x0103d030,,0x01038660,signature_exact
0x0103d070,,0x010386a0,signature_prefix
0x0103d8bc,,0x01038ee8,call_graph_or_short_signature
0x0103d8dc,,0x01038f08,call_graph_or_short_signature
0x0103d90c,,0x01038f38,signature_exact
0x0103da48,,0x01039074,signature_prefix
0x0103dad0,,0x010390fc,signature_prefix
0x0103db6c,,0x01039198,call_graph_or_short_signature
0x0103db70,,0x0103919c,signature_prefix
0x0103dbbc,,0x010391e8,call_graph_or_short_signature
0x0103dc14,,0x01039240,signature_exact
0x0103dd00,,0x0103932c,signature_exact
0x0103e5b4,,0x01039be0,signature_prefix
0x0103e600,,0x01039c2c,signature_prefix
0x0103e638,,0x01039c64,call_graph_or_short_signature
0x0103e690,,0x01039cbc,signature_exact
0x0103ea84,,0x0103a0b4,signature_prefix
0x0103eb2c,,0x0103a15c,call_graph_or_short_signature
0x0103eb8c,,0x0103a1bc,signature_exact
0x0103ef70,,0x0103a5a0,call_graph_or_short_signature
0x0103efe0,,0x0103a610,call_graph_or_short_signature
0x0103f040,,0x0103a670,signature_exact
0x0103f47c,,0x0103aaac,signature_prefix
0x0103f530,,0x0103ab60,signature_exact
0x0103f690,leff_008,0x0103acc0,signature_exact
0x0103f6f0,,0x0103ad20,signature_prefix
0x0103f7ac,,0x0103addc,signature_prefix
0x0103fb44,,0x0103b174,signature_exact
0x0103fd48,,0x0103b378,signature_exact
0x0103fd7c,,0x0103b3ac,call_graph_or_short_signature
0x0103ff98,,0x0103b5c0,signature_prefix
0x0103ffdc,,0x0103b604,call_graph_or_short_signature
0x010408a8,,0x0103bed0,call_graph_or_short_signature
0x01040b94,,0x0103c1c0,call_graph_or_short_signature
0x01040e6c,,0x0103c498,call_graph_or_short_signature
0x01040edc,,0x0103c508,signature_exact
0x010412c0,,0x0103c8ec,call_graph_or_short_signature
0x01041340,,0x0103c96c,call_graph_or_short_signature
0x010413b0,,0x0103c9dc,signature_exact
0x01041a10,,0x0103d034,signature_prefix
0x01041dc0,leff_004,0x0103d3d0,signature_exact
0x01041e08,,0x0103d418,signature_exact
0x010420cc,,0x0103d6dc,signature_exact
0x0104210c,,0x0103d71c,signature_exact
0x01042154,,0x0103d764,signature_exact
0x010421e4,,0x0103d7f4,signature_exact
0x010425d0,,0x0103dbe0,signature_exact
0x0104270c,,0x0103dd1c,signature_prefix
0x010427dc,,0x0103ddec,signature_exact
0x01042b10,,0x0103e120,signature_exact
0x01042f0c,,0x0103e51c,signature_exact
0x01042f24,,0x0103e534,signature_exact
0x01042f30,,0x0103e540,signature_exact
0x01042fc0,,0x0103e5d0,signature_exact
0x01043358,,0x0103e968,signature_exact
0x010434f8,,0x0103eb08,signature_exact
0x01043698,,0x0103eca8,signature_exact
0x0104383c,,0x0103ee4c,signature_exact
0x010439d4,,0x0103efe4,call_graph_or_short_signature
0x01043a74,,0x0103f080,signature_exact
0x01043fd0,,0x0103f5dc,signature_exact
0x01044a1c,,0x01040028,signature_prefix
0x01044aa0,,0x010400ac,signature_prefix
0x01044b9c,,0x010401a8,signature_prefix
0x01044bfc,,0x01040208,signature_prefix
0x01045264,,0x01040870,signature_exact
0x010452b0,,0x010408bc,signature_exact
0x010452e0,,0x010408ec,signature_exact
0x010452f4,,0x01040900,signature_exact
0x0104534c,,0x01040958,call_graph_or_short_signature
0x01045a78,,0x01041074,signature_exact
0x01045a98,,0x01041094,signature_exact
0x01045ae4,,0x010410e0,signature_prefix
0x01045b44,,0x01041140,call_graph_or_short_signature
0x0104a138,,0x01043f14,call_graph_or_short_signature
0x0104b314,,0x01043c38,call_graph_or_short_signature
0x0104f078,,0x010444d4,signature_exact
0x0104f0c4,,0x01044520,signature_exact
0x0104f0e0,,0x0104453c,signature_prefix
0x0104f12c,,0x01044588,signature_exact
0x0104f144,,0x010445a0,signature_prefix
