8.0048 ready dip0=0x80
8.0209 callstr 0x32ac8(257664,0,0,0) buf=r0 = 0 "0"
8.0368 callstr 0x32ac8(257664,1,0,0) buf=r0 = 0 "1"
8.0531 callstr 0x32ac8(257664,2,0,0) buf=r0 = 0 "2"
8.0848 callstr 0x32ac8(257664,3,0,0) buf=r0 = 0 "3"
8.1167 callstr 0x32ac8(257664,4,0,0) buf=r0 = 0 "4"
8.1330 callstr 0x32ac8(257664,500,0,0) buf=r0 = 0 "500"
8.1488 callstr 0x32ac8(257664,1000,0,0) buf=r0 = 0 "1000"
8.1808 callstr 0x32ac8(257664,1500,0,0) buf=r0 = 0 "1500"
8.2130 callstr 0x32ac8(257664,2000,0,0) buf=r0 = 0 "2000"
8.2288 callstr 0x32ac8(257664,2500,0,0) buf=r0 = 0 "2500"
8.2449 callstr 0x32ac8(257664,3000,0,0) buf=r0 = 0 "3000"
8.2768 callstr 0x32ac8(257664,3500,0,0) buf=r0 = 0 "3500"
8.2931 callstr 0x32ac8(257664,4000,0,0) buf=r0 = 0 "4000"
8.3248 callstr 0x32ac8(257664,4500,0,0) buf=r0 = 0 "4500"
8.3568 callstr 0x32ac8(257664,5000,0,0) buf=r0 = 0 "5000"
8.3731 callstr 0x32ac8(257664,5500,0,0) buf=r0 = 0 "5500"
8.3888 callstr 0x32ac8(257664,6000,0,0) buf=r0 = 0 "6000"
8.4208 callstr 0x32ac8(257664,6500,0,0) buf=r0 = 0 "6500"
8.4530 callstr 0x32ac8(257664,7000,0,0) buf=r0 = 0 "7000"
8.4688 callstr 0x32ac8(257664,7500,0,0) buf=r0 = 0 "7500"
8.5009 callstr 0x32ac8(257664,8000,0,0) buf=r0 = 0 "8000"
8.5168 callstr 0x32ac8(257664,8500,0,0) buf=r0 = 0 "8500"
8.5331 callstr 0x32ac8(257664,9000,0,0) buf=r0 = 0 "9000"
8.5488 callstr 0x32ac8(257664,9500,0,0) buf=r0 = 0 "9500"
8.5808 callstr 0x32ac8(257664,9997,0,0) buf=r0 = 0 "9997"
8.6130 callstr 0x32ac8(257664,9998,0,0) buf=r0 = 0 "9998"
8.6287 callstr 0x32ac8(257664,9999,0,0) buf=r0 = 0 "9999"
8.6448 callstr 0x32ac8(257664,0,0,0) buf=r0 = 0 "0"
8.6768 callstr 0x32ac8(257664,1,0,0) buf=r0 = 0 "1"
8.6931 callstr 0x32ac8(257664,2,0,0) buf=r0 = 0 "2"
8.7248 callstr 0x32ac8(257664,3,0,0) buf=r0 = 0 "3"
8.7569 callstr 0x32ac8(257664,4,0,0) buf=r0 = 0 "4"
8.7730 callstr 0x32ac8(257664,500,0,0) buf=r0 = 0 "500"
8.7888 callstr 0x32ac8(257664,1000,0,0) buf=r0 = 0 "1000"
8.8208 callstr 0x32ac8(257664,1500,0,0) buf=r0 = 0 "1500"
8.8530 callstr 0x32ac8(257664,2000,0,0) buf=r0 = 0 "2000"
8.8687 callstr 0x32ac8(257664,2500,0,0) buf=r0 = 0 "2500"
8.8848 callstr 0x32ac8(257664,3000,0,0) buf=r0 = 0 "3000"
8.9168 callstr 0x32ac8(257664,3500,0,0) buf=r0 = 0 "3500"
8.9331 callstr 0x32ac8(257664,4000,0,0) buf=r0 = 0 "4000"
8.9648 callstr 0x32ac8(257664,4500,0,0) buf=r0 = 0 "4500"
8.9967 callstr 0x32ac8(257664,5000,0,0) buf=r0 = 0 "5000"
9.0134 callstr 0x32ac8(257664,5500,0,0) buf=r0 = 0 "5500"
9.0288 callstr 0x32ac8(257664,6000,0,0) buf=r0 = 0 "6000"
9.0448 callstr 0x32ac8(257664,6500,0,0) buf=r0 = 0 "6500"
9.0768 callstr 0x32ac8(257664,7000,0,0) buf=r0 = 0 "7000"
9.0931 callstr 0x32ac8(257664,7500,0,0) buf=r0 = 0 "7500"
9.1247 callstr 0x32ac8(257664,8000,0,0) buf=r0 = 0 "8000"
9.1410 callstr 0x32ac8(257664,8500,0,0) buf=r0 = 0 "8500"
9.1588 callstr 0x32ac8(257664,9000,0,0) buf=r0 = 0 "9000"
9.1733 callstr 0x32ac8(257664,9500,0,0) buf=r0 = 0 "9500"
9.2050 callstr 0x32ac8(257664,9997,0,0) buf=r0 = 0 "9997"
9.2370 callstr 0x32ac8(257664,9998,0,0) buf=r0 = 0 "9998"
9.2533 callstr 0x32ac8(257664,9999,0,0) buf=r0 = 0 "9999"
9.2692 callstr 0x32ac8(257664,1,0,0) buf=r0 = 0 "1"
9.3010 callstr 0x32ac8(257664,2,0,0) buf=r0 = 0 "2"
9.3333 callstr 0x32ac8(257664,3,0,0) buf=r0 = 0 "3"
9.3490 callstr 0x32ac8(257664,4,0,0) buf=r0 = 0 "4"
9.3810 callstr 0x32ac8(257664,5,0,0) buf=r0 = 0 "5"
9.3970 callstr 0x32ac8(257664,6,0,0) buf=r0 = 0 "6"
9.4133 callstr 0x32ac8(257664,7,0,0) buf=r0 = 0 "7"
9.4450 callstr 0x32ac8(257664,8,0,0) buf=r0 = 0 "8"
9.4770 callstr 0x32ac8(257664,9,0,0) buf=r0 = 0 "9"
9.4933 callstr 0x32ac8(257664,10,0,0) buf=r0 = 0 "10"
9.5251 callstr 0x32ac8(257664,11,0,0) buf=r0 = 0 "11"
9.5410 callstr 0x32ac8(257664,12,0,0) buf=r0 = 0 "12"
9.5733 callstr 0x32ac8(257664,13,0,0) buf=r0 = 0 "13"
9.5890 callstr 0x32ac8(257664,14,0,0) buf=r0 = 0 "14"
9.6210 callstr 0x32ac8(257664,15,0,0) buf=r0 = 0 "15"
9.6533 callstr 0x32b14(257664,1,0,0) buf=r0 = 0 "1%"
9.6690 callstr 0x32b14(257664,2,0,0) buf=r0 = 0 "2%"
9.7010 callstr 0x32b14(257664,3,0,0) buf=r0 = 0 "3%"
9.7333 callstr 0x32b14(257664,4,0,0) buf=r0 = 0 "4%"
9.7490 callstr 0x32b14(257664,5,0,0) buf=r0 = 0 "5%"
9.7811 callstr 0x32b14(257664,6,0,0) buf=r0 = 0 "6%"
9.7970 callstr 0x32b14(257664,7,0,0) buf=r0 = 0 "7%"
9.8133 callstr 0x32b14(257664,8,0,0) buf=r0 = 0 "8%"
9.8450 callstr 0x32b14(257664,9,0,0) buf=r0 = 0 "9%"
9.8770 callstr 0x32b14(257664,10,0,0) buf=r0 = 0 "10%"
9.8933 callstr 0x32b14(257664,11,0,0) buf=r0 = 0 "11%"
9.9090 callstr 0x32b14(257664,12,0,0) buf=r0 = 0 "12%"
9.9410 callstr 0x32b14(257664,13,0,0) buf=r0 = 0 "13%"
9.9733 callstr 0x32b14(257664,14,0,0) buf=r0 = 0 "14%"
9.9890 callstr 0x32b14(257664,15,0,0) buf=r0 = 0 "15%"
10.0052 callstr 0x32b14(257664,16,0,0) buf=r0 = 0 "16%"
10.0210 callstr 0x32b14(257664,17,0,0) buf=r0 = 0 "17%"
10.0372 callstr 0x32b14(257664,18,0,0) buf=r0 = 0 "18%"
10.0533 callstr 0x32b14(257664,19,0,0) buf=r0 = 0 "19%"
10.0850 callstr 0x32b14(257664,20,0,0) buf=r0 = 0 "20%"
10.1170 callstr 0x32b14(257664,21,0,0) buf=r0 = 0 "21%"
10.1333 callstr 0x32b14(257664,22,0,0) buf=r0 = 0 "22%"
10.1650 callstr 0x32b14(257664,23,0,0) buf=r0 = 0 "23%"
10.1810 callstr 0x32b14(257664,24,0,0) buf=r0 = 0 "24%"
10.2133 callstr 0x32b14(257664,25,0,0) buf=r0 = 0 "25%"
10.2290 callstr 0x32b14(257664,26,0,0) buf=r0 = 0 "26%"
10.2610 callstr 0x32b14(257664,27,0,0) buf=r0 = 0 "27%"
10.2933 callstr 0x32b14(257664,28,0,0) buf=r0 = 0 "28%"
10.3090 callstr 0x32b14(257664,29,0,0) buf=r0 = 0 "29%"
10.3410 callstr 0x32b14(257664,30,0,0) buf=r0 = 0 "30%"
10.3733 callstr 0x32b14(257664,31,0,0) buf=r0 = 0 "31%"
10.3890 callstr 0x32b14(257664,32,0,0) buf=r0 = 0 "32%"
10.4210 callstr 0x32b14(257664,33,0,0) buf=r0 = 0 "33%"
10.4370 callstr 0x32b14(257664,34,0,0) buf=r0 = 0 "34%"
10.4534 callstr 0x32b14(257664,35,0,0) buf=r0 = 0 "35%"
10.4850 callstr 0x32b14(257664,36,0,0) buf=r0 = 0 "36%"
10.5170 callstr 0x32b14(257664,37,0,0) buf=r0 = 0 "37%"
10.5333 callstr 0x32b14(257664,38,0,0) buf=r0 = 0 "38%"
10.5491 callstr 0x32b14(257664,39,0,0) buf=r0 = 0 "39%"
10.5650 callstr 0x32b14(257664,40,0,0) buf=r0 = 0 "40%"
10.5970 callstr 0x32b14(257664,41,0,0) buf=r0 = 0 "41%"
10.6134 callstr 0x32b14(257664,42,0,0) buf=r0 = 0 "42%"
10.6450 callstr 0x32b14(257664,43,0,0) buf=r0 = 0 "43%"
10.6770 callstr 0x32b14(257664,44,0,0) buf=r0 = 0 "44%"
10.6933 callstr 0x32b14(257664,45,0,0) buf=r0 = 0 "45%"
10.7090 callstr 0x32b14(257664,46,0,0) buf=r0 = 0 "46%"
10.7410 callstr 0x32b14(257664,47,0,0) buf=r0 = 0 "47%"
10.7733 callstr 0x32b14(257664,48,0,0) buf=r0 = 0 "48%"
10.7890 callstr 0x32b14(257664,49,0,0) buf=r0 = 0 "49%"
10.8052 callstr 0x32b14(257664,50,0,0) buf=r0 = 0 "50%"
10.8370 callstr 0x32ac8(257664,1,0,0) buf=r0 = 0 "1"
10.8534 callstr 0x32ac8(257664,2,0,0) buf=r0 = 0 "2"
10.8850 callstr 0x32ac8(257664,3,0,0) buf=r0 = 0 "3"
10.9170 callstr 0x32ac8(257664,4,0,0) buf=r0 = 0 "4"
10.9333 callstr 0x2e13c(257664,5000000,0,0) buf=r0 = 0 "5,000,000"
10.9490 callstr 0x2e13c(257664,6000000,0,0) buf=r0 = 0 "6,000,000"
10.9810 callstr 0x2e13c(257664,7000000,0,0) buf=r0 = 0 "7,000,000"
10.9972 callstr 0x2e13c(257664,8000000,0,0) buf=r0 = 0 "8,000,000"
11.0133 callstr 0x2e13c(257664,9000000,0,0) buf=r0 = 0 "9,000,000"
11.0290 callstr 0x2e13c(257664,10000000,0,0) buf=r0 = 0 "10,000,000"
11.0612 callstr 0x2e13c(257664,11000000,0,0) buf=r0 = 0 "11,000,000"
11.0770 callstr 0x2e13c(257664,12000000,0,0) buf=r0 = 0 "12,000,000"
11.0934 callstr 0x2e13c(257664,13000000,0,0) buf=r0 = 0 "13,000,000"
11.1250 callstr 0x2e13c(257664,14000000,0,0) buf=r0 = 0 "14,000,000"
11.1572 callstr 0x2e13c(257664,15000000,0,0) buf=r0 = 0 "15,000,000"
11.1753 callstr 0x2e13c(257664,16000000,0,0) buf=r0 = 0 "16,000,000"
11.1893 callstr 0x2e13c(257664,17000000,0,0) buf=r0 = 0 "17,000,000"
11.2053 callstr 0x2e13c(257664,18000000,0,0) buf=r0 = 0 "18,000,000"
11.2373 callstr 0x2e13c(257664,19000000,0,0) buf=r0 = 0 "19,000,000"
11.2536 callstr 0x2e13c(257664,20000000,0,0) buf=r0 = 0 "20,000,000"
11.2853 callstr 0x2e13c(257664,21000000,0,0) buf=r0 = 0 "21,000,000"
11.3174 callstr 0x2e13c(257664,22000000,0,0) buf=r0 = 0 "22,000,000"
11.3335 callstr 0x2e13c(257664,23000000,0,0) buf=r0 = 0 "23,000,000"
11.3493 callstr 0x2e13c(257664,24000000,0,0) buf=r0 = 0 "24,000,000"
11.3813 callstr 0x2e13c(257664,25000000,0,0) buf=r0 = 0 "25,000,000"
11.4136 callstr 0x2e13c(257664,26000000,0,0) buf=r0 = 0 "26,000,000"
11.4293 callstr 0x2e13c(257664,27000000,0,0) buf=r0 = 0 "27,000,000"
11.4453 callstr 0x2e13c(257664,28000000,0,0) buf=r0 = 0 "28,000,000"
11.4773 callstr 0x2e13c(257664,29000000,0,0) buf=r0 = 0 "29,000,000"
11.4936 callstr 0x2e13c(257664,30000000,0,0) buf=r0 = 0 "30,000,000"
11.5093 callstr 0x2e13c(257664,31000000,0,0) buf=r0 = 0 "31,000,000"
11.5413 callstr 0x2e13c(257664,32000000,0,0) buf=r0 = 0 "32,000,000"
11.5736 callstr 0x2e13c(257664,33000000,0,0) buf=r0 = 0 "33,000,000"
11.5893 callstr 0x2e13c(257664,34000000,0,0) buf=r0 = 0 "34,000,000"
11.6213 callstr 0x2e13c(257664,35000000,0,0) buf=r0 = 0 "35,000,000"
11.6535 callstr 0x2e13c(257664,36000000,0,0) buf=r0 = 0 "36,000,000"
11.6693 callstr 0x2e13c(257664,37000000,0,0) buf=r0 = 0 "37,000,000"
11.7013 callstr 0x2e13c(257664,38000000,0,0) buf=r0 = 0 "38,000,000"
11.7173 callstr 0x2e13c(257664,39000000,0,0) buf=r0 = 0 "39,000,000"
11.7336 callstr 0x2e13c(257664,40000000,0,0) buf=r0 = 0 "40,000,000"
11.7653 callstr 0x2e13c(257664,41000000,0,0) buf=r0 = 0 "41,000,000"
11.7973 callstr 0x2e13c(257664,42000000,0,0) buf=r0 = 0 "42,000,000"
11.8136 callstr 0x2e13c(257664,43000000,0,0) buf=r0 = 0 "43,000,000"
11.8295 callstr 0x2e13c(257664,44000000,0,0) buf=r0 = 0 "44,000,000"
11.8613 callstr 0x2e13c(257664,45000000,0,0) buf=r0 = 0 "45,000,000"
11.8936 callstr 0x2e13c(257664,46000000,0,0) buf=r0 = 0 "46,000,000"
11.9093 callstr 0x2e13c(257664,47000000,0,0) buf=r0 = 0 "47,000,000"
11.9413 callstr 0x2e13c(257664,48000000,0,0) buf=r0 = 0 "48,000,000"
11.9573 callstr 0x2e13c(257664,49000000,0,0) buf=r0 = 0 "49,000,000"
11.9736 callstr 0x2e13c(257664,50000000,0,0) buf=r0 = 0 "50,000,000"
11.9894 callstr 0x2e13c(257664,51000000,0,0) buf=r0 = 0 "51,000,000"
12.0053 callstr 0x2e13c(257664,52000000,0,0) buf=r0 = 0 "52,000,000"
12.0373 callstr 0x2e13c(257664,53000000,0,0) buf=r0 = 0 "53,000,000"
12.0536 callstr 0x2e13c(257664,54000000,0,0) buf=r0 = 0 "54,000,000"
12.0854 callstr 0x2e13c(257664,55000000,0,0) buf=r0 = 0 "55,000,000"
12.1013 callstr 0x2e13c(257664,56000000,0,0) buf=r0 = 0 "56,000,000"
12.1335 callstr 0x2e13c(257664,57000000,0,0) buf=r0 = 0 "57,000,000"
12.1493 callstr 0x2e13c(257664,58000000,0,0) buf=r0 = 0 "58,000,000"
12.1813 callstr 0x2e13c(257664,59000000,0,0) buf=r0 = 0 "59,000,000"
12.2136 callstr 0x2e13c(257664,60000000,0,0) buf=r0 = 0 "60,000,000"
12.2293 callstr 0x2e13c(257664,61000000,0,0) buf=r0 = 0 "61,000,000"
12.2613 callstr 0x2e13c(257664,62000000,0,0) buf=r0 = 0 "62,000,000"
12.2935 callstr 0x2e13c(257664,63000000,0,0) buf=r0 = 0 "63,000,000"
12.3093 callstr 0x2e13c(257664,64000000,0,0) buf=r0 = 0 "64,000,000"
12.3414 callstr 0x2e13c(257664,65000000,0,0) buf=r0 = 0 "65,000,000"
12.3573 callstr 0x2e13c(257664,66000000,0,0) buf=r0 = 0 "66,000,000"
12.3736 callstr 0x2e13c(257664,67000000,0,0) buf=r0 = 0 "67,000,000"
12.4053 callstr 0x2e13c(257664,68000000,0,0) buf=r0 = 0 "68,000,000"
12.4373 callstr 0x2e13c(257664,69000000,0,0) buf=r0 = 0 "69,000,000"
12.4536 callstr 0x2e13c(257664,70000000,0,0) buf=r0 = 0 "70,000,000"
12.4694 callstr 0x2e13c(257664,71000000,0,0) buf=r0 = 0 "71,000,000"
12.5012 callstr 0x2e13c(257664,72000000,0,0) buf=r0 = 0 "72,000,000"
12.5173 callstr 0x2e13c(257664,73000000,0,0) buf=r0 = 0 "73,000,000"
12.5336 callstr 0x2e13c(257664,74000000,0,0) buf=r0 = 0 "74,000,000"
12.5653 callstr 0x2e13c(257664,75000000,0,0) buf=r0 = 0 "75,000,000"
12.5974 callstr 0x2e13c(257664,76000000,0,0) buf=r0 = 0 "76,000,000"
12.6135 callstr 0x2e13c(257664,77000000,0,0) buf=r0 = 0 "77,000,000"
12.6293 callstr 0x2e13c(257664,78000000,0,0) buf=r0 = 0 "78,000,000"
12.6613 callstr 0x2e13c(257664,79000000,0,0) buf=r0 = 0 "79,000,000"
12.6936 callstr 0x2e13c(257664,80000000,0,0) buf=r0 = 0 "80,000,000"
12.7093 callstr 0x2e13c(257664,81000000,0,0) buf=r0 = 0 "81,000,000"
12.7254 callstr 0x2e13c(257664,82000000,0,0) buf=r0 = 0 "82,000,000"
12.7573 callstr 0x2e13c(257664,83000000,0,0) buf=r0 = 0 "83,000,000"
12.7736 callstr 0x2e13c(257664,84000000,0,0) buf=r0 = 0 "84,000,000"
12.8053 callstr 0x2e13c(257664,85000000,0,0) buf=r0 = 0 "85,000,000"
12.8373 callstr 0x2e13c(257664,86000000,0,0) buf=r0 = 0 "86,000,000"
12.8537 callstr 0x2e13c(257664,87000000,0,0) buf=r0 = 0 "87,000,000"
12.8693 callstr 0x2e13c(257664,88000000,0,0) buf=r0 = 0 "88,000,000"
12.9013 callstr 0x2e13c(257664,89000000,0,0) buf=r0 = 0 "89,000,000"
12.9335 callstr 0x2e13c(257664,90000000,0,0) buf=r0 = 0 "90,000,000"
12.9493 callstr 0x2e13c(257664,91000000,0,0) buf=r0 = 0 "91,000,000"
12.9814 callstr 0x2e13c(257664,92000000,0,0) buf=r0 = 0 "92,000,000"
12.9972 callstr 0x2e13c(257664,93000000,0,0) buf=r0 = 0 "93,000,000"
13.0135 callstr 0x2e13c(257664,94000000,0,0) buf=r0 = 0 "94,000,000"
13.0293 callstr 0x2e13c(257664,95000000,0,0) buf=r0 = 0 "95,000,000"
13.0613 callstr 0x2e13c(257664,96000000,0,0) buf=r0 = 0 "96,000,000"
13.0935 callstr 0x2e13c(257664,97000000,0,0) buf=r0 = 0 "97,000,000"
13.1094 callstr 0x2e13c(257664,98000000,0,0) buf=r0 = 0 "98,000,000"
13.1253 callstr 0x2e13c(257664,99000000,0,0) buf=r0 = 0 "99,000,000"
13.1573 callstr 0x2e13c(257664,100000000,0,0) buf=r0 = 0 "100,000,000"
13.1739 callstr 0x2e13c(257664,101000000,0,0) buf=r0 = 0 "101,000,000"
13.1913 callstr 0x2e13c(257664,102000000,0,0) buf=r0 = 0 "102,000,000"
13.2215 callstr 0x2e13c(257664,103000000,0,0) buf=r0 = 0 "103,000,000"
13.2376 callstr 0x2e13c(257664,104000000,0,0) buf=r0 = 0 "104,000,000"
13.2539 callstr 0x2e13c(257664,105000000,0,0) buf=r0 = 0 "105,000,000"
13.2855 callstr 0x2e13c(257664,106000000,0,0) buf=r0 = 0 "106,000,000"
13.3175 callstr 0x2e13c(257664,107000000,0,0) buf=r0 = 0 "107,000,000"
13.3339 callstr 0x2e13c(257664,108000000,0,0) buf=r0 = 0 "108,000,000"
13.3657 callstr 0x2e13c(257664,109000000,0,0) buf=r0 = 0 "109,000,000"
13.3815 callstr 0x2e13c(257664,110000000,0,0) buf=r0 = 0 "110,000,000"
13.4138 callstr 0x2e13c(257664,111000000,0,0) buf=r0 = 0 "111,000,000"
13.4295 callstr 0x2e13c(257664,112000000,0,0) buf=r0 = 0 "112,000,000"
13.4615 callstr 0x2e13c(257664,113000000,0,0) buf=r0 = 0 "113,000,000"
13.4938 callstr 0x2e13c(257664,114000000,0,0) buf=r0 = 0 "114,000,000"
13.5095 callstr 0x2e13c(257664,115000000,0,0) buf=r0 = 0 "115,000,000"
13.5415 callstr 0x2e13c(257664,116000000,0,0) buf=r0 = 0 "116,000,000"
13.5738 callstr 0x2e13c(257664,117000000,0,0) buf=r0 = 0 "117,000,000"
13.5895 callstr 0x2e13c(257664,118000000,0,0) buf=r0 = 0 "118,000,000"
13.6216 callstr 0x2e13c(257664,119000000,0,0) buf=r0 = 0 "119,000,000"
13.6375 callstr 0x2e13c(257664,120000000,0,0) buf=r0 = 0 "120,000,000"
13.6539 callstr 0x2e13c(257664,121000000,0,0) buf=r0 = 0 "121,000,000"
13.6855 callstr 0x2e13c(257664,122000000,0,0) buf=r0 = 0 "122,000,000"
13.7175 callstr 0x2e13c(257664,123000000,0,0) buf=r0 = 0 "123,000,000"
13.7339 callstr 0x2e13c(257664,124000000,0,0) buf=r0 = 0 "124,000,000"
13.7496 callstr 0x2e13c(257664,125000000,0,0) buf=r0 = 0 "125,000,000"
13.7815 callstr 0x2e13c(257664,126000000,0,0) buf=r0 = 0 "126,000,000"
13.8138 callstr 0x2e13c(257664,127000000,0,0) buf=r0 = 0 "127,000,000"
13.8295 callstr 0x2e13c(257664,128000000,0,0) buf=r0 = 0 "128,000,000"
13.8615 callstr 0x2e13c(257664,129000000,0,0) buf=r0 = 0 "129,000,000"
13.8777 callstr 0x2e13c(257664,130000000,0,0) buf=r0 = 0 "130,000,000"
13.8939 callstr 0x2e13c(257664,131000000,0,0) buf=r0 = 0 "131,000,000"
13.9255 callstr 0x2e13c(257664,132000000,0,0) buf=r0 = 0 "132,000,000"
13.9575 callstr 0x2e13c(257664,133000000,0,0) buf=r0 = 0 "133,000,000"
13.9740 callstr 0x2e13c(257664,134000000,0,0) buf=r0 = 0 "134,000,000"
13.9895 callstr 0x2e13c(257664,135000000,0,0) buf=r0 = 0 "135,000,000"
14.0055 callstr 0x2e13c(257664,136000000,0,0) buf=r0 = 0 "136,000,000"
14.0215 callstr 0x2e13c(257664,137000000,0,0) buf=r0 = 0 "137,000,000"
14.0538 callstr 0x2e13c(257664,138000000,0,0) buf=r0 = 0 "138,000,000"
14.0695 callstr 0x2e13c(257664,139000000,0,0) buf=r0 = 0 "139,000,000"
14.1015 callstr 0x2e13c(257664,140000000,0,0) buf=r0 = 0 "140,000,000"
14.1338 callstr 0x2e13c(257664,141000000,0,0) buf=r0 = 0 "141,000,000"
14.1495 callstr 0x2e13c(257664,142000000,0,0) buf=r0 = 0 "142,000,000"
14.1815 callstr 0x2e13c(257664,143000000,0,0) buf=r0 = 0 "143,000,000"
14.2139 callstr 0x2e13c(257664,144000000,0,0) buf=r0 = 0 "144,000,000"
14.2295 callstr 0x2e13c(257664,145000000,0,0) buf=r0 = 0 "145,000,000"
14.2615 callstr 0x2e13c(257664,146000000,0,0) buf=r0 = 0 "146,000,000"
14.2775 callstr 0x2e13c(257664,147000000,0,0) buf=r0 = 0 "147,000,000"
14.2939 callstr 0x2e13c(257664,148000000,0,0) buf=r0 = 0 "148,000,000"
14.3255 callstr 0x2e13c(257664,149000000,0,0) buf=r0 = 0 "149,000,000"
14.3575 callstr 0x2e13c(257664,150000000,0,0) buf=r0 = 0 "150,000,000"
14.3739 callstr 0x2e13c(257664,5000000,0,0) buf=r0 = 0 "5,000,000"
14.3897 callstr 0x2e13c(257664,6000000,0,0) buf=r0 = 0 "6,000,000"
14.4215 callstr 0x2e13c(257664,7000000,0,0) buf=r0 = 0 "7,000,000"
14.4538 callstr 0x2e13c(257664,8000000,0,0) buf=r0 = 0 "8,000,000"
14.4696 callstr 0x2e13c(257664,9000000,0,0) buf=r0 = 0 "9,000,000"
14.4856 callstr 0x2e13c(257664,10000000,0,0) buf=r0 = 0 "10,000,000"
14.5175 callstr 0x2e13c(257664,11000000,0,0) buf=r0 = 0 "11,000,000"
14.5338 callstr 0x2e13c(257664,12000000,0,0) buf=r0 = 0 "12,000,000"
14.5495 callstr 0x2e13c(257664,13000000,0,0) buf=r0 = 0 "13,000,000"
14.5815 callstr 0x2e13c(257664,14000000,0,0) buf=r0 = 0 "14,000,000"
14.6138 callstr 0x2e13c(257664,15000000,0,0) buf=r0 = 0 "15,000,000"
14.6295 callstr 0x2e13c(257664,16000000,0,0) buf=r0 = 0 "16,000,000"
14.6457 callstr 0x2e13c(257664,17000000,0,0) buf=r0 = 0 "17,000,000"
14.6775 callstr 0x2e13c(257664,18000000,0,0) buf=r0 = 0 "18,000,000"
14.6939 callstr 0x2e13c(257664,19000000,0,0) buf=r0 = 0 "19,000,000"
14.7255 callstr 0x2e13c(257664,20000000,0,0) buf=r0 = 0 "20,000,000"
14.7575 callstr 0x2e13c(257664,21000000,0,0) buf=r0 = 0 "21,000,000"
14.7739 callstr 0x2e13c(257664,22000000,0,0) buf=r0 = 0 "22,000,000"
14.7895 callstr 0x2e13c(257664,23000000,0,0) buf=r0 = 0 "23,000,000"
14.8215 callstr 0x2e13c(257664,24000000,0,0) buf=r0 = 0 "24,000,000"
14.8539 callstr 0x2e13c(257664,25000000,0,0) buf=r0 = 0 "25,000,000"
14.8695 callstr 0x2e13c(257664,26000000,0,0) buf=r0 = 0 "26,000,000"
14.9017 callstr 0x2e13c(257664,27000000,0,0) buf=r0 = 0 "27,000,000"
14.9175 callstr 0x2e13c(257664,28000000,0,0) buf=r0 = 0 "28,000,000"
14.9339 callstr 0x2e13c(257664,29000000,0,0) buf=r0 = 0 "29,000,000"
14.9657 callstr 0x2e13c(257664,30000000,0,0) buf=r0 = 0 "30,000,000"
14.9815 callstr 0x2e13c(257664,31000000,0,0) buf=r0 = 0 "31,000,000"
14.9975 callstr 0x2e13c(257664,32000000,0,0) buf=r0 = 0 "32,000,000"
15.0138 callstr 0x2e13c(257664,33000000,0,0) buf=r0 = 0 "33,000,000"
15.0296 callstr 0x2e13c(257664,34000000,0,0) buf=r0 = 0 "34,000,000"
15.0615 callstr 0x2e13c(257664,35000000,0,0) buf=r0 = 0 "35,000,000"
15.0938 callstr 0x2e13c(257664,36000000,0,0) buf=r0 = 0 "36,000,000"
15.1095 callstr 0x2e13c(257664,37000000,0,0) buf=r0 = 0 "37,000,000"
15.1415 callstr 0x2e13c(257664,38000000,0,0) buf=r0 = 0 "38,000,000"
15.1577 callstr 0x2e13c(257664,39000000,0,0) buf=r0 = 0 "39,000,000"
15.1739 callstr 0x2e13c(257664,40000000,0,0) buf=r0 = 0 "40,000,000"
15.2075 callstr 0x2e13c(257664,41000000,0,0) buf=r0 = 0 "41,000,000"
15.2218 callstr 0x2e13c(257664,42000000,0,0) buf=r0 = 0 "42,000,000"
15.2540 callstr 0x2e13c(257664,43000000,0,0) buf=r0 = 0 "43,000,000"
15.2698 callstr 0x2e13c(257664,44000000,0,0) buf=r0 = 0 "44,000,000"
15.2858 callstr 0x2e13c(257664,45000000,0,0) buf=r0 = 0 "45,000,000"
15.3178 callstr 0x2e13c(257664,46000000,0,0) buf=r0 = 0 "46,000,000"
15.3341 callstr 0x2e13c(257664,47000000,0,0) buf=r0 = 0 "47,000,000"
15.3657 callstr 0x2e13c(257664,48000000,0,0) buf=r0 = 0 "48,000,000"
15.3978 callstr 0x2e13c(257664,49000000,0,0) buf=r0 = 0 "49,000,000"
15.4142 callstr 0x2e13c(257664,50000000,0,0) buf=r0 = 0 "50,000,000"
15.4298 callstr 0x2e13c(257664,51000000,0,0) buf=r0 = 0 "51,000,000"
15.4618 callstr 0x2e13c(257664,52000000,0,0) buf=r0 = 0 "52,000,000"
15.4778 callstr 0x2e13c(257664,53000000,0,0) buf=r0 = 0 "53,000,000"
15.4941 callstr 0x2e13c(257664,54000000,0,0) buf=r0 = 0 "54,000,000"
15.5258 callstr 0x2e13c(257664,55000000,0,0) buf=r0 = 0 "55,000,000"
15.5418 callstr 0x2e13c(257664,56000000,0,0) buf=r0 = 0 "56,000,000"
15.5740 callstr 0x2e13c(257664,57000000,0,0) buf=r0 = 0 "57,000,000"
15.5898 callstr 0x2e13c(257664,58000000,0,0) buf=r0 = 0 "58,000,000"
15.6217 callstr 0x2e13c(257664,59000000,0,0) buf=r0 = 0 "59,000,000"
15.6540 callstr 0x2e13c(257664,60000000,0,0) buf=r0 = 0 "60,000,000"
15.6699 callstr 0x2e13c(257664,61000000,0,0) buf=r0 = 0 "61,000,000"
15.6858 callstr 0x2e13c(257664,62000000,0,0) buf=r0 = 0 "62,000,000"
15.7178 callstr 0x2e13c(257664,63000000,0,0) buf=r0 = 0 "63,000,000"
15.7341 callstr 0x2e13c(257664,64000000,0,0) buf=r0 = 0 "64,000,000"
15.7658 callstr 0x2e13c(257664,65000000,0,0) buf=r0 = 0 "65,000,000"
15.7978 callstr 0x2e13c(257664,66000000,0,0) buf=r0 = 0 "66,000,000"
15.8140 callstr 0x2e13c(257664,67000000,0,0) buf=r0 = 0 "67,000,000"
15.8298 callstr 0x2e13c(257664,68000000,0,0) buf=r0 = 0 "68,000,000"
15.8618 callstr 0x2e13c(257664,69000000,0,0) buf=r0 = 0 "69,000,000"
15.8940 callstr 0x2e13c(257664,70000000,0,0) buf=r0 = 0 "70,000,000"
15.9098 callstr 0x2e13c(257664,71000000,0,0) buf=r0 = 0 "71,000,000"
15.9259 callstr 0x2e13c(257664,72000000,0,0) buf=r0 = 0 "72,000,000"
15.9579 callstr 0x2e13c(257664,73000000,0,0) buf=r0 = 0 "73,000,000"
15.9740 callstr 0x2e13c(257664,74000000,0,0) buf=r0 = 0 "74,000,000"
15.9897 callstr 0x2e13c(257664,75000000,0,0) buf=r0 = 0 "75,000,000"
16.0218 callstr 0x2e13c(257664,76000000,0,0) buf=r0 = 0 "76,000,000"
16.0540 callstr 0x2e13c(257664,77000000,0,0) buf=r0 = 0 "77,000,000"
16.0698 callstr 0x2e13c(257664,78000000,0,0) buf=r0 = 0 "78,000,000"
16.1018 callstr 0x2e13c(257664,79000000,0,0) buf=r0 = 0 "79,000,000"
16.1340 callstr 0x2e13c(257664,80000000,0,0) buf=r0 = 0 "80,000,000"
16.1498 callstr 0x2e13c(257664,81000000,0,0) buf=r0 = 0 "81,000,000"
16.1819 callstr 0x2e13c(257664,82000000,0,0) buf=r0 = 0 "82,000,000"
16.1978 callstr 0x2e13c(257664,83000000,0,0) buf=r0 = 0 "83,000,000"
16.2141 callstr 0x2e13c(257664,84000000,0,0) buf=r0 = 0 "84,000,000"
16.2457 callstr 0x2e13c(257664,85000000,0,0) buf=r0 = 0 "85,000,000"
16.2778 callstr 0x2e13c(257664,86000000,0,0) buf=r0 = 0 "86,000,000"
16.2941 callstr 0x2e13c(257664,87000000,0,0) buf=r0 = 0 "87,000,000"
16.3098 callstr 0x2e13c(257664,88000000,0,0) buf=r0 = 0 "88,000,000"
16.3418 callstr 0x2e13c(257664,89000000,0,0) buf=r0 = 0 "89,000,000"
16.3740 callstr 0x2e13c(257664,90000000,0,0) buf=r0 = 0 "90,000,000"
16.3898 callstr 0x2e13c(257664,91000000,0,0) buf=r0 = 0 "91,000,000"
16.4218 callstr 0x2e13c(257664,92000000,0,0) buf=r0 = 0 "92,000,000"
16.4379 callstr 0x2e13c(257664,93000000,0,0) buf=r0 = 0 "93,000,000"
16.4541 callstr 0x2e13c(257664,94000000,0,0) buf=r0 = 0 "94,000,000"
16.4698 callstr 0x2e13c(257664,95000000,0,0) buf=r0 = 0 "95,000,000"
16.5017 callstr 0x2e13c(257664,96000000,0,0) buf=r0 = 0 "96,000,000"
16.5340 callstr 0x2e13c(257664,97000000,0,0) buf=r0 = 0 "97,000,000"
16.5498 callstr 0x2e13c(257664,98000000,0,0) buf=r0 = 0 "98,000,000"
16.5658 callstr 0x2e13c(257664,99000000,0,0) buf=r0 = 0 "99,000,000"
16.5978 callstr 0x2e13c(257664,100000000,0,0) buf=r0 = 0 "100,000,000"
16.6141 callstr 0x2e13c(257664,101000000,0,0) buf=r0 = 0 "101,000,000"
16.6458 callstr 0x2e13c(257664,102000000,0,0) buf=r0 = 0 "102,000,000"
16.6778 callstr 0x2e13c(257664,103000000,0,0) buf=r0 = 0 "103,000,000"
16.6942 callstr 0x2e13c(257664,104000000,0,0) buf=r0 = 0 "104,000,000"
16.7098 callstr 0x2e13c(257664,105000000,0,0) buf=r0 = 0 "105,000,000"
16.7417 callstr 0x2e13c(257664,106000000,0,0) buf=r0 = 0 "106,000,000"
16.7740 callstr 0x2e13c(257664,107000000,0,0) buf=r0 = 0 "107,000,000"
16.7898 callstr 0x2e13c(257664,108000000,0,0) buf=r0 = 0 "108,000,000"
16.8218 callstr 0x2e13c(257664,109000000,0,0) buf=r0 = 0 "109,000,000"
16.8378 callstr 0x2e13c(257664,110000000,0,0) buf=r0 = 0 "110,000,000"
16.8541 callstr 0x2e13c(257664,111000000,0,0) buf=r0 = 0 "111,000,000"
16.8858 callstr 0x2e13c(257664,112000000,0,0) buf=r0 = 0 "112,000,000"
16.9178 callstr 0x2e13c(257664,113000000,0,0) buf=r0 = 0 "113,000,000"
16.9341 callstr 0x2e13c(257664,114000000,0,0) buf=r0 = 0 "114,000,000"
16.9500 callstr 0x2e13c(257664,115000000,0,0) buf=r0 = 0 "115,000,000"
16.9658 callstr 0x2e13c(257664,116000000,0,0) buf=r0 = 0 "116,000,000"
16.9818 callstr 0x2e13c(257664,117000000,0,0) buf=r0 = 0 "117,000,000"
17.0140 callstr 0x2e13c(257664,118000000,0,0) buf=r0 = 0 "118,000,000"
17.0298 callstr 0x2e13c(257664,119000000,0,0) buf=r0 = 0 "119,000,000"
17.0618 callstr 0x2e13c(257664,120000000,0,0) buf=r0 = 0 "120,000,000"
17.0778 callstr 0x2e13c(257664,121000000,0,0) buf=r0 = 0 "121,000,000"
17.0941 callstr 0x2e13c(257664,122000000,0,0) buf=r0 = 0 "122,000,000"
17.1257 callstr 0x2e13c(257664,123000000,0,0) buf=r0 = 0 "123,000,000"
17.1578 callstr 0x2e13c(257664,124000000,0,0) buf=r0 = 0 "124,000,000"
17.1741 callstr 0x2e13c(257664,125000000,0,0) buf=r0 = 0 "125,000,000"
17.2059 callstr 0x2e13c(257664,126000000,0,0) buf=r0 = 0 "126,000,000"
17.2237 callstr 0x2e13c(257664,127000000,0,0) buf=r0 = 0 "127,000,000"
17.2380 callstr 0x2e13c(257664,128000000,0,0) buf=r0 = 0 "128,000,000"
17.2544 callstr 0x2e13c(257664,129000000,0,0) buf=r0 = 0 "129,000,000"
17.2860 callstr 0x2e13c(257664,130000000,0,0) buf=r0 = 0 "130,000,000"
17.3180 callstr 0x2e13c(257664,131000000,0,0) buf=r0 = 0 "131,000,000"
17.3344 callstr 0x2e13c(257664,132000000,0,0) buf=r0 = 0 "132,000,000"
17.3500 callstr 0x2e13c(257664,133000000,0,0) buf=r0 = 0 "133,000,000"
17.3820 callstr 0x2e13c(257664,134000000,0,0) buf=r0 = 0 "134,000,000"
17.4143 callstr 0x2e13c(257664,135000000,0,0) buf=r0 = 0 "135,000,000"
17.4300 callstr 0x2e13c(257664,136000000,0,0) buf=r0 = 0 "136,000,000"
17.4622 callstr 0x2e13c(257664,137000000,0,0) buf=r0 = 0 "137,000,000"
17.4780 callstr 0x2e13c(257664,138000000,0,0) buf=r0 = 0 "138,000,000"
17.4943 callstr 0x2e13c(257664,139000000,0,0) buf=r0 = 0 "139,000,000"
17.5260 callstr 0x2e13c(257664,140000000,0,0) buf=r0 = 0 "140,000,000"
17.5580 callstr 0x2e13c(257664,141000000,0,0) buf=r0 = 0 "141,000,000"
17.5744 callstr 0x2e13c(257664,142000000,0,0) buf=r0 = 0 "142,000,000"
17.5901 callstr 0x2e13c(257664,143000000,0,0) buf=r0 = 0 "143,000,000"
17.6220 callstr 0x2e13c(257664,144000000,0,0) buf=r0 = 0 "144,000,000"
17.6543 callstr 0x2e13c(257664,145000000,0,0) buf=r0 = 0 "145,000,000"
17.6700 callstr 0x2e13c(257664,146000000,0,0) buf=r0 = 0 "146,000,000"
17.7020 callstr 0x2e13c(257664,147000000,0,0) buf=r0 = 0 "147,000,000"
17.7182 callstr 0x2e13c(257664,148000000,0,0) buf=r0 = 0 "148,000,000"
17.7344 callstr 0x2e13c(257664,149000000,0,0) buf=r0 = 0 "149,000,000"
17.7660 callstr 0x2e13c(257664,150000000,0,0) buf=r0 = 0 "150,000,000"
17.7980 callstr 0x2e13c(257664,5000000,0,0) buf=r0 = 0 "5,000,000"
17.8144 callstr 0x2e13c(257664,6000000,0,0) buf=r0 = 0 "6,000,000"
17.8460 callstr 0x2e13c(257664,7000000,0,0) buf=r0 = 0 "7,000,000"
17.8620 callstr 0x2e13c(257664,8000000,0,0) buf=r0 = 0 "8,000,000"
17.8943 callstr 0x2e13c(257664,9000000,0,0) buf=r0 = 0 "9,000,000"
17.9100 callstr 0x2e13c(257664,10000000,0,0) buf=r0 = 0 "10,000,000"
17.9422 callstr 0x2e13c(257664,11000000,0,0) buf=r0 = 0 "11,000,000"
17.9580 callstr 0x2e13c(257664,12000000,0,0) buf=r0 = 0 "12,000,000"
17.9743 callstr 0x2e13c(257664,13000000,0,0) buf=r0 = 0 "13,000,000"
17.9900 callstr 0x2e13c(257664,14000000,0,0) buf=r0 = 0 "14,000,000"
18.0220 callstr 0x2e13c(257664,15000000,0,0) buf=r0 = 0 "15,000,000"
18.0543 callstr 0x2e13c(257664,16000000,0,0) buf=r0 = 0 "16,000,000"
18.0700 callstr 0x2e13c(257664,17000000,0,0) buf=r0 = 0 "17,000,000"
18.1020 callstr 0x2e13c(257664,18000000,0,0) buf=r0 = 0 "18,000,000"
18.1180 callstr 0x2e13c(257664,19000000,0,0) buf=r0 = 0 "19,000,000"
18.1344 callstr 0x2e13c(257664,20000000,0,0) buf=r0 = 0 "20,000,000"
18.1660 callstr 0x2e13c(257664,21000000,0,0) buf=r0 = 0 "21,000,000"
18.1980 callstr 0x2e13c(257664,22000000,0,0) buf=r0 = 0 "22,000,000"
18.2144 callstr 0x2e13c(257664,23000000,0,0) buf=r0 = 0 "23,000,000"
18.2302 callstr 0x2e13c(257664,24000000,0,0) buf=r0 = 0 "24,000,000"
18.2620 callstr 0x2e13c(257664,25000000,0,0) buf=r0 = 0 "25,000,000"
18.2943 callstr 0x2e13c(257664,26000000,0,0) buf=r0 = 0 "26,000,000"
18.3100 callstr 0x2e13c(257664,27000000,0,0) buf=r0 = 0 "27,000,000"
18.3420 callstr 0x2e13c(257664,28000000,0,0) buf=r0 = 0 "28,000,000"
18.3581 callstr 0x2e13c(257664,29000000,0,0) buf=r0 = 0 "29,000,000"
18.3744 callstr 0x2e13c(257664,30000000,0,0) buf=r0 = 0 "30,000,000"
18.4060 callstr 0x2e13c(257664,31000000,0,0) buf=r0 = 0 "31,000,000"
18.4380 callstr 0x2e13c(257664,32000000,0,0) buf=r0 = 0 "32,000,000"
18.4544 callstr 0x2e13c(257664,33000000,0,0) buf=r0 = 0 "33,000,000"
18.4700 callstr 0x2e13c(257664,34000000,0,0) buf=r0 = 0 "34,000,000"
18.4862 callstr 0x2e13c(257664,35000000,0,0) buf=r0 = 0 "35,000,000"
18.5180 callstr 0x2e13c(257664,36000000,0,0) buf=r0 = 0 "36,000,000"
18.5344 callstr 0x2e13c(257664,37000000,0,0) buf=r0 = 0 "37,000,000"
18.5660 callstr 0x2e13c(257664,38000000,0,0) buf=r0 = 0 "38,000,000"
18.5980 callstr 0x2e13c(257664,39000000,0,0) buf=r0 = 0 "39,000,000"
18.6144 callstr 0x2e13c(257664,40000000,0,0) buf=r0 = 0 "40,000,000"
18.6300 callstr 0x2e13c(257664,41000000,0,0) buf=r0 = 0 "41,000,000"
18.6620 callstr 0x2e13c(257664,42000000,0,0) buf=r0 = 0 "42,000,000"
18.6943 callstr 0x2e13c(257664,43000000,0,0) buf=r0 = 0 "43,000,000"
18.7100 callstr 0x2e13c(257664,44000000,0,0) buf=r0 = 0 "44,000,000"
18.7421 callstr 0x2e13c(257664,45000000,0,0) buf=r0 = 0 "45,000,000"
18.7580 callstr 0x2e13c(257664,46000000,0,0) buf=r0 = 0 "46,000,000"
18.7744 callstr 0x2e13c(257664,47000000,0,0) buf=r0 = 0 "47,000,000"
18.8060 callstr 0x2e13c(257664,48000000,0,0) buf=r0 = 0 "48,000,000"
18.8380 callstr 0x2e13c(257664,49000000,0,0) buf=r0 = 0 "49,000,000"
18.8544 callstr 0x2e13c(257664,50000000,0,0) buf=r0 = 0 "50,000,000"
18.8701 callstr 0x2e13c(257664,51000000,0,0) buf=r0 = 0 "51,000,000"
18.9020 callstr 0x2e13c(257664,52000000,0,0) buf=r0 = 0 "52,000,000"
18.9345 callstr 0x2e13c(257664,53000000,0,0) buf=r0 = 0 "53,000,000"
18.9500 callstr 0x2e13c(257664,54000000,0,0) buf=r0 = 0 "54,000,000"
18.9660 callstr 0x2e13c(257664,55000000,0,0) buf=r0 = 0 "55,000,000"
18.9981 callstr 0x2e13c(257664,56000000,0,0) buf=r0 = 0 "56,000,000"
19.0143 callstr 0x2e13c(257664,57000000,0,0) buf=r0 = 0 "57,000,000"
19.0300 callstr 0x2e13c(257664,58000000,0,0) buf=r0 = 0 "58,000,000"
19.0620 callstr 0x2e13c(257664,59000000,0,0) buf=r0 = 0 "59,000,000"
19.0944 callstr 0x2e13c(257664,60000000,0,0) buf=r0 = 0 "60,000,000"
19.1100 callstr 0x2e13c(257664,61000000,0,0) buf=r0 = 0 "61,000,000"
19.1261 callstr 0x2e13c(257664,62000000,0,0) buf=r0 = 0 "62,000,000"
19.1580 callstr 0x2e13c(257664,63000000,0,0) buf=r0 = 0 "63,000,000"
19.1744 callstr 0x2e13c(257664,64000000,0,0) buf=r0 = 0 "64,000,000"
19.2060 callstr 0x2e13c(257664,65000000,0,0) buf=r0 = 0 "65,000,000"
19.2417 callstr 0x2e13c(257664,66000000,0,0) buf=r0 = 0 "66,000,000"
19.2546 callstr 0x2e13c(257664,67000000,0,0) buf=r0 = 0 "67,000,000"
19.2736 callstr 0x2e13c(257664,68000000,0,0) buf=r0 = 0 "68,000,000"
19.2865 callstr 0x2e13c(257664,69000000,0,0) buf=r0 = 0 "69,000,000"
19.3059 callstr 0x2e13c(257664,70000000,0,0) buf=r0 = 0 "70,000,000"
19.3382 callstr 0x2e13c(257664,71000000,0,0) buf=r0 = 0 "71,000,000"
19.3510 callstr 0x2e13c(257664,72000000,0,0) buf=r0 = 0 "72,000,000"
19.3705 callstr 0x2e13c(257664,73000000,0,0) buf=r0 = 0 "73,000,000"
19.3833 callstr 0x2e13c(257664,74000000,0,0) buf=r0 = 0 "74,000,000"
19.4028 callstr 0x2e13c(257664,75000000,0,0) buf=r0 = 0 "75,000,000"
19.4159 callstr 0x2e13c(257664,76000000,0,0) buf=r0 = 0 "76,000,000"
19.4351 callstr 0x2e13c(257664,77000000,0,0) buf=r0 = 0 "77,000,000"
19.4478 callstr 0x2e13c(257664,78000000,0,0) buf=r0 = 0 "78,000,000"
19.4673 callstr 0x2e13c(257664,79000000,0,0) buf=r0 = 0 "79,000,000"
19.4996 callstr 0x2e13c(257664,80000000,0,0) buf=r0 = 0 "80,000,000"
19.5124 callstr 0x2e13c(257664,81000000,0,0) buf=r0 = 0 "81,000,000"
19.5319 callstr 0x2e13c(257664,82000000,0,0) buf=r0 = 0 "82,000,000"
19.5445 callstr 0x2e13c(257664,83000000,0,0) buf=r0 = 0 "83,000,000"
19.5642 callstr 0x2e13c(257664,84000000,0,0) buf=r0 = 0 "84,000,000"
19.5771 callstr 0x2e13c(257664,85000000,0,0) buf=r0 = 0 "85,000,000"
19.5965 callstr 0x2e13c(257664,86000000,0,0) buf=r0 = 0 "86,000,000"
19.6287 callstr 0x2e13c(257664,87000000,0,0) buf=r0 = 0 "87,000,000"
19.6413 callstr 0x2e13c(257664,88000000,0,0) buf=r0 = 0 "88,000,000"
19.6610 callstr 0x2e13c(257664,89000000,0,0) buf=r0 = 0 "89,000,000"
19.6735 callstr 0x2e13c(257664,90000000,0,0) buf=r0 = 0 "90,000,000"
19.6934 callstr 0x2e13c(257664,91000000,0,0) buf=r0 = 0 "91,000,000"
19.7257 callstr 0x2e13c(257664,92000000,0,0) buf=r0 = 0 "92,000,000"
19.7383 callstr 0x2e13c(257664,93000000,0,0) buf=r0 = 0 "93,000,000"
19.7579 callstr 0x2e13c(257664,94000000,0,0) buf=r0 = 0 "94,000,000"
19.7704 callstr 0x2e13c(257664,95000000,0,0) buf=r0 = 0 "95,000,000"
19.7902 callstr 0x2e13c(257664,96000000,0,0) buf=r0 = 0 "96,000,000"
19.8025 callstr 0x2e13c(257664,97000000,0,0) buf=r0 = 0 "97,000,000"
19.8228 callstr 0x2e13c(257664,98000000,0,0) buf=r0 = 0 "98,000,000"
19.8348 callstr 0x2e13c(257664,99000000,0,0) buf=r0 = 0 "99,000,000"
19.8549 callstr 0x2e13c(257664,100000000,0,0) buf=r0 = 0 "100,000,000"
19.8871 callstr 0x2e13c(257664,101000000,0,0) buf=r0 = 0 "101,000,000"
19.8996 callstr 0x2e13c(257664,102000000,0,0) buf=r0 = 0 "102,000,000"
19.9194 callstr 0x2e13c(257664,103000000,0,0) buf=r0 = 0 "103,000,000"
19.9317 callstr 0x2e13c(257664,104000000,0,0) buf=r0 = 0 "104,000,000"
19.9517 callstr 0x2e13c(257664,105000000,0,0) buf=r0 = 0 "105,000,000"
19.9638 callstr 0x2e13c(257664,106000000,0,0) buf=r0 = 0 "106,000,000"
19.9842 callstr 0x2e13c(257664,107000000,0,0) buf=r0 = 0 "107,000,000"
19.9960 callstr 0x2e13c(257664,108000000,0,0) buf=r0 = 0 "108,000,000"
20.0163 callstr 0x2e13c(257664,109000000,0,0) buf=r0 = 0 "109,000,000"
20.0284 callstr 0x2e13c(257664,110000000,0,0) buf=r0 = 0 "110,000,000"
20.0486 callstr 0x2e13c(257664,111000000,0,0) buf=r0 = 0 "111,000,000"
20.0609 callstr 0x2e13c(257664,112000000,0,0) buf=r0 = 0 "112,000,000"
20.0809 callstr 0x2e13c(257664,113000000,0,0) buf=r0 = 0 "113,000,000"
20.1131 callstr 0x2e13c(257664,114000000,0,0) buf=r0 = 0 "114,000,000"
20.1250 callstr 0x2e13c(257664,115000000,0,0) buf=r0 = 0 "115,000,000"
20.1457 callstr 0x2e13c(257664,116000000,0,0) buf=r0 = 0 "116,000,000"
20.1573 callstr 0x2e13c(257664,117000000,0,0) buf=r0 = 0 "117,000,000"
20.1777 callstr 0x2e13c(257664,118000000,0,0) buf=r0 = 0 "118,000,000"
20.1895 callstr 0x2e13c(257664,119000000,0,0) buf=r0 = 0 "119,000,000"
20.2100 callstr 0x2e13c(257664,120000000,0,0) buf=r0 = 0 "120,000,000"
20.2221 callstr 0x2e13c(257664,121000000,0,0) buf=r0 = 0 "121,000,000"
20.2423 callstr 0x2e13c(257664,122000000,0,0) buf=r0 = 0 "122,000,000"
20.2745 callstr 0x2e13c(257664,123000000,0,0) buf=r0 = 0 "123,000,000"
20.2864 callstr 0x2e13c(257664,124000000,0,0) buf=r0 = 0 "124,000,000"
20.3068 callstr 0x2e13c(257664,125000000,0,0) buf=r0 = 0 "125,000,000"
20.3185 callstr 0x2e13c(257664,126000000,0,0) buf=r0 = 0 "126,000,000"
20.3391 callstr 0x2e13c(257664,127000000,0,0) buf=r0 = 0 "127,000,000"
20.3712 callstr 0x2e13c(257664,128000000,0,0) buf=r0 = 0 "128,000,000"
20.3833 callstr 0x2e13c(257664,129000000,0,0) buf=r0 = 0 "129,000,000"
20.4035 callstr 0x2e13c(257664,130000000,0,0) buf=r0 = 0 "130,000,000"
20.4153 callstr 0x2e13c(257664,131000000,0,0) buf=r0 = 0 "131,000,000"
20.4358 callstr 0x2e13c(257664,132000000,0,0) buf=r0 = 0 "132,000,000"
20.4475 callstr 0x2e13c(257664,133000000,0,0) buf=r0 = 0 "133,000,000"
20.4679 callstr 0x2e13c(257664,134000000,0,0) buf=r0 = 0 "134,000,000"
20.4798 callstr 0x2e13c(257664,135000000,0,0) buf=r0 = 0 "135,000,000"
20.5003 callstr 0x2e13c(257664,136000000,0,0) buf=r0 = 0 "136,000,000"
20.5325 callstr 0x2e13c(257664,137000000,0,0) buf=r0 = 0 "137,000,000"
20.5446 callstr 0x2e13c(257664,138000000,0,0) buf=r0 = 0 "138,000,000"
20.5648 callstr 0x2e13c(257664,139000000,0,0) buf=r0 = 0 "139,000,000"
20.5765 callstr 0x2e13c(257664,140000000,0,0) buf=r0 = 0 "140,000,000"
20.5971 callstr 0x2e13c(257664,141000000,0,0) buf=r0 = 0 "141,000,000"
20.6292 callstr 0x2e13c(257664,142000000,0,0) buf=r0 = 0 "142,000,000"
20.6410 callstr 0x2e13c(257664,143000000,0,0) buf=r0 = 0 "143,000,000"
20.6616 callstr 0x2e13c(257664,144000000,0,0) buf=r0 = 0 "144,000,000"
20.6733 callstr 0x2e13c(257664,145000000,0,0) buf=r0 = 0 "145,000,000"
20.6938 callstr 0x2e13c(257664,146000000,0,0) buf=r0 = 0 "146,000,000"
20.7059 callstr 0x2e13c(257664,147000000,0,0) buf=r0 = 0 "147,000,000"
20.7261 callstr 0x2e13c(257664,148000000,0,0) buf=r0 = 0 "148,000,000"
20.7583 callstr 0x2e13c(257664,149000000,0,0) buf=r0 = 0 "149,000,000"
20.7700 callstr 0x2e13c(257664,150000000,0,0) buf=r0 = 0 "150,000,000"
20.7909 callstr 0x2e13c(257664,5000000,0,0) buf=r0 = 0 "5,000,000"
20.8024 callstr 0x2e13c(257664,6000000,0,0) buf=r0 = 0 "6,000,000"
20.8228 callstr 0x2e13c(257664,7000000,0,0) buf=r0 = 0 "7,000,000"
20.8345 callstr 0x2e13c(257664,8000000,0,0) buf=r0 = 0 "8,000,000"
20.8551 callstr 0x2e13c(257664,9000000,0,0) buf=r0 = 0 "9,000,000"
20.8671 callstr 0x2e13c(257664,19000000,0,0) buf=r0 = 0 "19,000,000"
20.8873 callstr 0x2e13c(257664,30000000,0,0) buf=r0 = 0 "30,000,000"
20.9195 callstr 0x2e13c(257664,33000000,0,0) buf=r0 = 0 "33,000,000"
20.9314 callstr 0x2e13c(257664,47000000,0,0) buf=r0 = 0 "47,000,000"
20.9517 callstr 0x2e13c(257664,61000000,0,0) buf=r0 = 0 "61,000,000"
20.9635 callstr 0x2e13c(257664,75000000,0,0) buf=r0 = 0 "75,000,000"
20.9840 callstr 0x2e13c(257664,89000000,0,0) buf=r0 = 0 "89,000,000"
21.0163 callstr 0x2e13c(257664,103000000,0,0) buf=r0 = 0 "103,000,000"
21.0283 callstr 0x2e13c(257664,117000000,0,0) buf=r0 = 0 "117,000,000"
21.0486 callstr 0x2e13c(257664,131000000,0,0) buf=r0 = 0 "131,000,000"
21.0604 callstr 0x2e13c(257664,145000000,0,0) buf=r0 = 0 "145,000,000"
21.0809 callstr 0x2e13c(257664,159000000,0,0) buf=r0 = 0 "159,000,000"
21.0925 callstr 0x2e13c(257664,173000000,0,0) buf=r0 = 0 "173,000,000"
21.1134 callstr 0x2e13c(257664,187000000,0,0) buf=r0 = 0 "187,000,000"
21.1248 callstr 0x2e13c(257664,201000000,0,0) buf=r0 = 0 "201,000,000"
21.1454 callstr 0x2e13c(257664,215000000,0,0) buf=r0 = 0 "215,000,000"
21.1776 callstr 0x2e13c(257664,229000000,0,0) buf=r0 = 0 "229,000,000"
21.1896 callstr 0x2e13c(257664,243000000,0,0) buf=r0 = 0 "243,000,000"
21.2099 callstr 0x2e13c(257664,257000000,0,0) buf=r0 = 0 "257,000,000"
21.2215 callstr 0x2e13c(257664,271000000,0,0) buf=r0 = 0 "271,000,000"
21.2421 callstr 0x2e13c(257664,285000000,0,0) buf=r0 = 0 "285,000,000"
21.2743 callstr 0x2e13c(257664,298000000,0,0) buf=r0 = 0 "298,000,000"
21.2860 callstr 0x2e13c(257664,299000000,0,0) buf=r0 = 0 "299,000,000"
21.3067 callstr 0x2e13c(257664,300000000,0,0) buf=r0 = 0 "300,000,000"
21.3185 callstr 0x2e13c(257664,5000000,0,0) buf=r0 = 0 "5,000,000"
21.3389 callstr 0x2e13c(257664,6000000,0,0) buf=r0 = 0 "6,000,000"
21.3509 callstr 0x2e13c(257664,7000000,0,0) buf=r0 = 0 "7,000,000"
21.3711 callstr 0x2e13c(257664,8000000,0,0) buf=r0 = 0 "8,000,000"
21.4034 callstr 0x2e13c(257664,9000000,0,0) buf=r0 = 0 "9,000,000"
21.4150 callstr 0x2e13c(257664,27000000,0,0) buf=r0 = 0 "27,000,000"
21.4360 callstr 0x2e13c(257664,45000000,0,0) buf=r0 = 0 "45,000,000"
21.4473 callstr 0x2e13c(257664,49000000,0,0) buf=r0 = 0 "49,000,000"
21.4677 callstr 0x2e13c(257664,71000000,0,0) buf=r0 = 0 "71,000,000"
21.4795 callstr 0x2e13c(257664,93000000,0,0) buf=r0 = 0 "93,000,000"
21.5001 callstr 0x2e13c(257664,115000000,0,0) buf=r0 = 0 "115,000,000"
21.5121 callstr 0x2e13c(257664,137000000,0,0) buf=r0 = 0 "137,000,000"
21.5324 callstr 0x2e13c(257664,159000000,0,0) buf=r0 = 0 "159,000,000"
21.5646 callstr 0x2e13c(257664,181000000,0,0) buf=r0 = 0 "181,000,000"
21.5764 callstr 0x2e13c(257664,203000000,0,0) buf=r0 = 0 "203,000,000"
21.5969 callstr 0x2e13c(257664,225000000,0,0) buf=r0 = 0 "225,000,000"
21.6085 callstr 0x2e13c(257664,247000000,0,0) buf=r0 = 0 "247,000,000"
21.6291 callstr 0x2e13c(257664,269000000,0,0) buf=r0 = 0 "269,000,000"
21.6613 callstr 0x2e13c(257664,291000000,0,0) buf=r0 = 0 "291,000,000"
21.6733 callstr 0x2e13c(257664,313000000,0,0) buf=r0 = 0 "313,000,000"
21.6935 callstr 0x2e13c(257664,335000000,0,0) buf=r0 = 0 "335,000,000"
21.7053 callstr 0x2e13c(257664,357000000,0,0) buf=r0 = 0 "357,000,000"
21.7257 callstr 0x2e13c(257664,379000000,0,0) buf=r0 = 0 "379,000,000"
21.7375 callstr 0x2e13c(257664,401000000,0,0) buf=r0 = 0 "401,000,000"
21.7582 callstr 0x2e13c(257664,423000000,0,0) buf=r0 = 0 "423,000,000"
21.7698 callstr 0x2e13c(257664,445000000,0,0) buf=r0 = 0 "445,000,000"
21.7901 callstr 0x2e13c(257664,448000000,0,0) buf=r0 = 0 "448,000,000"
21.8223 callstr 0x2e13c(257664,449000000,0,0) buf=r0 = 0 "449,000,000"
21.8346 callstr 0x2e13c(257664,450000000,0,0) buf=r0 = 0 "450,000,000"
21.8545 callstr 0x2e13c(257664,5000000,0,0) buf=r0 = 0 "5,000,000"
21.8665 callstr 0x2e13c(257664,6000000,0,0) buf=r0 = 0 "6,000,000"
21.8868 callstr 0x2e13c(257664,7000000,0,0) buf=r0 = 0 "7,000,000"
21.9190 callstr 0x2e13c(257664,8000000,0,0) buf=r0 = 0 "8,000,000"
21.9312 callstr 0x2e13c(257664,9000000,0,0) buf=r0 = 0 "9,000,000"
21.9512 callstr 0x2e13c(257664,34000000,0,0) buf=r0 = 0 "34,000,000"
21.9633 callstr 0x2e13c(257664,60000000,0,0) buf=r0 = 0 "60,000,000"
21.9832 callstr 0x2e13c(257664,63000000,0,0) buf=r0 = 0 "63,000,000"
21.9958 callstr 0x2e13c(257664,92000000,0,0) buf=r0 = 0 "92,000,000"
22.0155 callstr 0x2e13c(257664,121000000,0,0) buf=r0 = 0 "121,000,000"
22.0278 callstr 0x2e13c(257664,150000000,0,0) buf=r0 = 0 "150,000,000"
22.0477 callstr 0x2e13c(257664,179000000,0,0) buf=r0 = 0 "179,000,000"
22.0799 callstr 0x2e13c(257664,208000000,0,0) buf=r0 = 0 "208,000,000"
22.0924 callstr 0x2e13c(257664,237000000,0,0) buf=r0 = 0 "237,000,000"
22.1121 callstr 0x2e13c(257664,266000000,0,0) buf=r0 = 0 "266,000,000"
22.1245 callstr 0x2e13c(257664,295000000,0,0) buf=r0 = 0 "295,000,000"
22.1444 callstr 0x2e13c(257664,324000000,0,0) buf=r0 = 0 "324,000,000"
22.1571 callstr 0x2e13c(257664,353000000,0,0) buf=r0 = 0 "353,000,000"
22.1766 callstr 0x2e13c(257664,382000000,0,0) buf=r0 = 0 "382,000,000"
22.2087 callstr 0x2e13c(257664,411000000,0,0) buf=r0 = 0 "411,000,000"
22.2213 callstr 0x2e13c(257664,440000000,0,0) buf=r0 = 0 "440,000,000"
22.2409 callstr 0x2e13c(257664,469000000,0,0) buf=r0 = 0 "469,000,000"
22.2535 callstr 0x2e13c(257664,498000000,0,0) buf=r0 = 0 "498,000,000"
22.2732 callstr 0x2e13c(257664,527000000,0,0) buf=r0 = 0 "527,000,000"
22.3054 callstr 0x2e13c(257664,556000000,0,0) buf=r0 = 0 "556,000,000"
22.3183 callstr 0x2e13c(257664,585000000,0,0) buf=r0 = 0 "585,000,000"
22.3376 callstr 0x2e13c(257664,598000000,0,0) buf=r0 = 0 "598,000,000"
22.3504 callstr 0x2e13c(257664,599000000,0,0) buf=r0 = 0 "599,000,000"
22.3698 callstr 0x2e13c(257664,600000000,0,0) buf=r0 = 0 "600,000,000"
22.3825 callstr 0x2e16c(257664,0,0,0) buf=r0 = 257664 "NO SPECIALS"
22.4023 callstr 0x2e16c(257664,1,0,0) buf=r0 = 0 "1"
22.4148 callstr 0x2e16c(257664,2,0,0) buf=r0 = 0 "2"
22.4342 callstr 0x2e16c(257664,3,0,0) buf=r0 = 0 "3"
22.4470 callstr 0x2e16c(257664,4,0,0) buf=r0 = 0 "4"
22.4664 callstr 0x2e16c(257664,5,0,0) buf=r0 = 0 "5"
22.4796 callstr 0x2e16c(257664,6,0,0) buf=r0 = 257664 "UNLIMITED"
22.4986 callstr 0x32b14(257664,1,0,0) buf=r0 = 0 "1%"
22.5115 callstr 0x32b14(257664,2,0,0) buf=r0 = 0 "2%"
22.5309 callstr 0x32b14(257664,3,0,0) buf=r0 = 0 "3%"
22.5631 callstr 0x32b14(257664,4,0,0) buf=r0 = 0 "4%"
22.5760 callstr 0x32b14(257664,5,0,0) buf=r0 = 0 "5%"
22.5953 callstr 0x32b14(257664,6,0,0) buf=r0 = 0 "6%"
22.6084 callstr 0x32b14(257664,7,0,0) buf=r0 = 0 "7%"
22.6275 callstr 0x32b14(257664,8,0,0) buf=r0 = 0 "8%"
22.6408 callstr 0x32b14(257664,9,0,0) buf=r0 = 0 "9%"
22.6598 callstr 0x32b14(257664,10,0,0) buf=r0 = 0 "10%"
22.6920 callstr 0x32b14(257664,11,0,0) buf=r0 = 0 "11%"
22.7050 callstr 0x32b14(257664,12,0,0) buf=r0 = 0 "12%"
22.7245 callstr 0x32b14(257664,13,0,0) buf=r0 = 0 "13%"
22.7372 callstr 0x32b14(257664,14,0,0) buf=r0 = 0 "14%"
22.7565 callstr 0x32b14(257664,15,0,0) buf=r0 = 0 "15%"
22.7695 callstr 0x32b14(257664,16,0,0) buf=r0 = 0 "16%"
22.7888 callstr 0x32b14(257664,17,0,0) buf=r0 = 0 "17%"
22.8021 callstr 0x32b14(257664,18,0,0) buf=r0 = 0 "18%"
22.8210 callstr 0x32b14(257664,19,0,0) buf=r0 = 0 "19%"
22.8532 callstr 0x32b14(257664,20,0,0) buf=r0 = 0 "20%"
22.8664 callstr 0x32b14(257664,21,0,0) buf=r0 = 0 "21%"
22.8855 callstr 0x32b14(257664,22,0,0) buf=r0 = 0 "22%"
22.8985 callstr 0x32b14(257664,23,0,0) buf=r0 = 0 "23%"
22.9178 callstr 0x32b14(257664,24,0,0) buf=r0 = 0 "24%"
22.9309 callstr 0x32b14(257664,25,0,0) buf=r0 = 0 "25%"
22.9500 callstr 0x32b14(257664,26,0,0) buf=r0 = 0 "26%"
22.9633 callstr 0x32b14(257664,27,0,0) buf=r0 = 0 "27%"
22.9791 callstr 0x32b14(257664,28,0,0) buf=r0 = 0 "28%"
22.9974 callstr 0x32b14(257664,29,0,0) buf=r0 = 0 "29%"
23.0113 callstr 0x32b14(257664,30,0,0) buf=r0 = 0 "30%"
23.0435 callstr 0x32b14(257664,31,0,0) buf=r0 = 0 "31%"
23.0593 callstr 0x32b14(257664,32,0,0) buf=r0 = 0 "32%"
23.0779 callstr 0x32b14(257664,33,0,0) buf=r0 = 0 "33%"
23.1075 callstr 0x32b14(257664,34,0,0) buf=r0 = 0 "34%"
23.1239 callstr 0x32b14(257664,35,0,0) buf=r0 = 0 "35%"
23.1395 callstr 0x32b14(257664,36,0,0) buf=r0 = 0 "36%"
23.1580 callstr 0x32b14(257664,37,0,0) buf=r0 = 0 "37%"
23.1878 callstr 0x32b14(257664,38,0,0) buf=r0 = 0 "38%"
23.2041 callstr 0x32b14(257664,39,0,0) buf=r0 = 0 "39%"
23.2382 callstr 0x32b14(257664,40,0,0) buf=r0 = 0 "40%"
23.2520 callstr 0x32b14(257664,41,0,0) buf=r0 = 0 "41%"
23.2680 callstr 0x32b14(257664,42,0,0) buf=r0 = 0 "42%"
23.2843 callstr 0x32b14(257664,43,0,0) buf=r0 = 0 "43%"
23.3190 callstr 0x32b14(257664,44,0,0) buf=r0 = 0 "44%"
23.3323 callstr 0x32b14(257664,45,0,0) buf=r0 = 0 "45%"
23.3645 callstr 0x32b14(257664,46,0,0) buf=r0 = 0 "46%"
23.3804 callstr 0x32b14(257664,47,0,0) buf=r0 = 0 "47%"
23.3992 callstr 0x32b14(257664,48,0,0) buf=r0 = 0 "48%"
23.4125 callstr 0x32b14(257664,49,0,0) buf=r0 = 0 "49%"
23.4448 callstr 0x32b14(257664,50,0,0) buf=r0 = 0 "50%"
23.4605 callstr 0x2e06c(257664,0,0,0) buf=r0 = 257664 "NO FREE GAMES"
23.4795 callstr 0x2e06c(257664,1,0,0) buf=r0 = 0 "1"
23.5088 callstr 0x2e06c(257664,2,0,0) buf=r0 = 0 "2"
23.5250 callstr 0x2e06c(257664,3,0,0) buf=r0 = 0 "3"
23.5408 callstr 0x2e06c(257664,4,0,0) buf=r0 = 0 "4"
23.5598 callstr 0x2e06c(257664,5,0,0) buf=r0 = 0 "5"
23.5890 callstr 0x2e06c(257664,6,0,0) buf=r0 = 0 "6"
23.6054 callstr 0x2e06c(257664,7,0,0) buf=r0 = 0 "7"
23.6401 callstr 0x2e06c(257664,8,0,0) buf=r0 = 0 "8"
23.6533 callstr 0x2e06c(257664,9,0,0) buf=r0 = 0 "9"
23.6855 callstr 0x2e06c(257664,10,0,0) buf=r0 = 257664 "UNLIMITED"
23.7013 callstr 0x2e020(257664,0,0,0) buf=r0 = 257664 "NO EXTRA BALLS"
23.7204 callstr 0x2e020(257664,1,0,0) buf=r0 = 0 "1"
23.7495 callstr 0x2e020(257664,2,0,0) buf=r0 = 0 "2"
23.7658 callstr 0x2e020(257664,3,0,0) buf=r0 = 0 "3"
23.7815 callstr 0x2e020(257664,4,0,0) buf=r0 = 0 "4"
23.8006 callstr 0x2e020(257664,5,0,0) buf=r0 = 0 "5"
23.8298 callstr 0x2e020(257664,6,0,0) buf=r0 = 0 "6"
23.8461 callstr 0x2e020(257664,7,0,0) buf=r0 = 0 "7"
23.8802 callstr 0x2e020(257664,8,0,0) buf=r0 = 0 "8"
23.8941 callstr 0x2e020(257664,9,0,0) buf=r0 = 0 "9"
23.9100 callstr 0x2e020(257664,10,0,0) buf=r0 = 257664 "UNLIMITED"
23.9265 callstr 0x32b14(257664,1,0,0) buf=r0 = 0 "1%"
23.9420 callstr 0x32b14(257664,2,0,0) buf=r0 = 0 "2%"
23.9612 callstr 0x32b14(257664,3,0,0) buf=r0 = 0 "3%"
23.9743 callstr 0x32b14(257664,4,0,0) buf=r0 = 0 "4%"
24.0065 callstr 0x32b14(257664,5,0,0) buf=r0 = 0 "5%"
24.0223 callstr 0x32b14(257664,6,0,0) buf=r0 = 0 "6%"
24.0415 callstr 0x32b14(257664,7,0,0) buf=r0 = 0 "7%"
24.0545 callstr 0x32b14(257664,8,0,0) buf=r0 = 0 "8%"
24.0868 callstr 0x32b14(257664,9,0,0) buf=r0 = 0 "9%"
24.1025 callstr 0x32b14(257664,10,0,0) buf=r0 = 0 "10%"
24.1209 callstr 0x32b14(257664,11,0,0) buf=r0 = 0 "11%"
24.1509 callstr 0x32b14(257664,12,0,0) buf=r0 = 0 "12%"
24.1670 callstr 0x32b14(257664,13,0,0) buf=r0 = 0 "13%"
24.1828 callstr 0x32b14(257664,14,0,0) buf=r0 = 0 "14%"
24.2020 callstr 0x32b14(257664,15,0,0) buf=r0 = 0 "15%"
24.2310 callstr 0x32b14(257664,16,0,0) buf=r0 = 0 "16%"
24.2473 callstr 0x32b14(257664,17,0,0) buf=r0 = 0 "17%"
24.2814 callstr 0x32b14(257664,18,0,0) buf=r0 = 0 "18%"
24.2953 callstr 0x32b14(257664,19,0,0) buf=r0 = 0 "19%"
24.3275 callstr 0x32b14(257664,20,0,0) buf=r0 = 0 "20%"
24.3433 callstr 0x32b14(257664,21,0,0) buf=r0 = 0 "21%"
24.3617 callstr 0x32b14(257664,22,0,0) buf=r0 = 0 "22%"
24.3915 callstr 0x32b14(257664,23,0,0) buf=r0 = 0 "23%"
24.4080 callstr 0x32b14(257664,24,0,0) buf=r0 = 0 "24%"
24.4235 callstr 0x32b14(257664,25,0,0) buf=r0 = 0 "25%"
24.4419 callstr 0x32b14(257664,26,0,0) buf=r0 = 0 "26%"
24.4558 callstr 0x32b14(257664,27,0,0) buf=r0 = 0 "27%"
24.4880 callstr 0x32b14(257664,28,0,0) buf=r0 = 0 "28%"
24.5038 callstr 0x32b14(257664,29,0,0) buf=r0 = 0 "29%"
24.5230 callstr 0x32b14(257664,30,0,0) buf=r0 = 0 "30%"
24.5360 callstr 0x32b14(257664,31,0,0) buf=r0 = 0 "31%"
24.5683 callstr 0x32b14(257664,32,0,0) buf=r0 = 0 "32%"
24.5840 callstr 0x32b14(257664,33,0,0) buf=r0 = 0 "33%"
24.6033 callstr 0x32b14(257664,34,0,0) buf=r0 = 0 "34%"
24.6323 callstr 0x32b14(257664,35,0,0) buf=r0 = 0 "35%"
24.6486 callstr 0x32b14(257664,36,0,0) buf=r0 = 0 "36%"
24.6644 callstr 0x32b14(257664,37,0,0) buf=r0 = 0 "37%"
24.6829 callstr 0x32b14(257664,38,0,0) buf=r0 = 0 "38%"
24.7125 callstr 0x32b14(257664,39,0,0) buf=r0 = 0 "39%"
24.7289 callstr 0x32b14(257664,40,0,0) buf=r0 = 0 "40%"
24.7631 callstr 0x32b14(257664,41,0,0) buf=r0 = 0 "41%"
24.7768 callstr 0x32b14(257664,42,0,0) buf=r0 = 0 "42%"
24.7928 callstr 0x32b14(257664,43,0,0) buf=r0 = 0 "43%"
24.8091 callstr 0x32b14(257664,44,0,0) buf=r0 = 0 "44%"
24.8435 callstr 0x32b14(257664,45,0,0) buf=r0 = 0 "45%"
24.8570 callstr 0x32b14(257664,46,0,0) buf=r0 = 0 "46%"
24.8893 callstr 0x32b14(257664,47,0,0) buf=r0 = 0 "47%"
24.9050 callstr 0x32b14(257664,48,0,0) buf=r0 = 0 "48%"
24.9236 callstr 0x32b14(257664,49,0,0) buf=r0 = 0 "49%"
24.9370 callstr 0x32b14(257664,50,0,0) buf=r0 = 0 "50%"
24.9530 callstr 0x2e0fc(257664,0,0,0) buf=r0 = 257664 "AUSTRALIA 1"
24.9694 callstr 0x2e0fc(257664,1,0,0) buf=r0 = 257664 "AUSTRALIA 2"
25.0043 callstr 0x2e0fc(257664,2,0,0) buf=r0 = 257664 "AUSTRALIA 3"
25.0173 callstr 0x2e0fc(257664,3,0,0) buf=r0 = 257664 "AUSTRALIA 4"
25.0496 callstr 0x2e0fc(257664,4,0,0) buf=r0 = 257664 "AUSTRALIA 5"
25.0653 callstr 0x2e0fc(257664,5,0,0) buf=r0 = 257664 "AUSTRALIA 6"
25.0829 callstr 0x2e0fc(257664,6,0,0) buf=r0 = 257664 "CANADA 1"
25.1135 callstr 0x2e0fc(257664,7,0,0) buf=r0 = 257664 "CANADA 2"
25.1299 callstr 0x2e0fc(257664,8,0,0) buf=r0 = 257664 "CROATIA"
25.1631 callstr 0x2e0fc(257664,9,0,0) buf=r0 = 257664 "DENMARK 1"
25.1779 callstr 0x2e0fc(257664,10,0,0) buf=r0 = 257664 "DENMARK 2"
25.1938 callstr 0x2e0fc(257664,11,0,0) buf=r0 = 257664 "EURO 1"
25.2101 callstr 0x2e0fc(257664,12,0,0) buf=r0 = 257664 "EURO 2"
25.2434 callstr 0x2e0fc(257664,13,0,0) buf=r0 = 257664 "EURO 3"
25.2580 callstr 0x2e0fc(257664,14,0,0) buf=r0 = 257664 "EURO 4"
25.2903 callstr 0x2e0fc(257664,15,0,0) buf=r0 = 257664 "EURO 5"
25.3060 callstr 0x2e0fc(257664,16,0,0) buf=r0 = 257664 "EURO 6"
25.3236 callstr 0x2e0fc(257664,17,0,0) buf=r0 = 257664 "EURO 7"
25.3383 callstr 0x2e0fc(257664,18,0,0) buf=r0 = 257664 "EURO 8"
25.3706 callstr 0x2e0fc(257664,19,0,0) buf=r0 = 257664 "EURO 9"
25.3863 callstr 0x2e0fc(257664,20,0,0) buf=r0 = 257664 "EURO 10"
25.4039 callstr 0x2e0fc(257664,21,0,0) buf=r0 = 257664 "EURO 11"
25.4347 callstr 0x2e0fc(257664,22,0,0) buf=r0 = 257664 "EURO 12"
25.4508 callstr 0x2e0fc(257664,23,0,0) buf=r0 = 257664 "GERMANY 1"
25.4665 callstr 0x2e0fc(257664,24,0,0) buf=r0 = 257664 "GERMANY 2"
25.4841 callstr 0x2e0fc(257664,25,0,0) buf=r0 = 257664 "GERMANY 3"
25.5148 callstr 0x2e0fc(257664,26,0,0) buf=r0 = 257664 "ITALY 1"
25.5311 callstr 0x2e0fc(257664,27,0,0) buf=r0 = 257664 "ITALY 2"
25.5644 callstr 0x2e0fc(257664,28,0,0) buf=r0 = 257664 "JAPAN 1"
25.5790 callstr 0x2e0fc(257664,29,0,0) buf=r0 = 257664 "JAPAN 2"
25.6113 callstr 0x2e0fc(257664,30,0,0) buf=r0 = 257664 "LITHUANIA"
25.6270 callstr 0x2e0fc(257664,31,0,0) buf=r0 = 257664 "MIDDLE EAST"
25.6446 callstr 0x2e0fc(257664,32,0,0) buf=r0 = 257664 "NEW ZEALAND 1"
25.6753 callstr 0x2e0fc(257664,33,0,0) buf=r0 = 257664 "NEW ZEALAND 2"
25.6917 callstr 0x2e0fc(257664,34,0,0) buf=r0 = 257664 "NORWAY 1"
25.7073 callstr 0x2e0fc(257664,35,0,0) buf=r0 = 257664 "NORWAY 2"
25.7249 callstr 0x2e0fc(257664,36,0,0) buf=r0 = 257664 "NORWAY 3"
25.7555 callstr 0x2e0fc(257664,37,0,0) buf=r0 = 257664 "NORWAY 4"
25.7719 callstr 0x2e0fc(257664,38,0,0) buf=r0 = 257664 "PORTUGAL"
25.8051 callstr 0x2e0fc(257664,39,0,0) buf=r0 = 257664 "RUSSIA"
25.8198 callstr 0x2e0fc(257664,40,0,0) buf=r0 = 257664 "SOUTH AFRICA 1"
25.8358 callstr 0x2e0fc(257664,41,0,0) buf=r0 = 257664 "SOUTH AFRICA 2"
25.8521 callstr 0x2e0fc(257664,42,0,0) buf=r0 = 257664 "SWEDEN 1"
25.8854 callstr 0x2e0fc(257664,43,0,0) buf=r0 = 257664 "SWEDEN 2"
25.9000 callstr 0x2e0fc(257664,44,0,0) buf=r0 = 257664 "SWITZERLAND 1"
25.9162 callstr 0x2e0fc(257664,45,0,0) buf=r0 = 257664 "SWITZERLAND 2"
25.9323 callstr 0x2e0fc(257664,46,0,0) buf=r0 = 257664 "TAIWAN"
25.9482 callstr 0x2e0fc(257664,47,0,0) buf=r0 = 257664 "UK 1"
25.9640 callstr 0x2e0fc(257664,48,0,0) buf=r0 = 257664 "UK 2"
25.9800 callstr 0x2e0fc(257664,49,0,0) buf=r0 = 257664 "UK 3"
26.0123 callstr 0x2e0fc(257664,50,0,0) buf=r0 = 257664 "UK 4"
26.0280 callstr 0x2e0fc(257664,51,0,0) buf=r0 = 257664 "UK 5"
26.0600 callstr 0x2e0fc(257664,52,0,0) buf=r0 = 257664 "UK 6"
26.0760 callstr 0x2e0fc(257664,53,0,0) buf=r0 = 257664 "USA 1"
26.0924 callstr 0x2e0fc(257664,54,0,0) buf=r0 = 257664 "USA 2"
26.1240 callstr 0x2e0fc(257664,55,0,0) buf=r0 = 257664 "USA 3"
26.1560 callstr 0x2e0fc(257664,56,0,0) buf=r0 = 257664 "USA 4"
26.1724 callstr 0x2e0fc(257664,57,0,0) buf=r0 = 257664 "USA 5"
26.2042 callstr 0x2e0fc(257664,58,0,0) buf=r0 = 257664 "USA 6"
26.2200 callstr 0x2e0fc(257664,59,0,0) buf=r0 = 257664 "USA 7"
26.2523 callstr 0x2e0fc(257664,60,0,0) buf=r0 = 257664 "USA 8"
26.2680 callstr 0x2e0fc(257664,61,0,0) buf=r0 = 257664 "USA 9"
26.3000 callstr 0x2e0fc(257664,62,0,0) buf=r0 = 257664 "USA 10"
26.3323 callstr 0x2e0fc(257664,63,0,0) buf=r0 = 257664 "USA 11"
26.3480 callstr 0x2e0fc(257664,64,0,0) buf=r0 = 257664 "CUSTOM"
26.3800 callstr 0x2e0bc(257664,0,0,0) buf=r0 = 0 "0%"
26.4123 callstr 0x2e0bc(257664,1,0,0) buf=r0 = 0 "1%"
26.4280 callstr 0x2e0bc(257664,2,0,0) buf=r0 = 0 "2%"
26.4440 callstr 0x2e0bc(257664,3,0,0) buf=r0 = 0 "3%"
26.4602 callstr 0x2e0bc(257664,4,0,0) buf=r0 = 0 "4%"
26.4923 callstr 0x2e0bc(257664,5,0,0) buf=r0 = 0 "5%"
26.5080 callstr 0x2e0bc(257664,6,0,0) buf=r0 = 0 "6%"
26.5400 callstr 0x2e0bc(257664,7,0,0) buf=r0 = 0 "7%"
26.5723 callstr 0x2e0bc(257664,8,0,0) buf=r0 = 0 "8%"
26.5880 callstr 0x2e0bc(257664,9,0,0) buf=r0 = 0 "9%"
26.6040 callstr 0x2e0bc(257664,10,0,0) buf=r0 = 0 "10%"
26.6360 callstr 0x2e0bc(257664,11,0,0) buf=r0 = 257664 "OFF"
26.6524 callstr 0x32ac8(257664,1,0,0) buf=r0 = 0 "1"
26.6840 callstr 0x32ac8(257664,2,0,0) buf=r0 = 0 "2"
26.7162 callstr 0x32ac8(257664,3,0,0) buf=r0 = 0 "3"
26.7323 callstr 0x32ac8(257664,4,0,0) buf=r0 = 0 "4"
26.7480 callstr 0x32ac8(257664,5,0,0) buf=r0 = 0 "5"
26.7800 callstr 0x32ac8(257664,6,0,0) buf=r0 = 0 "6"
26.8123 callstr 0x32ac8(257664,7,0,0) buf=r0 = 0 "7"
26.8280 callstr 0x32ac8(257664,8,0,0) buf=r0 = 0 "8"
26.8440 callstr 0x32ac8(257664,9,0,0) buf=r0 = 0 "9"
26.8760 callstr 0x32ac8(257664,10,0,0) buf=r0 = 0 "10"
26.8923 callstr 0x32ac8(257664,0,0,0) buf=r0 = 0 "0"
26.9082 callstr 0x32ac8(257664,1,0,0) buf=r0 = 0 "1"
26.9240 callstr 0x32ac8(257664,2,0,0) buf=r0 = 0 "2"
26.9562 callstr 0x32ac8(257664,3,0,0) buf=r0 = 0 "3"
26.9746 callstr 0x32ac8(257664,4,0,0) buf=r0 = 0 "4"
26.9883 callstr 0x32ac8(257664,5,0,0) buf=r0 = 0 "5"
27.0203 callstr 0x32ac8(257664,6,0,0) buf=r0 = 0 "6"
27.0525 callstr 0x32ac8(257664,7,0,0) buf=r0 = 0 "7"
27.0683 callstr 0x32ac8(257664,8,0,0) buf=r0 = 0 "8"
27.1003 callstr 0x32ac8(257664,9,0,0) buf=r0 = 0 "9"
27.1163 callstr 0x32ac8(257664,10,0,0) buf=r0 = 0 "10"
27.1326 callstr 0x32ac8(257664,11,0,0) buf=r0 = 0 "11"
27.1643 callstr 0x32ac8(257664,12,0,0) buf=r0 = 0 "12"
27.1963 callstr 0x32ac8(257664,13,0,0) buf=r0 = 0 "13"
27.2126 callstr 0x32ac8(257664,14,0,0) buf=r0 = 0 "14"
27.2284 callstr 0x32ac8(257664,15,0,0) buf=r0 = 0 "15"
27.2603 callstr 0x32ac8(257664,16,0,0) buf=r0 = 0 "16"
27.2926 callstr 0x32ac8(257664,17,0,0) buf=r0 = 0 "17"
27.3083 callstr 0x32ac8(257664,18,0,0) buf=r0 = 0 "18"
27.3403 callstr 0x32ac8(257664,19,0,0) buf=r0 = 0 "19"
27.3563 callstr 0x32ac8(257664,20,0,0) buf=r0 = 0 "20"
27.3726 callstr 0x32ac8(257664,21,0,0) buf=r0 = 0 "21"
27.4043 callstr 0x32ac8(257664,22,0,0) buf=r0 = 0 "22"
27.4203 callstr 0x32ac8(257664,23,0,0) buf=r0 = 0 "23"
27.4525 callstr 0x32ac8(257664,24,0,0) buf=r0 = 0 "24"
27.4683 callstr 0x32ac8(257664,25,0,0) buf=r0 = 0 "25"
27.4844 callstr 0x32ac8(257664,26,0,0) buf=r0 = 0 "26"
27.5163 callstr 0x32ac8(257664,27,0,0) buf=r0 = 0 "27"
27.5326 callstr 0x32ac8(257664,28,0,0) buf=r0 = 0 "28"
27.5643 callstr 0x32ac8(257664,29,0,0) buf=r0 = 0 "29"
27.5963 callstr 0x32ac8(257664,30,0,0) buf=r0 = 0 "30"
27.6126 callstr 0x32ac8(257664,31,0,0) buf=r0 = 0 "31"
27.6283 callstr 0x32ac8(257664,32,0,0) buf=r0 = 0 "32"
27.6603 callstr 0x32ac8(257664,33,0,0) buf=r0 = 0 "33"
27.6925 callstr 0x32ac8(257664,34,0,0) buf=r0 = 0 "34"
27.7083 callstr 0x32ac8(257664,35,0,0) buf=r0 = 0 "35"
27.7404 callstr 0x32ac8(257664,36,0,0) buf=r0 = 0 "36"
27.7563 callstr 0x32ac8(257664,37,0,0) buf=r0 = 0 "37"
27.7726 callstr 0x32ac8(257664,38,0,0) buf=r0 = 0 "38"
27.8043 callstr 0x32ac8(257664,39,0,0) buf=r0 = 0 "39"
27.8363 callstr 0x32ac8(257664,40,0,0) buf=r0 = 0 "40"
27.8526 callstr 0x32ac8(257664,41,0,0) buf=r0 = 0 "41"
27.8683 callstr 0x32ac8(257664,42,0,0) buf=r0 = 0 "42"
27.9004 callstr 0x32ac8(257664,43,0,0) buf=r0 = 0 "43"
27.9163 callstr 0x32ac8(257664,44,0,0) buf=r0 = 0 "44"
27.9325 callstr 0x32ac8(257664,45,0,0) buf=r0 = 0 "45"
27.9483 callstr 0x32ac8(257664,46,0,0) buf=r0 = 0 "46"
27.9803 callstr 0x32ac8(257664,47,0,0) buf=r0 = 0 "47"
27.9964 callstr 0x32ac8(257664,48,0,0) buf=r0 = 0 "48"
28.0126 callstr 0x32ac8(257664,49,0,0) buf=r0 = 0 "49"
28.0443 callstr 0x32ac8(257664,50,0,0) buf=r0 = 0 "50"
28.0763 callstr 0x2dfb4(257664,0,0,0) buf=r0 = 257664 "NO BALL SAVES"
28.0926 callstr 0x2dfb4(257664,1,0,0) buf=r0 = 0 " 0:01"
28.1242 callstr 0x2dfb4(257664,2,0,0) buf=r0 = 0 " 0:02"
28.1403 callstr 0x2dfb4(257664,3,0,0) buf=r0 = 0 " 0:03"
28.1726 callstr 0x2dfb4(257664,4,0,0) buf=r0 = 0 " 0:04"
28.1883 callstr 0x2dfb4(257664,5,0,0) buf=r0 = 0 " 0:05"
28.2203 callstr 0x2dfb4(257664,6,0,0) buf=r0 = 0 " 0:06"
28.2526 callstr 0x2dfb4(257664,7,0,0) buf=r0 = 0 " 0:07"
28.2683 callstr 0x2dfb4(257664,8,0,0) buf=r0 = 0 " 0:08"
28.3003 callstr 0x2dfb4(257664,9,0,0) buf=r0 = 0 " 0:09"
28.3326 callstr 0x2dfb4(257664,10,0,0) buf=r0 = 0 " 0:10"
28.3483 callstr 0x2dfb4(257664,11,0,0) buf=r0 = 0 " 0:11"
28.3803 callstr 0x2dfb4(257664,12,0,0) buf=r0 = 0 " 0:12"
28.3963 callstr 0x2dfb4(257664,13,0,0) buf=r0 = 0 " 0:13"
28.4126 callstr 0x2dfb4(257664,14,0,0) buf=r0 = 0 " 0:14"
28.4283 callstr 0x2dfb4(257664,15,0,0) buf=r0 = 0 " 0:15"
28.4603 callstr 0x2dfb4(257664,16,0,0) buf=r0 = 257664 "AUTO"
28.4926 callstr 0x2e214(257664,0,0,0) buf=r0 = 257664 "OFF"
28.5084 callstr 0x2e214(257664,1,0,0) buf=r0 = 0 "0:01"
28.5243 callstr 0x2e214(257664,2,0,0) buf=r0 = 0 "0:02"
28.5563 callstr 0x2e214(257664,3,0,0) buf=r0 = 0 "0:03"
28.5726 callstr 0x2e214(257664,4,0,0) buf=r0 = 0 "0:04"
28.6043 callstr 0x2e214(257664,5,0,0) buf=r0 = 0 "0:05"
28.6363 callstr 0x2e214(257664,6,0,0) buf=r0 = 0 "0:06"
28.6526 callstr 0x2e214(257664,7,0,0) buf=r0 = 0 "0:07"
28.6683 callstr 0x2e214(257664,8,0,0) buf=r0 = 0 "0:08"
28.7003 callstr 0x2e214(257664,9,0,0) buf=r0 = 0 "0:09"
28.7326 callstr 0x2e214(257664,10,0,0) buf=r0 = 0 "0:10"
28.7483 callstr 0x2e214(257664,11,0,0) buf=r0 = 0 "0:11"
28.7644 callstr 0x2e214(257664,12,0,0) buf=r0 = 0 "0:12"
28.7963 callstr 0x2e214(257664,13,0,0) buf=r0 = 0 "0:13"
28.8126 callstr 0x2e214(257664,14,0,0) buf=r0 = 0 "0:14"
28.8443 callstr 0x2e214(257664,15,0,0) buf=r0 = 0 "0:15"
28.8763 callstr 0x2e214(257664,16,0,0) buf=r0 = 0 "0:16"
28.8927 callstr 0x2e214(257664,17,0,0) buf=r0 = 0 "0:17"
28.9083 callstr 0x2e214(257664,18,0,0) buf=r0 = 0 "0:18"
28.9243 callstr 0x2e214(257664,19,0,0) buf=r0 = 0 "0:19"
28.9563 callstr 0x2e214(257664,20,0,0) buf=r0 = 0 "0:20"
28.9727 callstr 0x2e214(257664,21,0,0) buf=r0 = 0 "0:21"
28.9904 callstr 0x2e214(257664,22,0,0) buf=r0 = 0 "0:22"
29.0206 callstr 0x2e214(257664,23,0,0) buf=r0 = 0 "0:23"
29.0365 callstr 0x2e214(257664,24,0,0) buf=r0 = 0 "0:24"
29.0528 callstr 0x2e214(257664,25,0,0) buf=r0 = 0 "0:25"
29.0845 callstr 0x2e214(257664,26,0,0) buf=r0 = 0 "0:26"
29.1165 callstr 0x2e214(257664,27,0,0) buf=r0 = 0 "0:27"
29.1328 callstr 0x2e214(257664,28,0,0) buf=r0 = 0 "0:28"
29.1485 callstr 0x2e214(257664,29,0,0) buf=r0 = 0 "0:29"
29.1805 callstr 0x2e214(257664,30,0,0) buf=r0 = 0 "0:30"
29.2128 callstr 0x2e214(257664,31,0,0) buf=r0 = 0 "0:31"
29.2285 callstr 0x2e214(257664,32,0,0) buf=r0 = 0 "0:32"
29.2605 callstr 0x2e214(257664,33,0,0) buf=r0 = 0 "0:33"
29.2767 callstr 0x2e214(257664,34,0,0) buf=r0 = 0 "0:34"
29.2928 callstr 0x2e214(257664,35,0,0) buf=r0 = 0 "0:35"
29.3245 callstr 0x2e214(257664,36,0,0) buf=r0 = 0 "0:36"
29.3565 callstr 0x2e214(257664,37,0,0) buf=r0 = 0 "0:37"
29.3728 callstr 0x2e214(257664,38,0,0) buf=r0 = 0 "0:38"
29.4045 callstr 0x2e214(257664,39,0,0) buf=r0 = 0 "0:39"
29.4205 callstr 0x2e214(257664,40,0,0) buf=r0 = 0 "0:40"
29.4528 callstr 0x2e214(257664,41,0,0) buf=r0 = 0 "0:41"
29.4685 callstr 0x2e214(257664,42,0,0) buf=r0 = 0 "0:42"
29.5005 callstr 0x2e214(257664,43,0,0) buf=r0 = 0 "0:43"
29.5328 callstr 0x2e214(257664,44,0,0) buf=r0 = 0 "0:44"
29.5485 callstr 0x2e214(257664,45,0,0) buf=r0 = 0 "0:45"
29.5805 callstr 0x2e214(257664,46,0,0) buf=r0 = 0 "0:46"
29.6128 callstr 0x2e214(257664,47,0,0) buf=r0 = 0 "0:47"
29.6285 callstr 0x2e214(257664,48,0,0) buf=r0 = 0 "0:48"
29.6605 callstr 0x2e214(257664,49,0,0) buf=r0 = 0 "0:49"
29.6765 callstr 0x2e214(257664,50,0,0) buf=r0 = 0 "0:50"
29.6928 callstr 0x2e214(257664,51,0,0) buf=r0 = 0 "0:51"
29.7245 callstr 0x2e214(257664,52,0,0) buf=r0 = 0 "0:52"
29.7565 callstr 0x2e214(257664,53,0,0) buf=r0 = 0 "0:53"
29.7728 callstr 0x2e214(257664,54,0,0) buf=r0 = 0 "0:54"
29.7887 callstr 0x2e214(257664,55,0,0) buf=r0 = 0 "0:55"
29.8205 callstr 0x2e214(257664,56,0,0) buf=r0 = 0 "0:56"
29.8528 callstr 0x2e214(257664,57,0,0) buf=r0 = 0 "0:57"
29.8685 callstr 0x2e214(257664,58,0,0) buf=r0 = 0 "0:58"
29.8847 callstr 0x2e214(257664,59,0,0) buf=r0 = 0 "0:59"
29.9005 callstr 0x2e214(257664,60,0,0) buf=r0 = 0 "1:00"
29.9165 callstr 0x2e1bc(257664,0,0,0) buf=r0 = 257664 "NONE"
29.9328 callstr 0x2e1bc(257664,1,0,0) buf=r0 = 257664 "DELTRONIC DL-1275 WIDE"
29.9645 callstr 0x2e1bc(257664,2,0,0) buf=r0 = 257664 "DELTRONIC DL-1275 STD."
29.9965 callstr 0x2e1bc(257664,3,0,0) buf=r0 = 257664 "ENTROPY 2000 TD-963CR"
30.0128 callstr 0x2e1bc(257664,4,0,0) buf=r0 = 257664 "BENCHMARK INTELLI-DUAL"
30.0446 callstr 0x2e13c(257664,1000000,0,0) buf=r0 = 0 "1,000,000"
30.0605 callstr 0x2e13c(257664,2000000,0,0) buf=r0 = 0 "2,000,000"
30.0928 callstr 0x2e13c(257664,3000000,0,0) buf=r0 = 0 "3,000,000"
30.1085 callstr 0x2e13c(257664,4000000,0,0) buf=r0 = 0 "4,000,000"
30.1405 callstr 0x2e13c(257664,5000000,0,0) buf=r0 = 0 "5,000,000"
30.1728 callstr 0x2e13c(257664,51000000,0,0) buf=r0 = 0 "51,000,000"
30.1885 callstr 0x2e13c(257664,75000000,0,0) buf=r0 = 0 "75,000,000"
30.2205 callstr 0x2e13c(257664,101000000,0,0) buf=r0 = 0 "101,000,000"
30.2528 callstr 0x2e13c(257664,151000000,0,0) buf=r0 = 0 "151,000,000"
30.2685 callstr 0x2e13c(257664,201000000,0,0) buf=r0 = 0 "201,000,000"
30.3006 callstr 0x2e13c(257664,251000000,0,0) buf=r0 = 0 "251,000,000"
30.3165 callstr 0x2e13c(257664,301000000,0,0) buf=r0 = 0 "301,000,000"
30.3329 callstr 0x2e13c(257664,351000000,0,0) buf=r0 = 0 "351,000,000"
30.3645 callstr 0x2e13c(257664,401000000,0,0) buf=r0 = 0 "401,000,000"
30.3965 callstr 0x2e13c(257664,451000000,0,0) buf=r0 = 0 "451,000,000"
30.4128 callstr 0x2e13c(257664,501000000,0,0) buf=r0 = 0 "501,000,000"
30.4285 callstr 0x2e13c(257664,551000000,0,0) buf=r0 = 0 "551,000,000"
30.4445 callstr 0x2e13c(257664,601000000,0,0) buf=r0 = 0 "601,000,000"
30.4765 callstr 0x2e13c(257664,651000000,0,0) buf=r0 = 0 "651,000,000"
30.4929 callstr 0x2e13c(257664,701000000,0,0) buf=r0 = 0 "701,000,000"
30.5245 callstr 0x2e13c(257664,751000000,0,0) buf=r0 = 0 "751,000,000"
30.5567 callstr 0x2e13c(257664,801000000,0,0) buf=r0 = 0 "801,000,000"
30.5728 callstr 0x2e13c(257664,851000000,0,0) buf=r0 = 0 "851,000,000"
30.5885 callstr 0x2e13c(257664,901000000,0,0) buf=r0 = 0 "901,000,000"
30.6205 callstr 0x2e13c(257664,951000000,0,0) buf=r0 = 0 "951,000,000"
30.6528 callstr 0x2e13c(257664,998000000,0,0) buf=r0 = 0 "998,000,000"
30.6685 callstr 0x2e13c(257664,999000000,0,0) buf=r0 = 0 "999,000,000"
30.6846 callstr 0x2e13c(257664,1000000000,0,0) buf=r0 = 0 "1,000,000,000"
30.7165 callstr 0x2e13c(257664,1000000,0,0) buf=r0 = 0 "1,000,000"
30.7329 callstr 0x2e13c(257664,2000000,0,0) buf=r0 = 0 "2,000,000"
30.7645 callstr 0x2e13c(257664,3000000,0,0) buf=r0 = 0 "3,000,000"
30.7965 callstr 0x2e13c(257664,4000000,0,0) buf=r0 = 0 "4,000,000"
30.8130 callstr 0x2e13c(257664,5000000,0,0) buf=r0 = 0 "5,000,000"
30.8285 callstr 0x2e13c(257664,51000000,0,0) buf=r0 = 0 "51,000,000"
30.8605 callstr 0x2e13c(257664,55000000,0,0) buf=r0 = 0 "55,000,000"
30.8767 callstr 0x2e13c(257664,101000000,0,0) buf=r0 = 0 "101,000,000"
30.8926 callstr 0x2e13c(257664,151000000,0,0) buf=r0 = 0 "151,000,000"
30.9085 callstr 0x2e13c(257664,201000000,0,0) buf=r0 = 0 "201,000,000"
30.9245 callstr 0x2e13c(257664,251000000,0,0) buf=r0 = 0 "251,000,000"
30.9405 callstr 0x2e13c(257664,301000000,0,0) buf=r0 = 0 "301,000,000"
30.9565 callstr 0x2e13c(257664,351000000,0,0) buf=r0 = 0 "351,000,000"
30.9725 callstr 0x2e13c(257664,401000000,0,0) buf=r0 = 0 "401,000,000"
30.9885 callstr 0x2e13c(257664,451000000,0,0) buf=r0 = 0 "451,000,000"
31.0060 callstr 0x2e13c(257664,501000000,0,0) buf=r0 = 0 "501,000,000"
31.0207 callstr 0x2e13c(257664,551000000,0,0) buf=r0 = 0 "551,000,000"
31.0368 callstr 0x2e13c(257664,601000000,0,0) buf=r0 = 0 "601,000,000"
31.0527 callstr 0x2e13c(257664,651000000,0,0) buf=r0 = 0 "651,000,000"
31.0689 callstr 0x2e13c(257664,701000000,0,0) buf=r0 = 0 "701,000,000"
31.0848 callstr 0x2e13c(257664,751000000,0,0) buf=r0 = 0 "751,000,000"
31.1007 callstr 0x2e13c(257664,801000000,0,0) buf=r0 = 0 "801,000,000"
31.1167 callstr 0x2e13c(257664,851000000,0,0) buf=r0 = 0 "851,000,000"
31.1328 callstr 0x2e13c(257664,901000000,0,0) buf=r0 = 0 "901,000,000"
31.1487 callstr 0x2e13c(257664,951000000,0,0) buf=r0 = 0 "951,000,000"
31.1647 callstr 0x2e13c(257664,998000000,0,0) buf=r0 = 0 "998,000,000"
31.1808 callstr 0x2e13c(257664,999000000,0,0) buf=r0 = 0 "999,000,000"
31.1967 callstr 0x2e13c(257664,1000000000,0,0) buf=r0 = 0 "1,000,000,000"
31.2127 callstr 0x2e13c(257664,1000000,0,0) buf=r0 = 0 "1,000,000"
31.2288 callstr 0x2e13c(257664,2000000,0,0) buf=r0 = 0 "2,000,000"
31.2447 callstr 0x2e13c(257664,3000000,0,0) buf=r0 = 0 "3,000,000"
31.2607 callstr 0x2e13c(257664,4000000,0,0) buf=r0 = 0 "4,000,000"
31.2768 callstr 0x2e13c(257664,5000000,0,0) buf=r0 = 0 "5,000,000"
31.2927 callstr 0x2e13c(257664,40000000,0,0) buf=r0 = 0 "40,000,000"
31.3087 callstr 0x2e13c(257664,51000000,0,0) buf=r0 = 0 "51,000,000"
31.3248 callstr 0x2e13c(257664,101000000,0,0) buf=r0 = 0 "101,000,000"
31.3407 callstr 0x2e13c(257664,151000000,0,0) buf=r0 = 0 "151,000,000"
31.3567 callstr 0x2e13c(257664,201000000,0,0) buf=r0 = 0 "201,000,000"
31.3728 callstr 0x2e13c(257664,251000000,0,0) buf=r0 = 0 "251,000,000"
31.3887 callstr 0x2e13c(257664,301000000,0,0) buf=r0 = 0 "301,000,000"
31.4047 callstr 0x2e13c(257664,351000000,0,0) buf=r0 = 0 "351,000,000"
31.4208 callstr 0x2e13c(257664,401000000,0,0) buf=r0 = 0 "401,000,000"
31.4367 callstr 0x2e13c(257664,451000000,0,0) buf=r0 = 0 "451,000,000"
31.4527 callstr 0x2e13c(257664,501000000,0,0) buf=r0 = 0 "501,000,000"
31.4688 callstr 0x2e13c(257664,551000000,0,0) buf=r0 = 0 "551,000,000"
31.4847 callstr 0x2e13c(257664,601000000,0,0) buf=r0 = 0 "601,000,000"
31.5007 callstr 0x2e13c(257664,651000000,0,0) buf=r0 = 0 "651,000,000"
31.5168 callstr 0x2e13c(257664,701000000,0,0) buf=r0 = 0 "701,000,000"
31.5327 callstr 0x2e13c(257664,751000000,0,0) buf=r0 = 0 "751,000,000"
31.5487 callstr 0x2e13c(257664,801000000,0,0) buf=r0 = 0 "801,000,000"
31.5648 callstr 0x2e13c(257664,851000000,0,0) buf=r0 = 0 "851,000,000"
31.5809 callstr 0x2e13c(257664,901000000,0,0) buf=r0 = 0 "901,000,000"
31.5967 callstr 0x2e13c(257664,951000000,0,0) buf=r0 = 0 "951,000,000"
31.6128 callstr 0x2e13c(257664,998000000,0,0) buf=r0 = 0 "998,000,000"
31.6287 callstr 0x2e13c(257664,999000000,0,0) buf=r0 = 0 "999,000,000"
31.6447 callstr 0x2e13c(257664,1000000000,0,0) buf=r0 = 0 "1,000,000,000"
31.6608 callstr 0x2e13c(257664,1000000,0,0) buf=r0 = 0 "1,000,000"
31.6767 callstr 0x2e13c(257664,2000000,0,0) buf=r0 = 0 "2,000,000"
31.6927 callstr 0x2e13c(257664,3000000,0,0) buf=r0 = 0 "3,000,000"
31.7088 callstr 0x2e13c(257664,4000000,0,0) buf=r0 = 0 "4,000,000"
31.7247 callstr 0x2e13c(257664,5000000,0,0) buf=r0 = 0 "5,000,000"
31.7407 callstr 0x2e13c(257664,30000000,0,0) buf=r0 = 0 "30,000,000"
31.7568 callstr 0x2e13c(257664,51000000,0,0) buf=r0 = 0 "51,000,000"
31.7727 callstr 0x2e13c(257664,101000000,0,0) buf=r0 = 0 "101,000,000"
31.7887 callstr 0x2e13c(257664,151000000,0,0) buf=r0 = 0 "151,000,000"
31.8048 callstr 0x2e13c(257664,201000000,0,0) buf=r0 = 0 "201,000,000"
31.8207 callstr 0x2e13c(257664,251000000,0,0) buf=r0 = 0 "251,000,000"
31.8369 callstr 0x2e13c(257664,301000000,0,0) buf=r0 = 0 "301,000,000"
31.8528 callstr 0x2e13c(257664,351000000,0,0) buf=r0 = 0 "351,000,000"
31.8689 callstr 0x2e13c(257664,401000000,0,0) buf=r0 = 0 "401,000,000"
31.8847 callstr 0x2e13c(257664,451000000,0,0) buf=r0 = 0 "451,000,000"
31.9008 callstr 0x2e13c(257664,501000000,0,0) buf=r0 = 0 "501,000,000"
31.9167 callstr 0x2e13c(257664,551000000,0,0) buf=r0 = 0 "551,000,000"
31.9327 callstr 0x2e13c(257664,601000000,0,0) buf=r0 = 0 "601,000,000"
31.9488 callstr 0x2e13c(257664,651000000,0,0) buf=r0 = 0 "651,000,000"
31.9647 callstr 0x2e13c(257664,701000000,0,0) buf=r0 = 0 "701,000,000"
31.9807 callstr 0x2e13c(257664,751000000,0,0) buf=r0 = 0 "751,000,000"
31.9967 callstr 0x2e13c(257664,801000000,0,0) buf=r0 = 0 "801,000,000"
32.0127 callstr 0x2e13c(257664,851000000,0,0) buf=r0 = 0 "851,000,000"
32.0287 callstr 0x2e13c(257664,901000000,0,0) buf=r0 = 0 "901,000,000"
32.0448 callstr 0x2e13c(257664,951000000,0,0) buf=r0 = 0 "951,000,000"
32.0607 callstr 0x2e13c(257664,998000000,0,0) buf=r0 = 0 "998,000,000"
32.0767 callstr 0x2e13c(257664,999000000,0,0) buf=r0 = 0 "999,000,000"
32.0928 callstr 0x2e13c(257664,1000000000,0,0) buf=r0 = 0 "1,000,000,000"
32.1087 callstr 0x2e13c(257664,1000000,0,0) buf=r0 = 0 "1,000,000"
32.1247 callstr 0x2e13c(257664,2000000,0,0) buf=r0 = 0 "2,000,000"
32.1408 callstr 0x2e13c(257664,3000000,0,0) buf=r0 = 0 "3,000,000"
32.1567 callstr 0x2e13c(257664,4000000,0,0) buf=r0 = 0 "4,000,000"
32.1727 callstr 0x2e13c(257664,5000000,0,0) buf=r0 = 0 "5,000,000"
32.1888 callstr 0x2e13c(257664,25000000,0,0) buf=r0 = 0 "25,000,000"
32.2047 callstr 0x2e13c(257664,51000000,0,0) buf=r0 = 0 "51,000,000"
32.2207 callstr 0x2e13c(257664,101000000,0,0) buf=r0 = 0 "101,000,000"
32.2368 callstr 0x2e13c(257664,151000000,0,0) buf=r0 = 0 "151,000,000"
32.2527 callstr 0x2e13c(257664,201000000,0,0) buf=r0 = 0 "201,000,000"
32.2687 callstr 0x2e13c(257664,251000000,0,0) buf=r0 = 0 "251,000,000"
32.2848 callstr 0x2e13c(257664,301000000,0,0) buf=r0 = 0 "301,000,000"
32.3007 callstr 0x2e13c(257664,351000000,0,0) buf=r0 = 0 "351,000,000"
32.3167 callstr 0x2e13c(257664,401000000,0,0) buf=r0 = 0 "401,000,000"
32.3328 callstr 0x2e13c(257664,451000000,0,0) buf=r0 = 0 "451,000,000"
32.3489 callstr 0x2e13c(257664,501000000,0,0) buf=r0 = 0 "501,000,000"
32.3647 callstr 0x2e13c(257664,551000000,0,0) buf=r0 = 0 "551,000,000"
32.3808 callstr 0x2e13c(257664,601000000,0,0) buf=r0 = 0 "601,000,000"
32.3967 callstr 0x2e13c(257664,651000000,0,0) buf=r0 = 0 "651,000,000"
32.4127 callstr 0x2e13c(257664,701000000,0,0) buf=r0 = 0 "701,000,000"
32.4289 callstr 0x2e13c(257664,751000000,0,0) buf=r0 = 0 "751,000,000"
32.4447 callstr 0x2e13c(257664,801000000,0,0) buf=r0 = 0 "801,000,000"
32.4607 callstr 0x2e13c(257664,851000000,0,0) buf=r0 = 0 "851,000,000"
32.4768 callstr 0x2e13c(257664,901000000,0,0) buf=r0 = 0 "901,000,000"
32.4927 callstr 0x2e13c(257664,951000000,0,0) buf=r0 = 0 "951,000,000"
32.5087 callstr 0x2e13c(257664,998000000,0,0) buf=r0 = 0 "998,000,000"
32.5248 callstr 0x2e13c(257664,999000000,0,0) buf=r0 = 0 "999,000,000"
32.5407 callstr 0x2e13c(257664,1000000000,0,0) buf=r0 = 0 "1,000,000,000"
32.5567 callstr 0x32ac8(257664,0,0,0) buf=r0 = 0 "0"
32.5728 callstr 0x32ac8(257664,1,0,0) buf=r0 = 0 "1"
32.5887 callstr 0x32ac8(257664,2,0,0) buf=r0 = 0 "2"
32.6049 callstr 0x32ac8(257664,3,0,0) buf=r0 = 0 "3"
32.6208 callstr 0x32ac8(257664,4,0,0) buf=r0 = 0 "4"
32.6367 callstr 0x32ac8(257664,5,0,0) buf=r0 = 0 "5"
32.6527 callstr 0x32ac8(257664,0,0,0) buf=r0 = 0 "0"
32.6688 callstr 0x32ac8(257664,1,0,0) buf=r0 = 0 "1"
32.6847 callstr 0x32ac8(257664,2,0,0) buf=r0 = 0 "2"
32.7007 callstr 0x32ac8(257664,3,0,0) buf=r0 = 0 "3"
32.7168 callstr 0x32ac8(257664,0,0,0) buf=r0 = 0 "0"
32.7327 callstr 0x32ac8(257664,1,0,0) buf=r0 = 0 "1"
32.7487 callstr 0x32ac8(257664,2,0,0) buf=r0 = 0 "2"
32.7648 callstr 0x32ac8(257664,0,0,0) buf=r0 = 0 "0"
32.7807 callstr 0x32ac8(257664,1,0,0) buf=r0 = 0 "1"
32.7967 callstr 0x32ac8(257664,0,0,0) buf=r0 = 0 "0"
32.8128 callstr 0x32ac8(257664,1,0,0) buf=r0 = 0 "1"
32.8287 callstr 0x32ad8(257664,0,0,0) buf=r0 = 257664 "OFF"
32.8447 callstr 0x32ad8(257664,100,0,0) buf=r0 = 0 "100"
32.8609 callstr 0x32ad8(257664,200,0,0) buf=r0 = 0 "200"
32.8767 callstr 0x32ad8(257664,300,0,0) buf=r0 = 0 "300"
32.8927 callstr 0x32ad8(257664,400,0,0) buf=r0 = 0 "400"
32.9088 callstr 0x32ad8(257664,500,0,0) buf=r0 = 0 "500"
32.9247 callstr 0x32ad8(257664,600,0,0) buf=r0 = 0 "600"
32.9407 callstr 0x32ad8(257664,700,0,0) buf=r0 = 0 "700"
32.9568 callstr 0x32ad8(257664,800,0,0) buf=r0 = 0 "800"
32.9727 callstr 0x32ad8(257664,900,0,0) buf=r0 = 0 "900"
32.9887 callstr 0x32ad8(257664,1000,0,0) buf=r0 = 0 "1000"
33.0048 callstr 0x32ad8(257664,1100,0,0) buf=r0 = 0 "1100"
33.0226 callstr 0x32ad8(257664,1200,0,0) buf=r0 = 0 "1200"
33.0370 callstr 0x32ad8(257664,1300,0,0) buf=r0 = 0 "1300"
33.0530 callstr 0x32ad8(257664,1400,0,0) buf=r0 = 0 "1400"
33.0690 callstr 0x32ad8(257664,1500,0,0) buf=r0 = 0 "1500"
33.0850 callstr 0x32ad8(257664,1600,0,0) buf=r0 = 0 "1600"
33.1010 callstr 0x32ad8(257664,1700,0,0) buf=r0 = 0 "1700"
33.1171 callstr 0x32ad8(257664,1800,0,0) buf=r0 = 0 "1800"
33.1330 callstr 0x32ad8(257664,1900,0,0) buf=r0 = 0 "1900"
33.1490 callstr 0x32ad8(257664,2000,0,0) buf=r0 = 0 "2000"
33.1650 callstr 0x32ad8(257664,2100,0,0) buf=r0 = 0 "2100"
33.1810 callstr 0x32ad8(257664,2200,0,0) buf=r0 = 0 "2200"
33.1970 callstr 0x32ad8(257664,2300,0,0) buf=r0 = 0 "2300"
33.2130 callstr 0x32ad8(257664,2400,0,0) buf=r0 = 0 "2400"
33.2290 callstr 0x32ad8(257664,2500,0,0) buf=r0 = 0 "2500"
33.2450 callstr 0x32ad8(257664,2600,0,0) buf=r0 = 0 "2600"
33.2610 callstr 0x32ad8(257664,2700,0,0) buf=r0 = 0 "2700"
33.2770 callstr 0x32ad8(257664,2800,0,0) buf=r0 = 0 "2800"
33.2930 callstr 0x32ad8(257664,2900,0,0) buf=r0 = 0 "2900"
33.3090 callstr 0x32ad8(257664,3000,0,0) buf=r0 = 0 "3000"
33.3250 callstr 0x32ad8(257664,3100,0,0) buf=r0 = 0 "3100"
33.3410 callstr 0x32ad8(257664,3200,0,0) buf=r0 = 0 "3200"
33.3570 callstr 0x32ad8(257664,3300,0,0) buf=r0 = 0 "3300"
33.3731 callstr 0x32ad8(257664,3400,0,0) buf=r0 = 0 "3400"
33.3890 callstr 0x32ad8(257664,3500,0,0) buf=r0 = 0 "3500"
33.4050 callstr 0x32ad8(257664,3600,0,0) buf=r0 = 0 "3600"
33.4210 callstr 0x32ad8(257664,3700,0,0) buf=r0 = 0 "3700"
33.4370 callstr 0x32ad8(257664,3800,0,0) buf=r0 = 0 "3800"
33.4530 callstr 0x32ad8(257664,3900,0,0) buf=r0 = 0 "3900"
33.4690 callstr 0x32ad8(257664,4000,0,0) buf=r0 = 0 "4000"
33.4850 callstr 0x32ad8(257664,4100,0,0) buf=r0 = 0 "4100"
33.5010 callstr 0x32ad8(257664,4200,0,0) buf=r0 = 0 "4200"
33.5170 callstr 0x32ad8(257664,4300,0,0) buf=r0 = 0 "4300"
33.5330 callstr 0x32ad8(257664,4400,0,0) buf=r0 = 0 "4400"
33.5490 callstr 0x32ad8(257664,4500,0,0) buf=r0 = 0 "4500"
33.5650 callstr 0x32ad8(257664,4600,0,0) buf=r0 = 0 "4600"
33.5810 callstr 0x32ad8(257664,4700,0,0) buf=r0 = 0 "4700"
33.5970 callstr 0x32ad8(257664,4800,0,0) buf=r0 = 0 "4800"
33.6130 callstr 0x32ad8(257664,4900,0,0) buf=r0 = 0 "4900"
33.6290 callstr 0x32ad8(257664,5000,0,0) buf=r0 = 0 "5000"
33.6450 callstr 0x32ad8(257664,5100,0,0) buf=r0 = 0 "5100"
33.6610 callstr 0x32ad8(257664,5200,0,0) buf=r0 = 0 "5200"
33.6770 callstr 0x32ad8(257664,5300,0,0) buf=r0 = 0 "5300"
33.6930 callstr 0x32ad8(257664,5400,0,0) buf=r0 = 0 "5400"
33.7090 callstr 0x32ad8(257664,5500,0,0) buf=r0 = 0 "5500"
33.7250 callstr 0x32ad8(257664,5600,0,0) buf=r0 = 0 "5600"
33.7410 callstr 0x32ad8(257664,5700,0,0) buf=r0 = 0 "5700"
33.7570 callstr 0x32ad8(257664,5800,0,0) buf=r0 = 0 "5800"
33.7730 callstr 0x32ad8(257664,5900,0,0) buf=r0 = 0 "5900"
33.7890 callstr 0x32ad8(257664,6000,0,0) buf=r0 = 0 "6000"
33.8050 callstr 0x32ad8(257664,6100,0,0) buf=r0 = 0 "6100"
33.8210 callstr 0x32ad8(257664,6200,0,0) buf=r0 = 0 "6200"
33.8370 callstr 0x32ad8(257664,6300,0,0) buf=r0 = 0 "6300"
33.8531 callstr 0x32ad8(257664,6400,0,0) buf=r0 = 0 "6400"
33.8690 callstr 0x32ad8(257664,6500,0,0) buf=r0 = 0 "6500"
33.8851 callstr 0x32ad8(257664,6600,0,0) buf=r0 = 0 "6600"
33.9010 callstr 0x32ad8(257664,6700,0,0) buf=r0 = 0 "6700"
33.9170 callstr 0x32ad8(257664,6800,0,0) buf=r0 = 0 "6800"
33.9330 callstr 0x32ad8(257664,6900,0,0) buf=r0 = 0 "6900"
33.9490 callstr 0x32ad8(257664,7000,0,0) buf=r0 = 0 "7000"
33.9651 callstr 0x32ad8(257664,7100,0,0) buf=r0 = 0 "7100"
33.9810 callstr 0x32ad8(257664,7200,0,0) buf=r0 = 0 "7200"
33.9970 callstr 0x32ad8(257664,7300,0,0) buf=r0 = 0 "7300"
34.0130 callstr 0x32ad8(257664,7400,0,0) buf=r0 = 0 "7400"
34.0290 callstr 0x32ad8(257664,7500,0,0) buf=r0 = 0 "7500"
34.0450 callstr 0x32ad8(257664,7600,0,0) buf=r0 = 0 "7600"
34.0610 callstr 0x32ad8(257664,7700,0,0) buf=r0 = 0 "7700"
34.0770 callstr 0x32ad8(257664,7800,0,0) buf=r0 = 0 "7800"
34.0930 callstr 0x32ad8(257664,7900,0,0) buf=r0 = 0 "7900"
34.1090 callstr 0x32ad8(257664,8000,0,0) buf=r0 = 0 "8000"
34.1250 callstr 0x32ad8(257664,8100,0,0) buf=r0 = 0 "8100"
34.1411 callstr 0x32ad8(257664,8200,0,0) buf=r0 = 0 "8200"
34.1570 callstr 0x32ad8(257664,8300,0,0) buf=r0 = 0 "8300"
34.1730 callstr 0x32ad8(257664,8400,0,0) buf=r0 = 0 "8400"
34.1890 callstr 0x32ad8(257664,8500,0,0) buf=r0 = 0 "8500"
34.2050 callstr 0x32ad8(257664,8600,0,0) buf=r0 = 0 "8600"
34.2210 callstr 0x32ad8(257664,8700,0,0) buf=r0 = 0 "8700"
34.2370 callstr 0x32ad8(257664,8800,0,0) buf=r0 = 0 "8800"
34.2530 callstr 0x32ad8(257664,8900,0,0) buf=r0 = 0 "8900"
34.2690 callstr 0x32ad8(257664,9000,0,0) buf=r0 = 0 "9000"
34.2850 callstr 0x32ad8(257664,9100,0,0) buf=r0 = 0 "9100"
34.3010 callstr 0x32ad8(257664,9200,0,0) buf=r0 = 0 "9200"
34.3170 callstr 0x32ad8(257664,9300,0,0) buf=r0 = 0 "9300"
34.3330 callstr 0x32ad8(257664,9400,0,0) buf=r0 = 0 "9400"
34.3490 callstr 0x32ad8(257664,9500,0,0) buf=r0 = 0 "9500"
34.3650 callstr 0x32ad8(257664,9600,0,0) buf=r0 = 0 "9600"
34.3810 callstr 0x32ad8(257664,9700,0,0) buf=r0 = 0 "9700"
34.3970 callstr 0x32ad8(257664,9800,0,0) buf=r0 = 0 "9800"
34.4130 callstr 0x32ad8(257664,9900,0,0) buf=r0 = 0 "9900"
34.4290 callstr 0x32a84(257664,30,0,0) buf=r0 = 0 "30"
34.4450 callstr 0x32a84(257664,31,0,0) buf=r0 = 0 "31"
34.4610 callstr 0x32a84(257664,32,0,0) buf=r0 = 0 "32"
34.4770 callstr 0x32a84(257664,33,0,0) buf=r0 = 0 "33"
34.4930 callstr 0x32a84(257664,34,0,0) buf=r0 = 0 "34"
34.5090 callstr 0x32a84(257664,35,0,0) buf=r0 = 0 "35"
34.5250 callstr 0x32a84(257664,36,0,0) buf=r0 = 0 "36"
34.5410 callstr 0x32a84(257664,37,0,0) buf=r0 = 0 "37"
34.5570 callstr 0x32a84(257664,38,0,0) buf=r0 = 0 "38"
34.5730 callstr 0x32a84(257664,39,0,0) buf=r0 = 0 "39"
34.5890 callstr 0x32a84(257664,40,0,0) buf=r0 = 0 "40"
34.6050 callstr 0x32a84(257664,41,0,0) buf=r0 = 0 "41"
34.6210 callstr 0x32a84(257664,42,0,0) buf=r0 = 0 "42"
34.6370 callstr 0x32a84(257664,43,0,0) buf=r0 = 0 "43"
34.6531 callstr 0x32a84(257664,44,0,0) buf=r0 = 0 "44"
34.6690 callstr 0x32a84(257664,45,0,0) buf=r0 = 0 "45"
34.6850 callstr 0x32a84(257664,46,0,0) buf=r0 = 0 "46"
34.7010 callstr 0x32a84(257664,47,0,0) buf=r0 = 0 "47"
34.7170 callstr 0x32a84(257664,48,0,0) buf=r0 = 0 "48"
34.7330 callstr 0x32a84(257664,49,0,0) buf=r0 = 0 "49"
34.7490 callstr 0x32a84(257664,50,0,0) buf=r0 = 0 "50"
34.7650 callstr 0x32a84(257664,51,0,0) buf=r0 = 0 "51"
34.7810 callstr 0x32a84(257664,52,0,0) buf=r0 = 0 "52"
34.7970 callstr 0x32a84(257664,53,0,0) buf=r0 = 0 "53"
34.8130 callstr 0x32a84(257664,54,0,0) buf=r0 = 0 "54"
34.8290 callstr 0x32a84(257664,55,0,0) buf=r0 = 0 "55"
34.8451 callstr 0x32a84(257664,56,0,0) buf=r0 = 0 "56"
34.8610 callstr 0x32a84(257664,57,0,0) buf=r0 = 0 "57"
34.8770 callstr 0x32a84(257664,58,0,0) buf=r0 = 0 "58"
34.8930 callstr 0x32a84(257664,59,0,0) buf=r0 = 0 "59"
34.9091 callstr 0x32a84(257664,60,0,0) buf=r0 = 0 "60"
34.9250 callstr 0x32a84(257664,61,0,0) buf=r0 = 257664 "OFF"
34.9410 callstr 0x32ac8(257664,15,0,0) buf=r0 = 0 "15"
34.9570 callstr 0x32ac8(257664,16,0,0) buf=r0 = 0 "16"
34.9730 callstr 0x32ac8(257664,17,0,0) buf=r0 = 0 "17"
34.9890 callstr 0x32ac8(257664,18,0,0) buf=r0 = 0 "18"
35.0050 callstr 0x32ac8(257664,19,0,0) buf=r0 = 0 "19"
35.0210 callstr 0x32ac8(257664,20,0,0) buf=r0 = 0 "20"
35.0390 callstr 0x32ac8(257664,21,0,0) buf=r0 = 0 "21"
35.0532 callstr 0x32ac8(257664,22,0,0) buf=r0 = 0 "22"
35.0693 callstr 0x32ac8(257664,23,0,0) buf=r0 = 0 "23"
35.0852 callstr 0x32ac8(257664,24,0,0) buf=r0 = 0 "24"
35.1012 callstr 0x32ac8(257664,25,0,0) buf=r0 = 0 "25"
35.1172 callstr 0x32ac8(257664,26,0,0) buf=r0 = 0 "26"
35.1332 callstr 0x32ac8(257664,27,0,0) buf=r0 = 0 "27"
35.1492 callstr 0x32ac8(257664,28,0,0) buf=r0 = 0 "28"
35.1653 callstr 0x32ac8(257664,29,0,0) buf=r0 = 0 "29"
35.1812 callstr 0x32ac8(257664,30,0,0) buf=r0 = 0 "30"
35.1972 callstr 0x32ac8(257664,31,0,0) buf=r0 = 0 "31"
35.2133 callstr 0x32ac8(257664,32,0,0) buf=r0 = 0 "32"
35.2292 callstr 0x32ac8(257664,33,0,0) buf=r0 = 0 "33"
35.2452 callstr 0x32ac8(257664,34,0,0) buf=r0 = 0 "34"
35.2613 callstr 0x32ac8(257664,35,0,0) buf=r0 = 0 "35"
35.2772 callstr 0x32ac8(257664,36,0,0) buf=r0 = 0 "36"
35.2932 callstr 0x32ac8(257664,37,0,0) buf=r0 = 0 "37"
35.3093 callstr 0x32ac8(257664,38,0,0) buf=r0 = 0 "38"
35.3252 callstr 0x32ac8(257664,39,0,0) buf=r0 = 0 "39"
35.3413 callstr 0x32ac8(257664,40,0,0) buf=r0 = 0 "40"
35.3572 callstr 0x32ac8(257664,41,0,0) buf=r0 = 0 "41"
35.3732 callstr 0x32ac8(257664,42,0,0) buf=r0 = 0 "42"
35.3892 callstr 0x32ac8(257664,43,0,0) buf=r0 = 0 "43"
35.4053 callstr 0x32ac8(257664,44,0,0) buf=r0 = 0 "44"
35.4214 callstr 0x32ac8(257664,45,0,0) buf=r0 = 0 "45"
35.4372 callstr 0x32ac8(257664,4,0,0) buf=r0 = 0 "4"
35.4533 callstr 0x32ac8(257664,5,0,0) buf=r0 = 0 "5"
35.4692 callstr 0x32ac8(257664,6,0,0) buf=r0 = 0 "6"
35.4852 callstr 0x32ac8(257664,7,0,0) buf=r0 = 0 "7"
35.5014 callstr 0x32ac8(257664,8,0,0) buf=r0 = 0 "8"
35.5172 callstr 0x32ac8(257664,1,0,0) buf=r0 = 0 "1"
35.5332 callstr 0x32ac8(257664,2,0,0) buf=r0 = 0 "2"
35.5493 callstr 0x32ac8(257664,3,0,0) buf=r0 = 0 "3"
35.5652 callstr 0x32ac8(257664,4,0,0) buf=r0 = 0 "4"
35.5812 callstr 0x32ac8(257664,5,0,0) buf=r0 = 0 "5"
35.5973 callstr 0x1006d34(257664,4,0,0) buf=r0 = 257664 "NONE"
35.6132 callstr 0x1006d34(257664,5,0,0) buf=r0 = 0 "5"
35.6292 callstr 0x1006d34(257664,6,0,0) buf=r0 = 0 "6"
35.6453 callstr 0x1006d34(257664,7,0,0) buf=r0 = 0 "7"
35.6612 callstr 0x1006d34(257664,8,0,0) buf=r0 = 0 "8"
35.6774 callstr 0x1006d34(257664,9,0,0) buf=r0 = 0 "9"
35.6933 callstr 0x1006d34(257664,10,0,0) buf=r0 = 0 "10"
35.7092 callstr 0x1006d34(257664,11,0,0) buf=r0 = 0 "11"
35.7252 callstr 0x1006d34(257664,12,0,0) buf=r0 = 0 "12"
35.7413 callstr 0x1006d34(257664,13,0,0) buf=r0 = 0 "13"
35.7572 callstr 0x1006d34(257664,14,0,0) buf=r0 = 0 "14"
35.7732 callstr 0x1006d34(257664,15,0,0) buf=r0 = 0 "15"
35.7893 callstr 0x1006d34(257664,16,0,0) buf=r0 = 0 "16"
35.8052 callstr 0x1006d34(257664,17,0,0) buf=r0 = 0 "17"
35.8212 callstr 0x1006d34(257664,18,0,0) buf=r0 = 0 "18"
35.8374 callstr 0x1006d34(257664,19,0,0) buf=r0 = 0 "19"
35.8532 callstr 0x1006d34(257664,20,0,0) buf=r0 = 0 "20"
35.8692 callstr 0x101bb68(257664,0,0,0) buf=r0 = 257664 "NONE"
35.8853 callstr 0x101bb68(257664,1,0,0) buf=r0 = 0 "1 SECOND"
35.9012 callstr 0x101bb68(257664,2,0,0) buf=r0 = 0 "2 SECONDS"
35.9172 callstr 0x101bb68(257664,3,0,0) buf=r0 = 0 "3 SECONDS"
35.9333 callstr 0x101bb68(257664,4,0,0) buf=r0 = 0 "4 SECONDS"
35.9492 callstr 0x101bb68(257664,5,0,0) buf=r0 = 0 "5 SECONDS"
35.9652 callstr 0x101bb68(257664,6,0,0) buf=r0 = 0 "6 SECONDS"
35.9813 callstr 0x101bb68(257664,7,0,0) buf=r0 = 0 "7 SECONDS"
35.9972 callstr 0x101bb68(257664,8,0,0) buf=r0 = 0 "8 SECONDS"
36.0132 callstr 0x101bb68(257664,9,0,0) buf=r0 = 0 "9 SECONDS"
36.0293 callstr 0x101bb68(257664,10,0,0) buf=r0 = 0 "10 SECONDS"
36.0452 callstr 0x101bb68(257664,11,0,0) buf=r0 = 0 "11 SECONDS"
36.0612 callstr 0x101bb68(257664,12,0,0) buf=r0 = 0 "12 SECONDS"
36.0773 callstr 0x101bb68(257664,13,0,0) buf=r0 = 0 "13 SECONDS"
36.0932 callstr 0x101bb68(257664,14,0,0) buf=r0 = 0 "14 SECONDS"
36.1092 callstr 0x101bb68(257664,15,0,0) buf=r0 = 0 "15 SECONDS"
36.1253 callstr 0x101bb68(257664,16,0,0) buf=r0 = 0 "16 SECONDS"
36.1412 callstr 0x101bb68(257664,17,0,0) buf=r0 = 0 "17 SECONDS"
36.1572 callstr 0x101bb68(257664,18,0,0) buf=r0 = 0 "18 SECONDS"
36.1733 callstr 0x101bb68(257664,19,0,0) buf=r0 = 0 "19 SECONDS"
36.1894 callstr 0x101bb68(257664,20,0,0) buf=r0 = 0 "20 SECONDS"
36.2052 callstr 0x32ac8(257664,20,0,0) buf=r0 = 0 "20"
36.2213 callstr 0x32ac8(257664,21,0,0) buf=r0 = 0 "21"
36.2372 callstr 0x32ac8(257664,22,0,0) buf=r0 = 0 "22"
36.2532 callstr 0x32ac8(257664,23,0,0) buf=r0 = 0 "23"
36.2693 callstr 0x32ac8(257664,24,0,0) buf=r0 = 0 "24"
36.2852 callstr 0x32ac8(257664,25,0,0) buf=r0 = 0 "25"
36.3012 callstr 0x32ac8(257664,26,0,0) buf=r0 = 0 "26"
36.3173 callstr 0x32ac8(257664,27,0,0) buf=r0 = 0 "27"
36.3332 callstr 0x32ac8(257664,28,0,0) buf=r0 = 0 "28"
36.3492 callstr 0x32ac8(257664,29,0,0) buf=r0 = 0 "29"
36.3653 callstr 0x32ac8(257664,30,0,0) buf=r0 = 0 "30"
36.3812 callstr 0x32ac8(257664,31,0,0) buf=r0 = 0 "31"
36.3972 callstr 0x32ac8(257664,32,0,0) buf=r0 = 0 "32"
36.4133 callstr 0x32ac8(257664,33,0,0) buf=r0 = 0 "33"
36.4292 callstr 0x32ac8(257664,34,0,0) buf=r0 = 0 "34"
36.4454 callstr 0x32ac8(257664,35,0,0) buf=r0 = 0 "35"
36.4613 callstr 0x32ac8(257664,36,0,0) buf=r0 = 0 "36"
36.4772 callstr 0x32ac8(257664,37,0,0) buf=r0 = 0 "37"
36.4932 callstr 0x32ac8(257664,38,0,0) buf=r0 = 0 "38"
36.5093 callstr 0x32ac8(257664,39,0,0) buf=r0 = 0 "39"
36.5252 callstr 0x32ac8(257664,40,0,0) buf=r0 = 0 "40"
36.5412 callstr 0x32ac8(257664,20,0,0) buf=r0 = 0 "20"
36.5573 callstr 0x32ac8(257664,21,0,0) buf=r0 = 0 "21"
36.5732 callstr 0x32ac8(257664,22,0,0) buf=r0 = 0 "22"
36.5892 callstr 0x32ac8(257664,23,0,0) buf=r0 = 0 "23"
36.6053 callstr 0x32ac8(257664,24,0,0) buf=r0 = 0 "24"
36.6212 callstr 0x32ac8(257664,25,0,0) buf=r0 = 0 "25"
36.6372 callstr 0x32ac8(257664,26,0,0) buf=r0 = 0 "26"
36.6533 callstr 0x32ac8(257664,27,0,0) buf=r0 = 0 "27"
36.6692 callstr 0x32ac8(257664,28,0,0) buf=r0 = 0 "28"
36.6852 callstr 0x32ac8(257664,29,0,0) buf=r0 = 0 "29"
36.7013 callstr 0x32ac8(257664,30,0,0) buf=r0 = 0 "30"
36.7172 callstr 0x32ac8(257664,31,0,0) buf=r0 = 0 "31"
36.7332 callstr 0x32ac8(257664,32,0,0) buf=r0 = 0 "32"
36.7493 callstr 0x32ac8(257664,33,0,0) buf=r0 = 0 "33"
36.7652 callstr 0x32ac8(257664,34,0,0) buf=r0 = 0 "34"
36.7812 callstr 0x32ac8(257664,35,0,0) buf=r0 = 0 "35"
36.7973 callstr 0x32ac8(257664,36,0,0) buf=r0 = 0 "36"
36.8132 callstr 0x32ac8(257664,37,0,0) buf=r0 = 0 "37"
36.8294 callstr 0x32ac8(257664,38,0,0) buf=r0 = 0 "38"
36.8453 callstr 0x32ac8(257664,39,0,0) buf=r0 = 0 "39"
36.8612 callstr 0x32ac8(257664,40,0,0) buf=r0 = 0 "40"
36.8772 callstr 0x32ac8(257664,20,0,0) buf=r0 = 0 "20"
36.8933 callstr 0x32ac8(257664,21,0,0) buf=r0 = 0 "21"
36.9092 callstr 0x32ac8(257664,22,0,0) buf=r0 = 0 "22"
36.9252 callstr 0x32ac8(257664,23,0,0) buf=r0 = 0 "23"
36.9413 callstr 0x32ac8(257664,24,0,0) buf=r0 = 0 "24"
36.9574 callstr 0x32ac8(257664,25,0,0) buf=r0 = 0 "25"
36.9732 callstr 0x32ac8(257664,26,0,0) buf=r0 = 0 "26"
36.9893 callstr 0x32ac8(257664,27,0,0) buf=r0 = 0 "27"
37.0052 callstr 0x32ac8(257664,28,0,0) buf=r0 = 0 "28"
37.0212 callstr 0x32ac8(257664,29,0,0) buf=r0 = 0 "29"
37.0373 callstr 0x32ac8(257664,30,0,0) buf=r0 = 0 "30"
37.0532 callstr 0x32ac8(257664,31,0,0) buf=r0 = 0 "31"
37.0695 callstr 0x32ac8(257664,32,0,0) buf=r0 = 0 "32"
37.0855 callstr 0x32ac8(257664,33,0,0) buf=r0 = 0 "33"
37.1015 callstr 0x32ac8(257664,34,0,0) buf=r0 = 0 "34"
37.1175 callstr 0x32ac8(257664,35,0,0) buf=r0 = 0 "35"
37.1335 callstr 0x32ac8(257664,36,0,0) buf=r0 = 0 "36"
37.1495 callstr 0x32ac8(257664,37,0,0) buf=r0 = 0 "37"
37.1655 callstr 0x32ac8(257664,38,0,0) buf=r0 = 0 "38"
37.1815 callstr 0x32ac8(257664,39,0,0) buf=r0 = 0 "39"
37.1975 callstr 0x32ac8(257664,40,0,0) buf=r0 = 0 "40"
37.2136 callstr 0x32ac8(257664,1,0,0) buf=r0 = 0 "1"
37.2295 callstr 0x32ac8(257664,2,0,0) buf=r0 = 0 "2"
37.2455 callstr 0x32ac8(257664,4,0,0) buf=r0 = 0 "4"
37.2615 callstr 0x32ac8(257664,5,0,0) buf=r0 = 0 "5"
37.2775 callstr 0x32ac8(257664,6,0,0) buf=r0 = 0 "6"
37.2935 callstr 0x32ac8(257664,7,0,0) buf=r0 = 0 "7"
37.3095 callstr 0x32ac8(257664,8,0,0) buf=r0 = 0 "8"
37.3255 callstr 0x32ac8(257664,9,0,0) buf=r0 = 0 "9"
37.3415 callstr 0x32ac8(257664,10,0,0) buf=r0 = 0 "10"
37.3575 callstr 0x10041f8(257664,1,0,0) buf=r0 = 0 "1"
37.3735 callstr 0x10041f8(257664,2,0,0) buf=r0 = 0 "2"
37.3895 callstr 0x10041f8(257664,3,0,0) buf=r0 = 0 "3"
37.4055 callstr 0x32ac8(257664,-60,0,0) buf=r0 = 0 "-60"
37.4215 callstr 0x32ac8(257664,-59,0,0) buf=r0 = 0 "-59"
37.4375 callstr 0x32ac8(257664,-58,0,0) buf=r0 = 0 "-58"
37.4535 callstr 0x32ac8(257664,-57,0,0) buf=r0 = 0 "-57"
37.4695 callstr 0x32ac8(257664,-56,0,0) buf=r0 = 0 "-56"
37.4855 callstr 0x32ac8(257664,-55,0,0) buf=r0 = 0 "-55"
37.5015 callstr 0x32ac8(257664,-54,0,0) buf=r0 = 0 "-54"
37.5175 callstr 0x32ac8(257664,-53,0,0) buf=r0 = 0 "-53"
37.5335 callstr 0x32ac8(257664,-52,0,0) buf=r0 = 0 "-52"
37.5495 callstr 0x32ac8(257664,-51,0,0) buf=r0 = 0 "-51"
37.5655 callstr 0x32ac8(257664,-50,0,0) buf=r0 = 0 "-50"
37.5815 callstr 0x32ac8(257664,-49,0,0) buf=r0 = 0 "-49"
37.5975 callstr 0x32ac8(257664,-48,0,0) buf=r0 = 0 "-48"
37.6135 callstr 0x32ac8(257664,-47,0,0) buf=r0 = 0 "-47"
37.6295 callstr 0x32ac8(257664,-46,0,0) buf=r0 = 0 "-46"
37.6455 callstr 0x32ac8(257664,-45,0,0) buf=r0 = 0 "-45"
37.6615 callstr 0x32ac8(257664,-44,0,0) buf=r0 = 0 "-44"
37.6775 callstr 0x32ac8(257664,-43,0,0) buf=r0 = 0 "-43"
37.6935 callstr 0x32ac8(257664,-42,0,0) buf=r0 = 0 "-42"
37.7095 callstr 0x32ac8(257664,-41,0,0) buf=r0 = 0 "-41"
37.7256 callstr 0x32ac8(257664,-40,0,0) buf=r0 = 0 "-40"
37.7415 callstr 0x32ac8(257664,-39,0,0) buf=r0 = 0 "-39"
37.7575 callstr 0x32ac8(257664,-38,0,0) buf=r0 = 0 "-38"
37.7735 callstr 0x32ac8(257664,-37,0,0) buf=r0 = 0 "-37"
37.7895 callstr 0x32ac8(257664,-36,0,0) buf=r0 = 0 "-36"
37.8055 callstr 0x32ac8(257664,-35,0,0) buf=r0 = 0 "-35"
37.8216 callstr 0x32ac8(257664,-34,0,0) buf=r0 = 0 "-34"
37.8375 callstr 0x32ac8(257664,-33,0,0) buf=r0 = 0 "-33"
37.8535 callstr 0x32ac8(257664,-32,0,0) buf=r0 = 0 "-32"
37.8695 callstr 0x32ac8(257664,-31,0,0) buf=r0 = 0 "-31"
37.8855 callstr 0x32ac8(257664,-30,0,0) buf=r0 = 0 "-30"
37.9015 callstr 0x32ac8(257664,-29,0,0) buf=r0 = 0 "-29"
37.9175 callstr 0x32ac8(257664,-28,0,0) buf=r0 = 0 "-28"
37.9335 callstr 0x32ac8(257664,-27,0,0) buf=r0 = 0 "-27"
37.9495 callstr 0x32ac8(257664,-26,0,0) buf=r0 = 0 "-26"
37.9655 callstr 0x32ac8(257664,-25,0,0) buf=r0 = 0 "-25"
37.9816 callstr 0x32ac8(257664,-24,0,0) buf=r0 = 0 "-24"
37.9975 callstr 0x32ac8(257664,-23,0,0) buf=r0 = 0 "-23"
38.0135 callstr 0x32ac8(257664,-22,0,0) buf=r0 = 0 "-22"
38.0295 callstr 0x32ac8(257664,-21,0,0) buf=r0 = 0 "-21"
38.0455 callstr 0x32ac8(257664,-20,0,0) buf=r0 = 0 "-20"
38.0615 callstr 0x32ac8(257664,-19,0,0) buf=r0 = 0 "-19"
38.0775 callstr 0x32ac8(257664,-18,0,0) buf=r0 = 0 "-18"
38.0935 callstr 0x32ac8(257664,-17,0,0) buf=r0 = 0 "-17"
38.1095 callstr 0x32ac8(257664,-16,0,0) buf=r0 = 0 "-16"
38.1255 callstr 0x32ac8(257664,-15,0,0) buf=r0 = 0 "-15"
38.1415 callstr 0x32ac8(257664,-14,0,0) buf=r0 = 0 "-14"
38.1575 callstr 0x32ac8(257664,-13,0,0) buf=r0 = 0 "-13"
38.1735 callstr 0x32ac8(257664,-12,0,0) buf=r0 = 0 "-12"
38.1895 callstr 0x32ac8(257664,-11,0,0) buf=r0 = 0 "-11"
38.2055 callstr 0x32ac8(257664,-10,0,0) buf=r0 = 0 "-10"
38.2215 callstr 0x32ac8(257664,-9,0,0) buf=r0 = 0 "-9"
38.2375 callstr 0x32ac8(257664,-8,0,0) buf=r0 = 0 "-8"
38.2535 callstr 0x32ac8(257664,-7,0,0) buf=r0 = 0 "-7"
38.2695 callstr 0x32ac8(257664,-6,0,0) buf=r0 = 0 "-6"
38.2855 callstr 0x32ac8(257664,-5,0,0) buf=r0 = 0 "-5"
38.3015 callstr 0x32ac8(257664,-4,0,0) buf=r0 = 0 "-4"
38.3175 callstr 0x32ac8(257664,-3,0,0) buf=r0 = 0 "-3"
38.3335 callstr 0x32ac8(257664,-2,0,0) buf=r0 = 0 "-2"
38.3495 callstr 0x32ac8(257664,-1,0,0) buf=r0 = 0 "-1"
38.3655 callstr 0x32ac8(257664,0,0,0) buf=r0 = 0 "0"
38.3815 callstr 0x32ac8(257664,1,0,0) buf=r0 = 0 "1"
38.3975 callstr 0x32ac8(257664,2,0,0) buf=r0 = 0 "2"
38.4135 callstr 0x32ac8(257664,3,0,0) buf=r0 = 0 "3"
38.4295 callstr 0x32ac8(257664,4,0,0) buf=r0 = 0 "4"
38.4455 callstr 0x32ac8(257664,5,0,0) buf=r0 = 0 "5"
38.4615 callstr 0x32ac8(257664,6,0,0) buf=r0 = 0 "6"
38.4775 callstr 0x32ac8(257664,7,0,0) buf=r0 = 0 "7"
38.4936 callstr 0x32ac8(257664,8,0,0) buf=r0 = 0 "8"
38.5095 callstr 0x32ac8(257664,9,0,0) buf=r0 = 0 "9"
38.5255 callstr 0x32ac8(257664,10,0,0) buf=r0 = 0 "10"
38.5415 callstr 0x32ac8(257664,11,0,0) buf=r0 = 0 "11"
38.5575 callstr 0x32ac8(257664,12,0,0) buf=r0 = 0 "12"
38.5736 callstr 0x32ac8(257664,13,0,0) buf=r0 = 0 "13"
38.5895 callstr 0x32ac8(257664,14,0,0) buf=r0 = 0 "14"
38.6055 callstr 0x32ac8(257664,15,0,0) buf=r0 = 0 "15"
38.6215 callstr 0x32ac8(257664,16,0,0) buf=r0 = 0 "16"
38.6375 callstr 0x32ac8(257664,17,0,0) buf=r0 = 0 "17"
38.6535 callstr 0x32ac8(257664,18,0,0) buf=r0 = 0 "18"
38.6695 callstr 0x32ac8(257664,19,0,0) buf=r0 = 0 "19"
38.6855 callstr 0x32ac8(257664,20,0,0) buf=r0 = 0 "20"
38.7015 callstr 0x32ac8(257664,21,0,0) buf=r0 = 0 "21"
38.7175 callstr 0x32ac8(257664,22,0,0) buf=r0 = 0 "22"
38.7335 callstr 0x32ac8(257664,23,0,0) buf=r0 = 0 "23"
38.7496 callstr 0x32ac8(257664,24,0,0) buf=r0 = 0 "24"
38.7655 callstr 0x32ac8(257664,25,0,0) buf=r0 = 0 "25"
38.7815 callstr 0x32ac8(257664,26,0,0) buf=r0 = 0 "26"
38.7975 callstr 0x32ac8(257664,27,0,0) buf=r0 = 0 "27"
38.8137 callstr 0x32ac8(257664,28,0,0) buf=r0 = 0 "28"
38.8295 callstr 0x32ac8(257664,29,0,0) buf=r0 = 0 "29"
38.8455 callstr 0x32ac8(257664,30,0,0) buf=r0 = 0 "30"
38.8615 callstr 0x32ac8(257664,31,0,0) buf=r0 = 0 "31"
38.8775 callstr 0x32ac8(257664,32,0,0) buf=r0 = 0 "32"
38.8935 callstr 0x32ac8(257664,33,0,0) buf=r0 = 0 "33"
38.9095 callstr 0x32ac8(257664,34,0,0) buf=r0 = 0 "34"
38.9255 callstr 0x32ac8(257664,35,0,0) buf=r0 = 0 "35"
38.9415 callstr 0x32ac8(257664,36,0,0) buf=r0 = 0 "36"
38.9575 callstr 0x32ac8(257664,37,0,0) buf=r0 = 0 "37"
38.9735 callstr 0x32ac8(257664,38,0,0) buf=r0 = 0 "38"
38.9895 callstr 0x32ac8(257664,39,0,0) buf=r0 = 0 "39"
39.0055 callstr 0x32ac8(257664,40,0,0) buf=r0 = 0 "40"
39.0215 callstr 0x32ac8(257664,41,0,0) buf=r0 = 0 "41"
39.0375 callstr 0x32ac8(257664,42,0,0) buf=r0 = 0 "42"
39.0535 callstr 0x32ac8(257664,43,0,0) buf=r0 = 0 "43"
39.0714 callstr 0x32ac8(257664,44,0,0) buf=r0 = 0 "44"
39.0857 callstr 0x32ac8(257664,45,0,0) buf=r0 = 0 "45"
39.1018 callstr 0x32ac8(257664,46,0,0) buf=r0 = 0 "46"
39.1177 callstr 0x32ac8(257664,47,0,0) buf=r0 = 0 "47"
39.1337 callstr 0x32ac8(257664,48,0,0) buf=r0 = 0 "48"
39.1498 callstr 0x32ac8(257664,49,0,0) buf=r0 = 0 "49"
39.1657 callstr 0x32ac8(257664,50,0,0) buf=r0 = 0 "50"
39.1817 callstr 0x32ac8(257664,51,0,0) buf=r0 = 0 "51"
39.1978 callstr 0x32ac8(257664,52,0,0) buf=r0 = 0 "52"
39.2137 callstr 0x32ac8(257664,53,0,0) buf=r0 = 0 "53"
39.2297 callstr 0x32ac8(257664,54,0,0) buf=r0 = 0 "54"
39.2457 callstr 0x32ac8(257664,55,0,0) buf=r0 = 0 "55"
39.2619 callstr 0x32ac8(257664,56,0,0) buf=r0 = 0 "56"
39.2777 callstr 0x32ac8(257664,57,0,0) buf=r0 = 0 "57"
39.2938 callstr 0x32ac8(257664,58,0,0) buf=r0 = 0 "58"
39.3098 callstr 0x32ac8(257664,59,0,0) buf=r0 = 0 "59"
39.3257 callstr 0x32ac8(257664,60,0,0) buf=r0 = 0 "60"
39.3418 callstr 0x32ac8(257664,-60,0,0) buf=r0 = 0 "-60"
39.3577 callstr 0x32ac8(257664,-59,0,0) buf=r0 = 0 "-59"
39.3737 callstr 0x32ac8(257664,-58,0,0) buf=r0 = 0 "-58"
39.3898 callstr 0x32ac8(257664,-57,0,0) buf=r0 = 0 "-57"
39.4057 callstr 0x32ac8(257664,-56,0,0) buf=r0 = 0 "-56"
39.4217 callstr 0x32ac8(257664,-55,0,0) buf=r0 = 0 "-55"
39.4378 callstr 0x32ac8(257664,-54,0,0) buf=r0 = 0 "-54"
39.4537 callstr 0x32ac8(257664,-53,0,0) buf=r0 = 0 "-53"
39.4697 callstr 0x32ac8(257664,-52,0,0) buf=r0 = 0 "-52"
39.4858 callstr 0x32ac8(257664,-51,0,0) buf=r0 = 0 "-51"
39.5017 callstr 0x32ac8(257664,-50,0,0) buf=r0 = 0 "-50"
39.5179 callstr 0x32ac8(257664,-49,0,0) buf=r0 = 0 "-49"
39.5338 callstr 0x32ac8(257664,-48,0,0) buf=r0 = 0 "-48"
39.5497 callstr 0x32ac8(257664,-47,0,0) buf=r0 = 0 "-47"
39.5657 callstr 0x32ac8(257664,-46,0,0) buf=r0 = 0 "-46"
39.5818 callstr 0x32ac8(257664,-45,0,0) buf=r0 = 0 "-45"
39.5977 callstr 0x32ac8(257664,-44,0,0) buf=r0 = 0 "-44"
39.6137 callstr 0x32ac8(257664,-43,0,0) buf=r0 = 0 "-43"
39.6298 callstr 0x32ac8(257664,-42,0,0) buf=r0 = 0 "-42"
39.6457 callstr 0x32ac8(257664,-41,0,0) buf=r0 = 0 "-41"
39.6617 callstr 0x32ac8(257664,-40,0,0) buf=r0 = 0 "-40"
39.6778 callstr 0x32ac8(257664,-39,0,0) buf=r0 = 0 "-39"
39.6937 callstr 0x32ac8(257664,-38,0,0) buf=r0 = 0 "-38"
39.7097 callstr 0x32ac8(257664,-37,0,0) buf=r0 = 0 "-37"
39.7258 callstr 0x32ac8(257664,-36,0,0) buf=r0 = 0 "-36"
39.7417 callstr 0x32ac8(257664,-35,0,0) buf=r0 = 0 "-35"
39.7577 callstr 0x32ac8(257664,-34,0,0) buf=r0 = 0 "-34"
39.7738 callstr 0x32ac8(257664,-33,0,0) buf=r0 = 0 "-33"
39.7897 callstr 0x32ac8(257664,-32,0,0) buf=r0 = 0 "-32"
39.8059 callstr 0x32ac8(257664,-31,0,0) buf=r0 = 0 "-31"
39.8218 callstr 0x32ac8(257664,-30,0,0) buf=r0 = 0 "-30"
39.8377 callstr 0x32ac8(257664,-29,0,0) buf=r0 = 0 "-29"
39.8537 callstr 0x32ac8(257664,-28,0,0) buf=r0 = 0 "-28"
39.8697 callstr 0x32ac8(257664,-27,0,0) buf=r0 = 0 "-27"
39.8857 callstr 0x32ac8(257664,-26,0,0) buf=r0 = 0 "-26"
39.9017 callstr 0x32ac8(257664,-25,0,0) buf=r0 = 0 "-25"
39.9178 callstr 0x32ac8(257664,-24,0,0) buf=r0 = 0 "-24"
39.9337 callstr 0x32ac8(257664,-23,0,0) buf=r0 = 0 "-23"
39.9497 callstr 0x32ac8(257664,-22,0,0) buf=r0 = 0 "-22"
39.9658 callstr 0x32ac8(257664,-21,0,0) buf=r0 = 0 "-21"
39.9817 callstr 0x32ac8(257664,-20,0,0) buf=r0 = 0 "-20"
39.9977 callstr 0x32ac8(257664,-19,0,0) buf=r0 = 0 "-19"
40.0138 callstr 0x32ac8(257664,-18,0,0) buf=r0 = 0 "-18"
40.0299 callstr 0x32ac8(257664,-17,0,0) buf=r0 = 0 "-17"
40.0457 callstr 0x32ac8(257664,-16,0,0) buf=r0 = 0 "-16"
40.0618 callstr 0x32ac8(257664,-15,0,0) buf=r0 = 0 "-15"
40.0777 callstr 0x32ac8(257664,-14,0,0) buf=r0 = 0 "-14"
40.0937 callstr 0x32ac8(257664,-13,0,0) buf=r0 = 0 "-13"
40.1098 callstr 0x32ac8(257664,-12,0,0) buf=r0 = 0 "-12"
40.1257 callstr 0x32ac8(257664,-11,0,0) buf=r0 = 0 "-11"
40.1417 callstr 0x32ac8(257664,-10,0,0) buf=r0 = 0 "-10"
40.1577 callstr 0x32ac8(257664,-9,0,0) buf=r0 = 0 "-9"
40.1737 callstr 0x32ac8(257664,-8,0,0) buf=r0 = 0 "-8"
40.1897 callstr 0x32ac8(257664,-7,0,0) buf=r0 = 0 "-7"
40.2057 callstr 0x32ac8(257664,-6,0,0) buf=r0 = 0 "-6"
40.2217 callstr 0x32ac8(257664,-5,0,0) buf=r0 = 0 "-5"
40.2377 callstr 0x32ac8(257664,-4,0,0) buf=r0 = 0 "-4"
40.2537 callstr 0x32ac8(257664,-3,0,0) buf=r0 = 0 "-3"
40.2697 callstr 0x32ac8(257664,-2,0,0) buf=r0 = 0 "-2"
40.2859 callstr 0x32ac8(257664,-1,0,0) buf=r0 = 0 "-1"
40.3018 callstr 0x32ac8(257664,0,0,0) buf=r0 = 0 "0"
40.3177 callstr 0x32ac8(257664,1,0,0) buf=r0 = 0 "1"
40.3337 callstr 0x32ac8(257664,2,0,0) buf=r0 = 0 "2"
40.3497 callstr 0x32ac8(257664,3,0,0) buf=r0 = 0 "3"
40.3657 callstr 0x32ac8(257664,4,0,0) buf=r0 = 0 "4"
40.3817 callstr 0x32ac8(257664,5,0,0) buf=r0 = 0 "5"
40.3977 callstr 0x32ac8(257664,6,0,0) buf=r0 = 0 "6"
40.4137 callstr 0x32ac8(257664,7,0,0) buf=r0 = 0 "7"
40.4297 callstr 0x32ac8(257664,8,0,0) buf=r0 = 0 "8"
40.4457 callstr 0x32ac8(257664,9,0,0) buf=r0 = 0 "9"
40.4617 callstr 0x32ac8(257664,10,0,0) buf=r0 = 0 "10"
40.4777 callstr 0x32ac8(257664,11,0,0) buf=r0 = 0 "11"
40.4937 callstr 0x32ac8(257664,12,0,0) buf=r0 = 0 "12"
40.5097 callstr 0x32ac8(257664,13,0,0) buf=r0 = 0 "13"
40.5257 callstr 0x32ac8(257664,14,0,0) buf=r0 = 0 "14"
40.5417 callstr 0x32ac8(257664,15,0,0) buf=r0 = 0 "15"
40.5577 callstr 0x32ac8(257664,16,0,0) buf=r0 = 0 "16"
40.5737 callstr 0x32ac8(257664,17,0,0) buf=r0 = 0 "17"
40.5897 callstr 0x32ac8(257664,18,0,0) buf=r0 = 0 "18"
40.6057 callstr 0x32ac8(257664,19,0,0) buf=r0 = 0 "19"
40.6217 callstr 0x32ac8(257664,20,0,0) buf=r0 = 0 "20"
40.6377 callstr 0x32ac8(257664,21,0,0) buf=r0 = 0 "21"
40.6537 callstr 0x32ac8(257664,22,0,0) buf=r0 = 0 "22"
40.6697 callstr 0x32ac8(257664,23,0,0) buf=r0 = 0 "23"
40.6857 callstr 0x32ac8(257664,24,0,0) buf=r0 = 0 "24"
40.7017 callstr 0x32ac8(257664,25,0,0) buf=r0 = 0 "25"
40.7177 callstr 0x32ac8(257664,26,0,0) buf=r0 = 0 "26"
40.7337 callstr 0x32ac8(257664,27,0,0) buf=r0 = 0 "27"
40.7497 callstr 0x32ac8(257664,28,0,0) buf=r0 = 0 "28"
40.7657 callstr 0x32ac8(257664,29,0,0) buf=r0 = 0 "29"
40.7817 callstr 0x32ac8(257664,30,0,0) buf=r0 = 0 "30"
40.7980 callstr 0x32ac8(257664,31,0,0) buf=r0 = 0 "31"
40.8137 callstr 0x32ac8(257664,32,0,0) buf=r0 = 0 "32"
40.8297 callstr 0x32ac8(257664,33,0,0) buf=r0 = 0 "33"
40.8457 callstr 0x32ac8(257664,34,0,0) buf=r0 = 0 "34"
40.8617 callstr 0x32ac8(257664,35,0,0) buf=r0 = 0 "35"
40.8777 callstr 0x32ac8(257664,36,0,0) buf=r0 = 0 "36"
40.8937 callstr 0x32ac8(257664,37,0,0) buf=r0 = 0 "37"
40.9097 callstr 0x32ac8(257664,38,0,0) buf=r0 = 0 "38"
40.9257 callstr 0x32ac8(257664,39,0,0) buf=r0 = 0 "39"
40.9417 callstr 0x32ac8(257664,40,0,0) buf=r0 = 0 "40"
40.9577 callstr 0x32ac8(257664,41,0,0) buf=r0 = 0 "41"
40.9737 callstr 0x32ac8(257664,42,0,0) buf=r0 = 0 "42"
40.9897 callstr 0x32ac8(257664,43,0,0) buf=r0 = 0 "43"
41.0057 callstr 0x32ac8(257664,44,0,0) buf=r0 = 0 "44"
41.0217 callstr 0x32ac8(257664,45,0,0) buf=r0 = 0 "45"
41.0377 callstr 0x32ac8(257664,46,0,0) buf=r0 = 0 "46"
41.0539 callstr 0x32ac8(257664,47,0,0) buf=r0 = 0 "47"
41.0698 callstr 0x32ac8(257664,48,0,0) buf=r0 = 0 "48"
41.0876 callstr 0x32ac8(257664,49,0,0) buf=r0 = 0 "49"
41.1020 callstr 0x32ac8(257664,50,0,0) buf=r0 = 0 "50"
41.1180 callstr 0x32ac8(257664,51,0,0) buf=r0 = 0 "51"
41.1340 callstr 0x32ac8(257664,52,0,0) buf=r0 = 0 "52"
41.1500 callstr 0x32ac8(257664,53,0,0) buf=r0 = 0 "53"
41.1660 callstr 0x32ac8(257664,54,0,0) buf=r0 = 0 "54"
41.1820 callstr 0x32ac8(257664,55,0,0) buf=r0 = 0 "55"
41.1980 callstr 0x32ac8(257664,56,0,0) buf=r0 = 0 "56"
41.2140 callstr 0x32ac8(257664,57,0,0) buf=r0 = 0 "57"
41.2300 callstr 0x32ac8(257664,58,0,0) buf=r0 = 0 "58"
41.2460 callstr 0x32ac8(257664,59,0,0) buf=r0 = 0 "59"
41.2620 callstr 0x32ac8(257664,60,0,0) buf=r0 = 0 "60"
41.4700 end
